,capacity_veh_per_hour
1_4067,999999.0
1_4073,999999.0
1_4075,999999.0
1_8400,999999.0
2_4059,999999.0
2_4062,999999.0
2_4063,999999.0
2_4340,999999.0
3_3590,999999.0
3_3591,999999.0
3_4053,999999.0
3_4055,999999.0
4_3592,999999.0
4_3593,999999.0
4_4145,999999.0
5_4140,999999.0
5_4141,999999.0
5_4198,999999.0
5_4199,999999.0
6_3594,999999.0
6_3595,999999.0
6_3596,999999.0
6_4195,999999.0
7_3604,999999.0
7_4147,999999.0
7_4191,999999.0
8_3605,999999.0
8_4149,999999.0
8_4151,999999.0
8_4189,999999.0
9_3606,999999.0
9_3607,999999.0
9_4186,999999.0
9_4234,999999.0
10_3608,999999.0
10_4181,999999.0
10_4183,999999.0
10_4185,999999.0
11_3609,999999.0
11_3610,999999.0
11_4154,999999.0
12_3939,999999.0
12_3955,999999.0
12_3957,999999.0
12_3959,999999.0
13_3611,999999.0
13_3612,999999.0
13_4158,999999.0
14_4091,999999.0
14_4160,999999.0
14_4161,999999.0
15_3654,999999.0
15_3697,999999.0
15_3698,999999.0
15_3699,999999.0
16_3704,999999.0
16_4041,999999.0
16_4044,999999.0
17_3705,999999.0
17_4031,999999.0
17_4033,999999.0
18_3706,999999.0
18_3707,999999.0
18_4205,999999.0
19_4132,999999.0
19_4134,999999.0
19_4136,999999.0
19_4219,999999.0
20_4281,999999.0
20_4282,999999.0
20_4283,999999.0
20_4300,999999.0
21_3708,999999.0
21_3709,999999.0
21_3710,999999.0
21_3711,999999.0
22_3712,999999.0
22_4272,999999.0
22_4273,999999.0
23_3714,999999.0
23_3715,999999.0
23_3716,999999.0
23_3717,999999.0
24_3718,999999.0
24_4227,999999.0
24_4270,999999.0
24_4386,999999.0
25_3719,999999.0
25_3720,999999.0
25_3721,999999.0
25_4268,999999.0
26_3722,999999.0
26_3723,999999.0
26_3724,999999.0
26_3725,999999.0
27_3726,999999.0
27_4230,999999.0
27_4264,999999.0
27_4266,999999.0
28_3728,999999.0
28_3729,999999.0
29_3731,999999.0
29_3732,999999.0
29_3733,999999.0
29_3734,999999.0
30_3735,999999.0
30_3736,999999.0
30_3737,999999.0
30_4260,999999.0
31_4312,999999.0
31_4314,999999.0
31_4375,999999.0
31_4376,999999.0
32_3738,999999.0
32_3740,999999.0
32_3741,999999.0
32_3742,999999.0
33_3744,999999.0
33_3745,999999.0
33_3746,999999.0
33_4251,999999.0
34_3747,999999.0
34_3748,999999.0
34_3749,999999.0
34_3750,999999.0
35_4248,999999.0
35_4320,999999.0
35_4322,999999.0
36_4247,999999.0
36_8401,999999.0
36_8402,999999.0
37_3751,999999.0
37_3752,999999.0
37_3753,999999.0
37_4241,999999.0
38_3754,999999.0
38_3755,999999.0
38_3756,999999.0
38_4170,999999.0
39_4171,999999.0
39_4173,999999.0
39_4245,999999.0
40_3739,999999.0
40_3757,999999.0
40_3758,999999.0
40_3759,999999.0
41_3760,999999.0
41_3761,999999.0
41_3762,999999.0
41_3763,999999.0
42_3764,999999.0
42_3765,999999.0
42_3766,999999.0
42_3767,999999.0
43_3768,999999.0
43_3769,999999.0
43_3770,999999.0
43_3910,999999.0
44_3922,999999.0
44_3924,999999.0
44_3926,999999.0
44_3928,999999.0
45_3989,999999.0
45_4069,999999.0
45_4070,999999.0
45_4072,999999.0
46_3771,999999.0
46_3772,999999.0
46_3991,999999.0
46_3992,999999.0
47_3773,999999.0
47_3774,999999.0
47_4057,999999.0
47_4335,999999.0
48_3775,999999.0
49_3776,999999.0
49_4015,999999.0
49_4025,999999.0
50_3777,999999.0
50_3778,999999.0
50_4019,999999.0
51_3778,999999.0
51_3779,999999.0
51_3780,999999.0
51_4027,999999.0
52_3781,999999.0
52_3782,999999.0
52_3783,999999.0
53_4020,999999.0
54_4213,999999.0
55_3347,999999.0
55_3784,999999.0
55_3785,999999.0
55_5649,999999.0
56_3786,999999.0
56_3787,999999.0
56_3788,999999.0
56_3789,999999.0
57_3790,999999.0
57_3791,999999.0
57_3792,999999.0
57_3793,999999.0
58_3840,999999.0
58_3849,999999.0
58_3857,999999.0
58_4296,999999.0
59_4359,999999.0
60_3859,999999.0
60_3860,999999.0
60_3861,999999.0
61_4543,999999.0
62_3863,999999.0
62_3864,999999.0
62_3865,999999.0
62_3866,999999.0
63_3352,999999.0
63_3867,999999.0
63_3868,999999.0
63_3869,999999.0
64_3871,999999.0
64_3872,999999.0
64_3873,999999.0
64_3874,999999.0
65_3875,999999.0
65_3876,999999.0
65_3877,999999.0
65_3879,999999.0
66_3881,999999.0
66_3882,999999.0
66_3883,999999.0
66_3884,999999.0
67_3885,999999.0
67_3886,999999.0
67_3888,999999.0
67_13291,999999.0
68_3889,999999.0
68_3890,999999.0
68_3891,999999.0
68_3892,999999.0
69_5666,999999.0
69_5667,999999.0
69_5668,999999.0
69_5669,999999.0
70_4544,999999.0
71_4545,999999.0
71_5671,999999.0
71_5672,999999.0
72_4547,999999.0
73_5673,999999.0
73_5675,999999.0
73_5676,999999.0
73_5678,999999.0
74_3358,999999.0
74_5679,999999.0
74_5680,999999.0
74_5681,999999.0
75_5682,999999.0
75_5683,999999.0
75_5684,999999.0
75_5685,999999.0
76_3363,999999.0
76_5686,999999.0
76_5687,999999.0
76_5688,999999.0
77_3349,999999.0
77_3350,999999.0
77_3355,999999.0
77_5690,999999.0
78_3348,999999.0
78_5691,999999.0
78_5692,999999.0
78_5693,999999.0
79_5629,999999.0
79_5694,999999.0
79_5695,999999.0
80_5696,999999.0
80_5697,999999.0
80_5698,999999.0
81_5699,999999.0
81_5700,999999.0
82_4390,999999.0
82_5701,999999.0
82_5702,999999.0
83_3362,999999.0
83_5703,999999.0
83_5704,999999.0
83_5705,999999.0
84_5706,999999.0
84_5707,999999.0
84_5708,999999.0
85_5628,999999.0
85_5709,999999.0
85_5710,999999.0
86_5627,999999.0
86_5711,999999.0
86_5712,999999.0
87_3366,999999.0
87_5713,999999.0
87_5714,999999.0
87_5715,999999.0
88_5716,999999.0
88_5717,999999.0
89_5718,999999.0
90_5622,999999.0
91_5720,999999.0
91_5721,999999.0
91_13290,999999.0
92_5626,999999.0
92_5722,999999.0
92_5723,999999.0
93_5624,999999.0
94_4458,999999.0
94_5727,999999.0
95_5724,999999.0
95_5725,999999.0
96_2912,999999.0
96_4000,999999.0
96_4001,999999.0
96_4003,999999.0
97_4534,999999.0
98_5623,999999.0
99_3370,999999.0
100_5726,999999.0
101_5727,999999.0
101_5728,999999.0
102_3313,999999.0
102_9258,999999.0
103_8619,999999.0
104_1699,999999.0
104_9206,999999.0
105_2885,999999.0
105_2952,999999.0
106_3743,999999.0
106_5729,999999.0
107_4560,999999.0
107_5730,999999.0
107_6111,999999.0
108_3380,999999.0
108_5731,999999.0
108_9256,999999.0
109_5732,999999.0
110_3376,999999.0
110_5733,999999.0
110_5734,999999.0
111_4571,999999.0
111_5735,999999.0
111_5736,999999.0
112_5737,999999.0
112_5738,999999.0
112_5739,999999.0
113_3378,999999.0
113_3379,999999.0
113_6053,999999.0
114_3377,999999.0
114_5740,999999.0
114_5741,999999.0
115_5742,999999.0
115_5743,999999.0
115_5744,999999.0
116_5745,999999.0
116_5746,999999.0
116_5747,999999.0
117_5748,999999.0
117_5749,999999.0
117_5750,999999.0
118_5751,999999.0
118_5752,999999.0
118_5753,999999.0
119_4566,999999.0
119_5754,999999.0
119_5755,999999.0
119_5756,999999.0
120_5757,999999.0
120_5758,999999.0
120_5759,999999.0
121_3375,999999.0
121_5760,999999.0
121_5761,999999.0
121_5762,999999.0
122_3373,999999.0
122_3374,999999.0
122_4594,999999.0
122_5763,999999.0
123_2931,999999.0
123_5764,999999.0
123_5765,999999.0
124_5766,999999.0
124_5767,999999.0
124_5768,999999.0
124_5769,999999.0
125_2910,999999.0
125_5770,999999.0
125_5771,999999.0
126_5772,999999.0
126_5773,999999.0
126_5774,999999.0
127_5775,999999.0
127_5776,999999.0
127_5777,999999.0
127_5778,999999.0
128_3384,999999.0
128_5779,999999.0
128_5780,999999.0
128_5781,999999.0
129_5915,999999.0
129_5916,999999.0
129_5917,999999.0
130_5918,999999.0
130_5919,999999.0
130_5920,999999.0
130_5921,999999.0
131_3389,999999.0
131_5922,999999.0
131_5923,999999.0
132_5633,999999.0
132_5924,999999.0
132_5925,999999.0
133_3390,999999.0
133_5926,999999.0
133_5927,999999.0
134_3395,999999.0
134_5928,999999.0
134_5929,999999.0
134_5930,999999.0
135_3394,999999.0
135_5634,999999.0
135_5931,999999.0
136_2908,999999.0
136_2909,999999.0
136_2929,999999.0
137_5932,999999.0
137_5933,999999.0
137_5934,999999.0
138_3388,999999.0
138_5935,999999.0
138_5936,999999.0
139_3386,999999.0
139_5937,999999.0
139_5938,999999.0
139_5939,999999.0
140_5940,999999.0
140_5941,999999.0
140_5942,999999.0
140_5943,999999.0
141_5944,999999.0
141_5945,999999.0
141_5946,999999.0
141_5947,999999.0
142_5948,999999.0
142_5949,999999.0
142_5950,999999.0
143_5951,999999.0
143_5952,999999.0
143_5953,999999.0
143_5954,999999.0
144_3393,999999.0
144_5955,999999.0
144_5956,999999.0
144_5957,999999.0
145_5635,999999.0
145_5636,999999.0
145_5958,999999.0
146_5959,999999.0
146_5960,999999.0
146_5961,999999.0
147_3397,999999.0
147_5962,999999.0
147_5963,999999.0
147_5964,999999.0
148_2930,999999.0
148_5965,999999.0
148_6320,999999.0
149_5966,999999.0
149_5967,999999.0
149_5968,999999.0
150_5969,999999.0
150_5970,999999.0
150_9044,999999.0
151_5971,999999.0
151_5972,999999.0
151_5973,999999.0
152_5974,999999.0
152_5975,999999.0
152_5976,999999.0
152_5977,999999.0
153_3403,999999.0
153_5978,999999.0
153_5979,999999.0
154_5980,999999.0
154_5981,999999.0
155_5982,999999.0
155_5983,999999.0
155_5984,999999.0
156_3399,999999.0
156_5985,999999.0
156_5986,999999.0
157_5987,999999.0
157_5988,999999.0
157_5989,999999.0
158_5990,999999.0
158_5991,999999.0
158_5992,999999.0
158_5993,999999.0
159_3400,999999.0
159_4731,999999.0
159_5637,999999.0
160_5994,999999.0
160_5995,999999.0
160_5996,999999.0
161_3401,999999.0
161_5997,999999.0
161_5998,999999.0
162_2886,999999.0
162_5999,999999.0
162_6000,999999.0
162_6001,999999.0
163_6002,999999.0
163_6003,999999.0
163_6004,999999.0
164_3405,999999.0
164_6005,999999.0
164_6006,999999.0
164_6007,999999.0
165_6008,999999.0
165_6009,999999.0
165_6010,999999.0
166_3407,999999.0
166_6011,999999.0
166_6012,999999.0
167_3408,999999.0
167_6013,999999.0
167_6014,999999.0
168_6015,999999.0
168_6016,999999.0
168_6017,999999.0
169_5638,999999.0
169_6018,999999.0
169_6019,999999.0
170_6020,999999.0
170_6021,999999.0
170_6022,999999.0
171_6023,999999.0
171_6024,999999.0
171_6025,999999.0
172_6026,999999.0
172_6027,999999.0
172_6028,999999.0
173_6029,999999.0
173_6030,999999.0
173_13279,999999.0
174_4767,999999.0
174_6031,999999.0
174_6032,999999.0
175_6033,999999.0
175_6034,999999.0
175_6035,999999.0
176_3302,999999.0
176_3303,999999.0
176_6036,999999.0
176_6037,999999.0
177_6038,999999.0
177_6039,999999.0
177_6040,999999.0
177_6041,999999.0
178_4894,999999.0
178_6042,999999.0
178_6043,999999.0
178_6044,999999.0
179_3312,999999.0
179_6045,999999.0
179_6046,999999.0
179_6047,999999.0
180_4923,999999.0
180_4926,999999.0
180_6048,999999.0
181_4927,999999.0
182_6049,999999.0
182_6050,999999.0
182_6051,999999.0
182_6052,999999.0
183_3307,999999.0
183_6054,999999.0
183_6055,999999.0
184_6056,999999.0
184_6057,999999.0
184_6058,999999.0
184_9154,999999.0
185_6059,999999.0
185_6060,999999.0
186_6062,999999.0
186_6063,999999.0
186_6064,999999.0
186_6066,999999.0
187_6067,999999.0
187_6068,999999.0
187_6069,999999.0
187_6070,999999.0
188_6071,999999.0
188_6072,999999.0
188_6074,999999.0
188_6075,999999.0
189_3301,999999.0
189_6076,999999.0
189_6077,999999.0
189_6078,999999.0
190_6079,999999.0
190_6080,999999.0
190_6081,999999.0
191_6082,999999.0
191_6083,999999.0
191_6084,999999.0
192_2896,999999.0
192_6085,999999.0
192_6086,999999.0
192_6087,999999.0
193_2897,999999.0
193_3311,999999.0
193_6089,999999.0
194_2938,999999.0
194_4920,999999.0
194_4932,999999.0
194_6090,999999.0
195_4125,999999.0
196_6091,999999.0
196_6092,999999.0
197_4926,999999.0
198_4914,999999.0
198_4917,999999.0
198_4918,999999.0
198_6096,999999.0
199_6097,999999.0
199_6098,999999.0
199_6099,999999.0
199_6100,999999.0
200_3944,999999.0
200_6101,999999.0
200_6102,999999.0
200_6103,999999.0
201_3308,999999.0
201_6104,999999.0
202_5000,999999.0
202_6105,999999.0
202_6106,999999.0
203_5011,999999.0
203_6107,999999.0
203_6108,999999.0
204_6109,999999.0
204_6110,999999.0
204_6112,999999.0
205_6113,999999.0
205_6114,999999.0
205_6115,999999.0
206_6116,999999.0
206_6117,999999.0
206_6118,999999.0
207_6119,999999.0
207_6120,999999.0
207_6121,999999.0
208_6122,999999.0
208_6123,999999.0
208_6124,999999.0
209_6125,999999.0
209_6126,999999.0
209_6127,999999.0
209_6128,999999.0
210_2899,999999.0
210_3330,999999.0
210_6129,999999.0
211_3314,999999.0
211_6130,999999.0
211_6131,999999.0
211_6132,999999.0
212_6133,999999.0
212_6134,999999.0
212_6135,999999.0
212_6136,999999.0
213_6137,999999.0
213_6138,999999.0
213_6139,999999.0
214_4942,999999.0
215_4945,999999.0
215_6140,999999.0
215_6141,999999.0
215_6142,999999.0
216_3333,999999.0
216_4947,999999.0
216_6143,999999.0
216_6144,999999.0
217_6145,999999.0
217_6146,999999.0
217_6147,999999.0
218_3334,999999.0
218_6148,999999.0
218_6149,999999.0
218_6150,999999.0
219_3331,999999.0
219_3332,999999.0
219_6151,999999.0
219_6152,999999.0
220_3326,999999.0
220_6153,999999.0
220_6154,999999.0
221_6155,999999.0
221_6156,999999.0
221_6157,999999.0
222_6158,999999.0
222_6159,999999.0
222_6160,999999.0
222_6161,999999.0
223_3319,999999.0
223_3320,999999.0
223_6162,999999.0
224_3317,999999.0
224_5005,999999.0
224_6163,999999.0
225_6164,999999.0
225_6165,999999.0
225_6166,999999.0
226_6167,999999.0
226_6168,999999.0
226_6169,999999.0
226_6170,999999.0
227_3322,999999.0
227_6171,999999.0
227_6172,999999.0
227_6173,999999.0
228_5036,999999.0
228_6174,999999.0
228_6175,999999.0
229_3327,999999.0
229_3328,999999.0
229_6176,999999.0
229_6177,999999.0
230_6179,999999.0
230_6180,999999.0
230_6181,999999.0
230_6182,999999.0
231_2928,999999.0
231_5057,999999.0
231_5060,999999.0
231_6183,999999.0
232_3338,999999.0
232_6184,999999.0
232_6185,999999.0
232_6186,999999.0
233_6187,999999.0
233_6188,999999.0
233_6189,999999.0
233_6190,999999.0
234_5069,999999.0
234_6191,999999.0
234_6192,999999.0
235_5074,999999.0
235_5076,999999.0
235_6193,999999.0
236_3342,999999.0
236_5075,999999.0
236_5079,999999.0
237_6194,999999.0
238_5643,999999.0
238_6195,999999.0
239_5081,999999.0
240_5397,999999.0
240_5400,999999.0
240_6197,999999.0
241_5399,999999.0
242_6198,999999.0
242_6199,999999.0
243_5412,999999.0
244_2884,999999.0
244_3345,999999.0
244_6200,999999.0
245_3344,999999.0
245_6201,999999.0
245_6202,999999.0
246_3340,999999.0
246_6203,999999.0
246_6204,999999.0
246_6205,999999.0
247_6206,999999.0
247_6207,999999.0
247_6208,999999.0
247_6209,999999.0
248_5433,999999.0
248_5434,999999.0
248_6210,999999.0
249_6211,999999.0
249_6212,999999.0
249_6213,999999.0
250_6214,999999.0
250_6215,999999.0
250_6217,999999.0
251_6218,999999.0
251_6219,999999.0
251_6220,999999.0
251_6221,999999.0
252_3432,999999.0
252_6222,999999.0
252_6224,999999.0
252_6225,999999.0
253_6226,999999.0
253_6227,999999.0
253_6228,999999.0
254_3337,999999.0
254_5058,999999.0
254_6229,999999.0
254_6230,999999.0
255_6232,999999.0
255_6233,999999.0
255_6234,999999.0
255_6235,999999.0
256_5338,999999.0
256_6237,999999.0
256_6238,999999.0
257_6239,999999.0
257_6240,999999.0
257_6241,999999.0
258_6242,999999.0
258_6243,999999.0
258_6244,999999.0
258_6245,999999.0
259_6246,999999.0
259_6247,999999.0
259_6248,999999.0
259_6249,999999.0
260_3425,999999.0
260_6250,999999.0
260_6251,999999.0
261_5103,999999.0
261_6252,999999.0
261_6253,999999.0
262_6254,999999.0
262_6255,999999.0
262_6256,999999.0
263_6257,999999.0
263_6258,999999.0
263_6259,999999.0
263_6260,999999.0
264_6261,999999.0
264_6262,999999.0
264_6263,999999.0
265_6264,999999.0
265_6265,999999.0
265_6266,999999.0
265_6267,999999.0
266_6268,999999.0
266_6269,999999.0
266_6270,999999.0
266_6271,999999.0
267_3410,999999.0
267_6272,999999.0
267_6273,999999.0
268_5639,999999.0
268_6274,999999.0
268_6275,999999.0
269_6277,999999.0
269_6278,999999.0
269_8657,999999.0
270_6279,999999.0
270_6280,999999.0
270_6281,999999.0
271_5148,999999.0
271_6282,999999.0
271_6283,999999.0
272_6284,999999.0
272_6285,999999.0
273_3411,999999.0
273_6286,999999.0
273_6287,999999.0
274_6288,999999.0
274_6289,999999.0
274_6290,999999.0
275_6291,999999.0
275_6292,999999.0
275_6293,999999.0
276_6294,999999.0
276_6295,999999.0
276_9045,999999.0
277_6296,999999.0
277_6297,999999.0
277_6298,999999.0
278_8386,999999.0
279_6299,999999.0
279_8390,999999.0
280_3420,999999.0
280_6300,999999.0
281_5154,999999.0
281_6301,999999.0
282_6302,999999.0
282_6303,999999.0
282_8385,999999.0
283_5164,999999.0
283_6304,999999.0
284_6305,999999.0
284_6306,999999.0
284_6307,999999.0
285_6308,999999.0
285_6309,999999.0
285_6310,999999.0
286_6311,999999.0
286_6312,999999.0
287_6313,999999.0
287_6314,999999.0
288_6315,999999.0
288_6316,999999.0
289_3421,999999.0
289_6317,999999.0
289_8384,999999.0
290_6318,999999.0
290_6319,999999.0
290_8383,999999.0
291_6321,999999.0
291_6322,999999.0
292_6323,999999.0
292_6324,999999.0
292_6325,999999.0
292_6326,999999.0
293_6327,999999.0
293_6328,999999.0
294_5175,999999.0
294_6329,999999.0
295_6330,999999.0
295_6331,999999.0
295_6332,999999.0
296_6333,999999.0
296_6334,999999.0
296_6335,999999.0
297_6336,999999.0
297_6337,999999.0
297_6338,999999.0
297_6339,999999.0
298_5178,999999.0
298_6340,999999.0
299_5184,999999.0
299_6341,999999.0
299_6342,999999.0
300_3412,999999.0
300_6343,999999.0
300_6344,999999.0
301_6345,999999.0
301_6346,999999.0
301_6347,999999.0
302_6348,999999.0
302_6349,999999.0
302_6350,999999.0
303_6351,999999.0
303_6352,999999.0
303_6353,999999.0
304_6354,999999.0
304_6355,999999.0
304_6356,999999.0
305_6357,999999.0
305_6358,999999.0
305_6359,999999.0
306_5233,999999.0
306_6360,999999.0
306_6361,999999.0
306_6362,999999.0
307_5225,999999.0
307_5248,999999.0
308_5251,999999.0
308_6363,999999.0
308_6364,999999.0
309_5253,999999.0
309_6365,999999.0
309_6366,999999.0
310_5249,999999.0
310_5891,999999.0
310_6367,999999.0
311_5893,999999.0
311_6368,999999.0
311_6369,999999.0
311_6370,999999.0
312_6371,999999.0
312_6372,999999.0
312_6373,999999.0
313_5255,999999.0
313_6374,999999.0
313_6375,999999.0
313_6376,999999.0
314_3422,999999.0
314_6377,999999.0
315_6378,999999.0
315_6379,999999.0
315_6380,999999.0
316_3423,999999.0
316_6381,999999.0
316_6382,999999.0
317_5265,999999.0
317_6383,999999.0
317_6384,999999.0
318_5260,999999.0
318_5263,999999.0
318_6385,999999.0
319_6386,999999.0
319_6387,999999.0
319_6388,999999.0
320_5266,999999.0
320_6389,999999.0
321_6390,999999.0
321_6391,999999.0
321_9047,999999.0
322_5273,999999.0
322_6392,999999.0
322_6393,999999.0
323_5275,999999.0
323_6394,999999.0
323_6395,999999.0
324_3447,999999.0
324_5280,999999.0
324_6396,999999.0
325_6397,999999.0
325_6398,999999.0
325_6399,999999.0
326_6400,999999.0
326_6401,999999.0
326_6402,999999.0
327_6403,999999.0
327_6404,999999.0
327_6405,999999.0
327_6406,999999.0
328_5287,999999.0
328_5324,999999.0
328_6407,999999.0
329_6408,999999.0
329_6409,999999.0
329_6410,999999.0
329_6411,999999.0
330_6412,999999.0
330_6413,999999.0
330_6414,999999.0
331_5365,999999.0
331_6415,999999.0
331_6416,999999.0
332_6417,999999.0
332_6418,999999.0
333_5645,999999.0
333_6419,999999.0
333_6420,999999.0
333_6421,999999.0
334_5328,999999.0
334_6422,999999.0
334_6423,999999.0
335_5321,999999.0
335_6424,999999.0
335_6425,999999.0
336_5244,999999.0
336_6426,999999.0
336_6427,999999.0
337_5242,999999.0
337_5291,999999.0
337_6428,999999.0
338_2901,999999.0
338_5242,999999.0
338_5284,999999.0
339_6429,999999.0
339_6430,999999.0
340_5293,999999.0
340_5295,999999.0
340_6431,999999.0
341_6432,999999.0
341_6433,999999.0
341_6434,999999.0
342_5298,999999.0
342_5314,999999.0
342_6435,999999.0
342_6436,999999.0
343_5313,999999.0
343_6437,999999.0
343_6438,999999.0
344_3437,999999.0
344_6439,999999.0
344_6440,999999.0
345_6441,999999.0
345_6442,999999.0
346_5349,999999.0
346_6443,999999.0
346_6444,999999.0
347_3444,999999.0
347_6445,999999.0
347_6446,999999.0
348_2881,999999.0
348_5379,999999.0
348_6447,999999.0
348_6448,999999.0
349_2880,999999.0
349_6449,999999.0
349_6450,999999.0
350_5463,999999.0
350_6451,999999.0
350_6452,999999.0
351_5459,999999.0
351_6453,999999.0
351_6454,999999.0
352_2883,999999.0
352_6455,999999.0
352_6456,999999.0
353_5392,999999.0
353_6457,999999.0
353_6458,999999.0
353_6459,999999.0
354_6460,999999.0
354_6461,999999.0
354_6462,999999.0
355_6463,999999.0
355_6464,999999.0
355_6465,999999.0
356_5413,999999.0
356_6466,999999.0
357_5414,999999.0
358_3471,999999.0
358_6467,999999.0
358_6468,999999.0
359_3469,999999.0
359_6469,999999.0
359_6470,999999.0
360_3453,999999.0
360_6471,999999.0
360_6472,999999.0
361_5441,999999.0
361_5445,999999.0
361_6473,999999.0
362_5419,999999.0
362_5443,999999.0
363_2877,999999.0
363_5456,999999.0
363_6475,999999.0
364_5457,999999.0
364_5468,999999.0
364_6476,999999.0
365_5464,999999.0
365_5469,999999.0
366_5465,999999.0
366_5467,999999.0
366_6478,999999.0
367_6479,999999.0
367_6480,999999.0
367_6481,999999.0
368_5479,999999.0
368_5482,999999.0
368_6482,999999.0
369_6483,999999.0
369_6484,999999.0
369_6485,999999.0
370_3461,999999.0
370_6486,999999.0
370_6487,999999.0
371_6488,999999.0
371_6489,999999.0
371_6490,999999.0
372_3457,999999.0
372_6491,999999.0
372_6492,999999.0
373_5484,999999.0
373_6493,999999.0
373_6494,999999.0
374_5487,999999.0
374_6495,999999.0
374_6496,999999.0
374_6497,999999.0
375_5497,999999.0
375_5498,999999.0
375_6498,999999.0
376_6499,999999.0
376_6500,999999.0
376_6501,999999.0
377_6502,999999.0
377_6503,999999.0
377_6504,999999.0
377_6505,999999.0
378_5420,999999.0
378_5437,999999.0
378_6506,999999.0
379_6507,999999.0
379_6509,999999.0
380_5501,999999.0
380_6510,999999.0
380_6511,999999.0
381_6512,999999.0
381_6513,999999.0
381_6514,999999.0
381_6515,999999.0
382_6516,999999.0
382_6517,999999.0
383_5426,999999.0
384_5510,999999.0
384_5511,999999.0
385_5512,999999.0
385_6518,999999.0
386_5513,999999.0
387_5516,999999.0
387_6519,999999.0
388_5505,999999.0
388_6520,999999.0
388_6521,999999.0
388_6522,999999.0
389_6523,999999.0
389_6524,999999.0
390_5514,999999.0
391_6525,999999.0
391_6526,999999.0
392_5520,999999.0
392_6527,999999.0
392_6528,999999.0
393_5519,999999.0
393_6529,999999.0
393_6530,999999.0
394_5563,999999.0
394_6531,999999.0
394_6532,999999.0
395_5495,999999.0
395_5522,999999.0
395_6533,999999.0
396_5526,999999.0
396_5560,999999.0
397_5529,999999.0
397_6534,999999.0
397_6535,999999.0
398_2876,999999.0
398_5528,999999.0
398_5532,999999.0
398_5533,999999.0
399_6536,999999.0
399_6537,999999.0
400_5546,999999.0
400_6538,999999.0
401_2875,999999.0
401_5478,999999.0
401_6540,999999.0
402_6541,999999.0
402_6542,999999.0
402_6543,999999.0
403_5535,999999.0
403_6544,999999.0
404_3465,999999.0
404_6545,999999.0
405_5545,999999.0
405_6546,999999.0
406_5544,999999.0
406_5547,999999.0
407_5444,999999.0
407_5543,999999.0
407_6547,999999.0
407_6548,999999.0
408_2873,999999.0
408_5551,999999.0
408_5581,999999.0
408_6549,999999.0
409_3467,999999.0
409_5579,999999.0
409_6550,999999.0
410_5556,999999.0
410_5559,999999.0
410_5561,999999.0
410_6551,999999.0
411_5574,999999.0
411_5577,999999.0
411_6552,999999.0
412_5573,999999.0
412_6554,999999.0
413_6556,999999.0
413_9048,999999.0
414_6557,999999.0
414_6558,999999.0
414_6559,999999.0
415_5606,999999.0
415_5619,999999.0
415_6560,999999.0
415_6561,999999.0
416_5604,999999.0
416_5611,999999.0
416_6562,999999.0
417_5603,999999.0
417_6563,999999.0
417_6564,999999.0
418_5541,999999.0
418_6565,999999.0
418_6566,999999.0
419_5584,999999.0
419_6567,999999.0
420_6568,999999.0
420_6569,999999.0
421_5587,999999.0
421_6571,999999.0
421_6572,999999.0
422_5600,999999.0
422_6573,999999.0
423_6574,999999.0
423_6914,999999.0
423_9050,999999.0
424_5618,999999.0
424_6915,999999.0
424_7379,999999.0
425_3385,999999.0
425_5613,999999.0
425_6916,999999.0
425_6917,999999.0
426_3468,999999.0
426_6918,999999.0
426_6919,999999.0
427_5593,999999.0
427_5595,999999.0
427_6920,999999.0
428_1760,999999.0
429_1759,999999.0
429_2070,999999.0
429_2072,999999.0
430_2073,999999.0
430_2074,999999.0
430_2075,999999.0
431_2076,999999.0
431_2077,999999.0
431_3498,999999.0
432_2078,999999.0
432_9058,999999.0
432_9059,999999.0
433_2080,999999.0
433_2081,999999.0
434_1764,999999.0
434_1766,999999.0
434_2082,999999.0
434_2534,999999.0
435_1762,999999.0
435_1765,999999.0
435_2083,999999.0
436_2200,999999.0
436_2398,999999.0
436_2406,999999.0
436_9060,999999.0
437_2407,999999.0
437_2408,999999.0
437_3500,999999.0
438_2409,999999.0
438_2410,999999.0
438_2411,999999.0
439_2412,999999.0
439_9061,999999.0
440_2413,999999.0
440_3501,999999.0
441_2606,999999.0
441_2607,999999.0
441_2608,999999.0
442_1770,999999.0
442_2609,999999.0
442_2610,999999.0
443_2611,999999.0
443_9062,999999.0
444_2079,999999.0
444_2612,999999.0
444_2613,999999.0
445_2614,999999.0
445_2615,999999.0
446_2616,999999.0
446_2617,999999.0
446_2957,999999.0
447_2618,999999.0
447_2619,999999.0
448_2620,999999.0
448_2621,999999.0
448_2622,999999.0
448_2623,999999.0
449_2624,999999.0
449_9063,999999.0
449_9064,999999.0
450_2625,999999.0
450_2626,999999.0
451_2627,999999.0
451_2628,999999.0
451_2629,999999.0
452_2766,999999.0
452_9065,999999.0
452_12483,999999.0
453_2631,999999.0
453_3503,999999.0
453_9066,999999.0
454_2632,999999.0
454_2956,999999.0
455_2633,999999.0
455_2735,999999.0
455_3490,999999.0
455_12106,999999.0
456_2738,999999.0
456_2739,999999.0
456_2740,999999.0
457_2741,999999.0
457_2742,999999.0
457_12480,999999.0
458_2744,999999.0
458_2746,999999.0
459_2748,999999.0
459_2749,999999.0
459_12477,999999.0
460_2750,999999.0
460_9067,999999.0
461_2953,999999.0
461_8407,999999.0
462_2751,999999.0
462_2752,999999.0
462_2753,999999.0
463_1716,999999.0
463_2754,999999.0
463_9068,999999.0
464_2755,999999.0
464_2756,999999.0
464_9069,999999.0
465_1735,999999.0
465_2757,999999.0
465_9070,999999.0
466_2758,999999.0
466_2759,999999.0
466_12104,999999.0
467_9071,999999.0
467_12102,999999.0
467_12103,999999.0
468_2760,999999.0
468_2761,999999.0
468_3491,999999.0
469_2762,999999.0
469_2763,999999.0
469_3504,999999.0
469_9072,999999.0
470_2764,999999.0
470_2765,999999.0
471_2767,999999.0
471_2768,999999.0
471_2769,999999.0
472_2770,999999.0
472_9073,999999.0
473_2771,999999.0
473_2772,999999.0
473_9074,999999.0
473_12105,999999.0
474_2773,999999.0
474_3492,999999.0
475_2774,999999.0
475_2775,999999.0
475_9075,999999.0
476_2776,999999.0
476_2777,999999.0
477_2002,999999.0
477_2779,999999.0
478_2780,999999.0
478_8391,999999.0
479_1700,999999.0
479_1705,999999.0
479_7455,999999.0
480_2781,999999.0
480_2782,999999.0
480_2783,999999.0
481_2784,999999.0
481_2785,999999.0
481_9076,999999.0
482_2786,999999.0
482_2787,999999.0
483_2788,999999.0
483_2789,999999.0
483_2790,999999.0
484_2791,999999.0
484_9077,999999.0
484_9078,999999.0
485_2792,999999.0
485_2793,999999.0
485_2794,999999.0
486_1868,999999.0
486_2795,999999.0
486_2796,999999.0
487_2797,999999.0
487_2798,999999.0
487_2973,999999.0
488_2487,999999.0
488_2799,999999.0
488_2800,999999.0
489_1876,999999.0
490_2801,999999.0
490_9079,999999.0
490_9080,999999.0
491_1877,999999.0
491_2802,999999.0
491_2817,999999.0
492_1878,999999.0
493_2804,999999.0
493_9081,999999.0
494_2805,999999.0
494_2806,999999.0
494_2807,999999.0
495_2808,999999.0
495_2813,999999.0
496_1985,999999.0
496_2815,999999.0
496_2816,999999.0
496_12254,999999.0
497_2818,999999.0
497_2826,999999.0
497_9082,999999.0
498_2821,999999.0
498_2822,999999.0
498_2823,999999.0
499_1889,999999.0
499_2824,999999.0
499_8408,999999.0
500_2825,999999.0
500_2827,999999.0
500_2828,999999.0
501_2829,999999.0
501_3213,999999.0
502_3012,999999.0
502_3299,999999.0
503_2892,999999.0
503_2905,999999.0
504_2913,999999.0
504_2920,999999.0
505_2921,999999.0
505_2923,999999.0
505_2924,999999.0
506_2927,999999.0
506_2932,999999.0
507_1907,999999.0
508_2934,999999.0
508_2939,999999.0
509_12108,999999.0
510_2940,999999.0
510_2948,999999.0
511_1909,999999.0
511_2951,999999.0
512_1994,999999.0
513_2954,999999.0
513_2964,999999.0
513_2966,999999.0
514_1883,999999.0
515_1923,999999.0
515_9083,999999.0
516_2967,999999.0
516_2998,999999.0
516_2999,999999.0
517_3000,999999.0
517_3001,999999.0
517_3003,999999.0
517_3005,999999.0
518_1919,999999.0
518_3006,999999.0
519_3007,999999.0
519_3008,999999.0
520_1916,999999.0
520_2911,999999.0
520_3009,999999.0
521_1898,999999.0
521_1904,999999.0
521_8409,999999.0
522_1905,999999.0
523_3010,999999.0
523_3011,999999.0
524_1903,999999.0
525_3013,999999.0
525_3014,999999.0
525_3029,999999.0
526_1981,999999.0
526_10405,999999.0
526_10406,999999.0
527_1979,999999.0
527_3035,999999.0
527_3050,999999.0
528_3054,999999.0
528_3058,999999.0
528_3059,999999.0
528_3060,999999.0
529_3061,999999.0
529_3062,999999.0
529_3063,999999.0
529_3559,999999.0
530_1968,999999.0
530_3064,999999.0
530_3065,999999.0
531_3066,999999.0
531_3067,999999.0
531_3068,999999.0
532_1936,999999.0
532_3069,999999.0
532_3070,999999.0
532_10176,999999.0
533_1938,999999.0
533_3071,999999.0
533_3072,999999.0
533_9084,999999.0
534_3073,999999.0
534_5838,999999.0
534_12090,999999.0
534_12091,999999.0
535_3074,999999.0
535_3075,999999.0
535_3076,999999.0
535_3077,999999.0
536_3078,999999.0
536_3079,999999.0
536_3080,999999.0
537_2972,999999.0
537_3082,999999.0
537_3245,999999.0
538_3083,999999.0
538_3084,999999.0
538_3086,999999.0
539_3087,999999.0
539_3088,999999.0
539_9085,999999.0
540_3096,999999.0
540_3098,999999.0
540_12265,999999.0
541_3099,999999.0
541_3134,999999.0
541_3507,999999.0
542_3137,999999.0
542_3138,999999.0
542_12095,999999.0
543_3151,999999.0
543_3152,999999.0
543_3153,999999.0
543_12100,999999.0
544_3154,999999.0
544_9086,999999.0
544_9087,999999.0
545_3155,999999.0
545_3156,999999.0
545_3157,999999.0
545_12099,999999.0
546_1750,999999.0
546_3158,999999.0
546_3165,999999.0
546_3200,999999.0
547_3228,999999.0
547_3229,999999.0
547_3230,999999.0
547_12476,999999.0
548_2958,999999.0
548_3231,999999.0
548_3232,999999.0
549_1744,999999.0
549_3233,999999.0
549_3234,999999.0
549_3235,999999.0
550_1949,999999.0
550_3237,999999.0
550_3238,999999.0
550_3557,999999.0
551_3239,999999.0
551_3240,999999.0
551_3241,999999.0
551_3242,999999.0
552_3243,999999.0
552_3244,999999.0
553_1837,999999.0
553_3085,999999.0
553_3246,999999.0
553_3247,999999.0
554_1843,999999.0
554_2096,999999.0
554_3248,999999.0
554_3249,999999.0
555_3250,999999.0
555_3251,999999.0
555_3252,999999.0
556_1794,999999.0
556_12096,999999.0
556_12097,999999.0
556_12098,999999.0
557_3253,999999.0
557_3254,999999.0
558_3256,999999.0
558_3257,999999.0
558_3258,999999.0
559_3259,999999.0
559_3260,999999.0
559_12489,999999.0
560_3262,999999.0
560_3263,999999.0
560_3264,999999.0
561_3265,999999.0
561_3266,999999.0
561_3267,999999.0
562_3268,999999.0
562_3269,999999.0
562_3270,999999.0
563_2962,999999.0
563_3271,999999.0
563_3272,999999.0
563_3273,999999.0
564_2747,999999.0
564_3274,999999.0
564_3275,999999.0
564_3276,999999.0
565_1781,999999.0
565_2960,999999.0
565_3277,999999.0
566_1780,999999.0
566_3278,999999.0
566_3279,999999.0
566_3281,999999.0
567_1784,999999.0
567_3280,999999.0
567_3282,999999.0
567_12487,999999.0
568_3283,999999.0
568_3284,999999.0
568_3285,999999.0
569_2961,999999.0
569_3286,999999.0
569_9088,999999.0
570_3287,999999.0
570_3288,999999.0
570_9089,999999.0
571_3289,999999.0
571_3290,999999.0
571_3291,999999.0
571_12485,999999.0
572_3292,999999.0
572_3293,999999.0
572_3294,999999.0
572_3295,999999.0
573_2963,999999.0
573_3296,999999.0
573_3297,999999.0
573_9090,999999.0
574_2069,999999.0
574_3541,999999.0
574_3542,999999.0
574_3543,999999.0
575_3544,999999.0
575_3545,999999.0
575_3546,999999.0
576_3547,999999.0
576_3548,999999.0
576_3549,999999.0
576_3550,999999.0
577_1833,999999.0
577_3551,999999.0
577_3552,999999.0
577_12094,999999.0
578_1824,999999.0
578_1830,999999.0
578_3553,999999.0
579_3554,999999.0
579_3555,999999.0
579_3556,999999.0
579_12107,999999.0
580_1954,999999.0
580_3558,999999.0
580_12092,999999.0
580_12093,999999.0
581_10401,999999.0
582_10186,999999.0
582_10187,999999.0
582_10191,999999.0
582_11975,999999.0
583_10204,999999.0
583_10206,999999.0
583_10207,999999.0
583_12262,999999.0
584_5841,999999.0
584_5842,999999.0
584_10179,999999.0
584_12245,999999.0
585_3560,999999.0
585_3561,999999.0
585_10173,999999.0
585_10175,999999.0
586_2221,999999.0
586_2395,999999.0
586_3562,999999.0
586_3563,999999.0
587_2399,999999.0
587_10417,999999.0
587_10432,999999.0
587_12227,999999.0
588_3565,999999.0
588_3566,999999.0
588_3567,999999.0
589_3568,999999.0
589_3569,999999.0
589_3570,999999.0
589_11959,999999.0
590_2390,999999.0
590_3357,999999.0
590_3572,999999.0
590_11958,999999.0
591_2388,999999.0
591_3573,999999.0
591_3574,999999.0
591_11960,999999.0
592_3575,999999.0
592_3576,999999.0
592_3577,999999.0
592_3578,999999.0
593_2340,999999.0
593_3579,999999.0
593_3580,999999.0
593_3581,999999.0
594_2354,999999.0
594_3582,999999.0
594_3583,999999.0
594_11963,999999.0
595_3584,999999.0
595_3585,999999.0
595_3586,999999.0
595_11962,999999.0
596_3587,999999.0
596_3588,999999.0
596_3589,999999.0
597_10493,999999.0
597_10549,999999.0
597_10554,999999.0
597_10555,999999.0
598_10573,999999.0
598_10575,999999.0
598_10577,999999.0
599_10569,999999.0
599_10571,999999.0
599_11989,999999.0
600_10566,999999.0
600_10578,999999.0
600_10580,999999.0
601_10558,999999.0
601_10560,999999.0
601_11988,999999.0
602_10586,999999.0
602_10597,999999.0
602_10599,999999.0
602_12222,999999.0
603_10602,999999.0
603_10605,999999.0
603_10606,999999.0
604_10610,999999.0
605_10590,999999.0
605_10594,999999.0
605_10595,999999.0
605_10600,999999.0
606_10613,999999.0
606_10640,999999.0
606_11796,999999.0
607_10619,999999.0
607_10622,999999.0
607_10624,999999.0
607_10629,999999.0
608_1660,999999.0
608_1661,999999.0
608_10631,999999.0
608_12450,999999.0
609_10636,999999.0
609_10639,999999.0
609_12235,999999.0
610_10634,999999.0
610_10907,999999.0
610_12233,999999.0
611_10666,999999.0
611_11987,999999.0
612_10643,999999.0
612_10649,999999.0
612_11990,999999.0
612_12238,999999.0
613_10533,999999.0
613_10534,999999.0
613_10651,999999.0
614_10537,999999.0
614_10540,999999.0
614_10562,999999.0
614_12223,999999.0
615_10514,999999.0
615_10525,999999.0
615_10526,999999.0
615_10528,999999.0
616_10516,999999.0
616_10518,999999.0
616_10519,999999.0
616_11964,999999.0
617_10505,999999.0
617_10507,999999.0
617_10510,999999.0
617_11965,999999.0
618_10684,999999.0
618_10687,999999.0
618_11982,999999.0
618_12215,999999.0
619_10488,999999.0
619_10491,999999.0
619_11971,999999.0
619_11972,999999.0
620_10474,999999.0
620_10489,999999.0
620_12184,999999.0
621_10264,999999.0
621_10272,999999.0
621_10353,999999.0
622_10478,999999.0
622_10479,999999.0
622_11969,999999.0
622_11970,999999.0
623_5834,999999.0
623_10250,999999.0
623_10260,999999.0
623_11966,999999.0
624_5833,999999.0
624_10255,999999.0
624_10486,999999.0
625_10333,999999.0
625_10340,999999.0
625_10494,999999.0
625_10498,999999.0
626_5832,999999.0
626_10248,999999.0
626_10313,999999.0
626_10315,999999.0
627_10237,999999.0
627_10239,999999.0
627_10397,999999.0
627_12175,999999.0
628_10230,999999.0
628_10233,999999.0
628_10235,999999.0
629_10227,999999.0
629_10229,999999.0
629_11967,999999.0
629_11968,999999.0
630_10223,999999.0
630_10325,999999.0
630_10735,999999.0
631_10738,999999.0
631_10753,999999.0
631_10755,999999.0
631_11974,999999.0
632_10742,999999.0
632_10750,999999.0
632_10752,999999.0
633_10744,999999.0
633_10745,999999.0
633_10747,999999.0
634_10728,999999.0
634_10731,999999.0
634_10736,999999.0
634_10800,999999.0
635_10712,999999.0
635_10713,999999.0
635_11973,999999.0
636_10729,999999.0
636_10822,999999.0
636_10977,999999.0
636_10980,999999.0
637_10095,999999.0
637_10096,999999.0
637_10715,999999.0
637_10721,999999.0
638_10268,999999.0
638_10270,999999.0
638_10705,999999.0
638_10706,999999.0
639_10682,999999.0
639_10691,999999.0
639_10694,999999.0
639_11981,999999.0
640_10696,999999.0
640_10699,999999.0
640_10703,999999.0
641_10676,999999.0
641_10700,999999.0
642_10672,999999.0
642_10675,999999.0
642_12199,999999.0
642_12202,999999.0
643_10874,999999.0
643_10878,999999.0
643_12160,999999.0
644_10883,999999.0
644_11980,999999.0
644_12204,999999.0
645_11030,999999.0
645_11983,999999.0
645_11984,999999.0
646_10665,999999.0
646_10667,999999.0
646_10669,999999.0
646_11031,999999.0
647_10895,999999.0
647_10897,999999.0
647_10899,999999.0
647_12196,999999.0
648_10902,999999.0
648_10904,999999.0
648_10916,999999.0
648_12195,999999.0
649_10909,999999.0
649_10911,999999.0
649_10914,999999.0
650_10917,999999.0
650_10922,999999.0
650_10923,999999.0
650_12193,999999.0
651_10919,999999.0
651_10920,999999.0
652_10892,999999.0
652_10924,999999.0
652_10929,999999.0
652_11985,999999.0
653_10886,999999.0
653_10889,999999.0
653_10890,999999.0
653_12189,999999.0
654_10865,999999.0
654_10866,999999.0
654_10868,999999.0
654_11979,999999.0
655_10862,999999.0
655_11033,999999.0
656_10857,999999.0
656_10858,999999.0
656_10861,999999.0
657_10853,999999.0
657_10855,999999.0
657_10860,999999.0
658_10847,999999.0
658_10848,999999.0
658_10851,999999.0
659_10836,999999.0
659_10838,999999.0
660_10824,999999.0
660_10826,999999.0
661_10827,999999.0
661_10828,999999.0
661_10831,999999.0
661_10833,999999.0
662_10812,999999.0
662_10820,999999.0
662_12156,999999.0
663_10789,999999.0
663_10791,999999.0
663_10802,999999.0
663_10803,999999.0
664_10779,999999.0
664_10780,999999.0
664_10787,999999.0
665_10793,999999.0
665_12148,999999.0
666_10762,999999.0
666_10764,999999.0
666_10797,999999.0
666_11976,999999.0
667_10766,999999.0
667_10768,999999.0
667_10769,999999.0
668_10771,999999.0
668_10773,999999.0
668_10775,999999.0
669_9270,999999.0
669_10995,999999.0
669_10997,999999.0
670_10777,999999.0
670_10992,999999.0
670_10993,999999.0
670_11977,999999.0
671_10781,999999.0
671_10783,999999.0
671_10988,999999.0
671_10989,999999.0
672_10808,999999.0
672_10811,999999.0
672_10973,999999.0
673_10816,999999.0
673_10962,999999.0
673_10964,999999.0
674_10928,999999.0
674_10931,999999.0
674_10932,999999.0
674_10937,999999.0
675_10941,999999.0
675_10943,999999.0
675_12154,999999.0
676_10944,999999.0
676_10946,999999.0
676_10957,999999.0
676_12155,999999.0
677_10950,999999.0
677_10953,999999.0
677_10959,999999.0
678_10966,999999.0
678_10969,999999.0
678_10972,999999.0
678_11978,999999.0
679_10971,999999.0
679_10975,999999.0
679_10981,999999.0
680_5822,999999.0
680_10983,999999.0
680_11004,999999.0
680_11009,999999.0
681_11002,999999.0
681_11005,999999.0
681_11008,999999.0
681_11011,999999.0
682_10999,999999.0
682_11013,999999.0
682_11014,999999.0
682_11018,999999.0
683_11020,999999.0
683_11022,999999.0
683_11027,999999.0
684_10437,999999.0
684_10564,999999.0
684_10582,999999.0
685_10846,999999.0
685_10873,999999.0
685_10876,999999.0
686_10720,999999.0
686_10723,999999.0
687_2721,999999.0
687_3028,999999.0
687_8760,999999.0
687_11898,999999.0
688_6570,999999.0
688_8757,999999.0
688_8758,999999.0
688_8759,999999.0
689_8761,999999.0
689_8762,999999.0
689_8763,999999.0
689_11897,999999.0
690_8764,999999.0
690_8765,999999.0
690_11900,999999.0
690_11901,999999.0
691_8767,999999.0
691_8768,999999.0
691_8769,999999.0
691_11899,999999.0
692_8770,999999.0
692_8771,999999.0
692_8772,999999.0
692_11907,999999.0
693_8773,999999.0
693_8775,999999.0
693_11904,999999.0
693_11905,999999.0
694_8777,999999.0
694_8778,999999.0
694_11903,999999.0
694_12676,999999.0
695_8779,999999.0
695_8780,999999.0
695_8781,999999.0
696_8782,999999.0
696_8783,999999.0
696_8784,999999.0
697_8785,999999.0
697_8786,999999.0
697_8787,999999.0
698_8788,999999.0
698_9051,999999.0
698_9052,999999.0
699_3534,999999.0
699_8790,999999.0
699_12673,999999.0
699_12677,999999.0
700_8792,999999.0
700_8793,999999.0
700_8794,999999.0
701_8795,999999.0
701_12656,999999.0
701_12668,999999.0
702_2708,999999.0
702_8798,999999.0
702_8799,999999.0
702_11908,999999.0
703_5799,999999.0
703_8800,999999.0
703_11912,999999.0
703_11913,999999.0
704_5798,999999.0
704_8804,999999.0
705_9677,999999.0
705_10273,999999.0
705_11915,999999.0
705_12653,999999.0
706_9673,999999.0
706_9712,999999.0
706_11920,999999.0
706_12648,999999.0
707_9705,999999.0
707_9706,999999.0
707_9759,999999.0
707_11922,999999.0
708_9715,999999.0
708_9824,999999.0
708_12578,999999.0
709_9818,999999.0
709_11808,999999.0
709_11809,999999.0
710_9825,999999.0
710_9827,999999.0
711_9718,999999.0
711_9733,999999.0
711_11926,999999.0
711_11927,999999.0
712_9735,999999.0
712_9737,999999.0
713_9739,999999.0
713_9753,999999.0
713_11923,999999.0
714_9732,999999.0
714_9738,999999.0
715_5809,999999.0
715_9756,999999.0
715_9761,999999.0
715_12630,999999.0
716_9726,999999.0
716_9730,999999.0
717_9721,999999.0
717_9723,999999.0
717_11925,999999.0
718_9751,999999.0
718_9763,999999.0
718_9778,999999.0
718_10393,999999.0
719_9767,999999.0
719_9785,999999.0
719_12607,999999.0
719_12609,999999.0
720_8906,999999.0
720_9766,999999.0
720_12629,999999.0
721_9698,999999.0
721_9701,999999.0
721_9703,999999.0
722_9691,999999.0
722_9692,999999.0
722_9696,999999.0
722_11916,999999.0
723_8805,999999.0
723_8806,999999.0
723_11917,999999.0
724_3520,999999.0
724_8807,999999.0
724_8808,999999.0
725_8809,999999.0
725_8810,999999.0
725_11914,999999.0
726_5800,999999.0
726_5802,999999.0
726_8813,999999.0
726_12143,999999.0
727_8814,999999.0
727_8815,999999.0
727_12637,999999.0
727_12639,999999.0
728_8818,999999.0
728_10427,999999.0
728_11909,999999.0
728_11910,999999.0
729_8819,999999.0
729_8820,999999.0
729_11906,999999.0
729_12660,999999.0
730_8822,999999.0
730_8823,999999.0
730_11919,999999.0
731_2319,999999.0
731_8825,999999.0
731_8826,999999.0
731_11884,999999.0
732_8827,999999.0
732_8828,999999.0
732_8829,999999.0
733_8830,999999.0
733_8831,999999.0
733_8832,999999.0
733_12665,999999.0
734_3530,999999.0
734_8833,999999.0
734_12664,999999.0
735_2688,999999.0
735_8834,999999.0
735_8835,999999.0
736_8836,999999.0
736_8837,999999.0
736_8838,999999.0
737_8839,999999.0
737_11902,999999.0
737_12737,999999.0
737_12739,999999.0
738_2649,999999.0
738_8842,999999.0
738_11918,999999.0
739_8844,999999.0
739_8845,999999.0
739_8846,999999.0
739_11896,999999.0
740_3528,999999.0
740_8847,999999.0
740_8848,999999.0
740_11889,999999.0
741_8843,999999.0
741_8849,999999.0
741_8850,999999.0
742_8851,999999.0
742_8852,999999.0
742_8853,999999.0
742_9054,999999.0
743_3030,999999.0
743_8854,999999.0
743_8855,999999.0
743_11883,999999.0
744_8856,999999.0
744_8857,999999.0
744_8858,999999.0
744_11882,999999.0
745_8859,999999.0
745_8860,999999.0
746_8861,999999.0
746_8863,999999.0
746_11888,999999.0
747_8864,999999.0
747_8865,999999.0
747_8866,999999.0
747_12719,999999.0
748_6477,999999.0
748_8867,999999.0
748_12720,999999.0
748_12722,999999.0
749_8870,999999.0
749_8871,999999.0
749_8873,999999.0
749_12730,999999.0
750_2300,999999.0
750_8875,999999.0
750_11879,999999.0
751_8876,999999.0
751_8877,999999.0
751_9055,999999.0
751_11880,999999.0
752_3036,999999.0
752_8878,999999.0
752_8879,999999.0
752_11878,999999.0
753_3033,999999.0
753_8880,999999.0
753_8882,999999.0
753_12702,999999.0
754_3032,999999.0
754_8883,999999.0
754_8885,999999.0
755_8884,999999.0
755_8886,999999.0
755_11886,999999.0
755_12703,999999.0
756_8887,999999.0
756_8888,999999.0
756_11887,999999.0
757_8890,999999.0
757_8891,999999.0
757_8892,999999.0
757_8893,999999.0
758_2279,999999.0
758_3046,999999.0
758_8894,999999.0
758_8895,999999.0
759_8896,999999.0
759_8897,999999.0
759_8898,999999.0
760_8389,999999.0
760_8899,999999.0
760_8900,999999.0
760_8901,999999.0
761_7004,999999.0
761_12693,999999.0
761_12695,999999.0
762_5811,999999.0
762_5813,999999.0
762_12616,999999.0
762_12617,999999.0
763_9770,999999.0
763_9776,999999.0
763_9784,999999.0
763_12614,999999.0
764_8902,999999.0
764_8903,999999.0
764_8904,999999.0
764_10461,999999.0
765_8905,999999.0
765_8907,999999.0
765_12612,999999.0
765_12622,999999.0
766_5814,999999.0
766_5815,999999.0
766_9792,999999.0
766_10365,999999.0
767_8908,999999.0
767_8909,999999.0
767_8910,999999.0
767_8949,999999.0
768_3522,999999.0
768_8911,999999.0
768_8912,999999.0
769_5817,999999.0
769_8913,999999.0
769_8914,999999.0
769_8915,999999.0
770_5818,999999.0
770_8916,999999.0
770_8917,999999.0
770_12594,999999.0
771_8920,999999.0
771_12595,999999.0
772_8922,999999.0
772_9056,999999.0
772_11955,999999.0
773_8923,999999.0
773_8924,999999.0
773_8925,999999.0
774_8921,999999.0
774_8926,999999.0
774_8929,999999.0
774_11954,999999.0
775_5816,999999.0
775_8393,999999.0
775_8927,999999.0
775_8928,999999.0
776_8930,999999.0
776_8932,999999.0
777_8934,999999.0
777_10444,999999.0
778_8935,999999.0
778_8936,999999.0
778_8937,999999.0
779_8938,999999.0
779_8939,999999.0
779_11956,999999.0
780_8940,999999.0
780_8941,999999.0
780_8942,999999.0
780_12685,999999.0
781_8945,999999.0
781_11936,999999.0
781_12625,999999.0
782_2235,999999.0
782_8946,999999.0
782_8947,999999.0
783_10445,999999.0
783_10446,999999.0
783_11934,999999.0
783_11935,999999.0
784_8951,999999.0
784_8953,999999.0
784_11933,999999.0
785_2189,999999.0
785_2193,999999.0
785_9057,999999.0
785_11932,999999.0
786_8954,999999.0
786_11931,999999.0
786_12687,999999.0
787_8956,999999.0
787_12688,999999.0
787_12691,999999.0
788_8959,999999.0
788_8960,999999.0
788_8961,999999.0
789_2095,999999.0
789_8962,999999.0
789_8963,999999.0
790_8964,999999.0
790_8966,999999.0
790_11938,999999.0
791_8967,999999.0
791_8968,999999.0
791_8969,999999.0
791_11943,999999.0
792_8971,999999.0
792_8972,999999.0
792_11941,999999.0
792_11942,999999.0
793_8974,999999.0
793_11940,999999.0
794_8976,999999.0
794_8977,999999.0
794_8978,999999.0
794_11929,999999.0
795_8979,999999.0
795_8980,999999.0
795_8981,999999.0
795_11930,999999.0
796_8982,999999.0
796_8983,999999.0
796_8984,999999.0
796_11946,999999.0
797_8985,999999.0
797_8986,999999.0
797_8987,999999.0
797_11945,999999.0
798_8988,999999.0
798_8989,999999.0
798_8990,999999.0
798_11944,999999.0
799_8991,999999.0
799_8992,999999.0
799_8993,999999.0
800_2118,999999.0
800_8994,999999.0
800_8995,999999.0
800_8996,999999.0
801_8998,999999.0
801_9000,999999.0
801_9001,999999.0
802_9002,999999.0
802_9003,999999.0
802_9004,999999.0
802_9005,999999.0
803_3015,999999.0
803_9006,999999.0
803_9007,999999.0
804_9008,999999.0
804_9009,999999.0
804_9010,999999.0
804_9011,999999.0
805_9012,999999.0
805_9013,999999.0
805_13324,999999.0
806_2218,999999.0
806_3476,999999.0
806_5825,999999.0
806_9015,999999.0
807_2214,999999.0
807_5824,999999.0
807_9017,999999.0
808_2210,999999.0
808_9016,999999.0
808_9018,999999.0
809_2195,999999.0
809_2196,999999.0
809_9020,999999.0
810_2197,999999.0
810_9021,999999.0
810_11951,999999.0
811_9022,999999.0
811_9023,999999.0
811_11949,999999.0
812_9025,999999.0
812_9027,999999.0
812_11937,999999.0
813_9028,999999.0
813_9029,999999.0
813_9030,999999.0
813_11950,999999.0
814_9031,999999.0
814_9032,999999.0
814_9033,999999.0
815_9937,999999.0
815_9939,999999.0
815_11799,999999.0
816_9942,999999.0
816_9944,999999.0
816_11800,999999.0
817_3525,999999.0
817_5819,999999.0
817_9034,999999.0
817_9035,999999.0
818_2229,999999.0
818_5821,999999.0
818_12679,999999.0
818_12680,999999.0
819_9949,999999.0
819_9951,999999.0
819_11952,999999.0
819_11953,999999.0
820_10436,999999.0
820_10439,999999.0
820_10440,999999.0
820_10462,999999.0
821_9953,999999.0
821_9954,999999.0
821_9956,999999.0
822_9969,999999.0
822_9972,999999.0
822_9973,999999.0
823_9967,999999.0
823_9975,999999.0
823_9976,999999.0
824_9929,999999.0
824_9930,999999.0
824_9933,999999.0
824_9935,999999.0
825_9925,999999.0
825_9926,999999.0
825_9928,999999.0
826_9906,999999.0
826_9908,999999.0
826_9921,999999.0
826_12599,999999.0
827_9900,999999.0
827_9902,999999.0
827_12562,999999.0
828_9916,999999.0
828_9919,999999.0
828_10118,999999.0
828_12596,999999.0
829_9922,999999.0
830_9790,999999.0
830_9801,999999.0
830_9802,999999.0
830_9804,999999.0
831_9727,999999.0
831_9744,999999.0
831_9810,999999.0
832_9812,999999.0
832_9815,999999.0
832_10452,999999.0
832_11083,999999.0
833_9893,999999.0
833_9912,999999.0
833_12112,999999.0
833_12565,999999.0
834_9886,999999.0
834_9888,999999.0
834_9890,999999.0
835_9848,999999.0
835_9851,999999.0
835_9853,999999.0
835_11804,999999.0
836_9842,999999.0
836_10137,999999.0
836_11805,999999.0
836_11806,999999.0
837_9830,999999.0
837_9835,999999.0
837_9846,999999.0
838_9833,999999.0
838_9834,999999.0
838_9837,999999.0
838_11807,999999.0
839_9838,999999.0
839_9840,999999.0
840_9855,999999.0
840_9857,999999.0
840_9859,999999.0
841_9882,999999.0
841_9894,999999.0
841_12553,999999.0
841_12554,999999.0
842_9861,999999.0
842_9864,999999.0
842_11802,999999.0
843_9874,999999.0
843_9875,999999.0
843_9877,999999.0
844_10081,999999.0
844_12493,999999.0
844_12499,999999.0
844_12502,999999.0
845_9866,999999.0
845_9867,999999.0
845_9869,999999.0
846_10084,999999.0
846_10086,999999.0
846_12503,999999.0
847_10089,999999.0
847_10090,999999.0
848_3057,999999.0
848_10077,999999.0
848_12528,999999.0
849_10059,999999.0
849_10060,999999.0
849_10071,999999.0
849_12531,999999.0
850_10065,999999.0
850_10068,999999.0
850_12537,999999.0
851_9870,999999.0
851_9879,999999.0
851_10064,999999.0
851_12539,999999.0
852_9895,999999.0
852_9896,999999.0
852_9898,999999.0
852_12555,999999.0
853_9984,999999.0
853_9986,999999.0
853_9987,999999.0
853_12542,999999.0
854_9981,999999.0
854_12588,999999.0
854_12590,999999.0
854_12591,999999.0
855_9989,999999.0
855_9991,999999.0
856_10037,999999.0
856_10039,999999.0
856_10051,999999.0
856_12535,999999.0
857_10014,999999.0
857_10019,999999.0
858_9997,999999.0
858_10001,999999.0
858_10017,999999.0
858_11794,999999.0
859_2869,999999.0
859_10029,999999.0
859_10031,999999.0
860_10004,999999.0
860_10006,999999.0
860_10007,999999.0
861_10011,999999.0
862_2591,999999.0
862_10034,999999.0
862_10105,999999.0
862_12520,999999.0
863_3199,999999.0
863_10008,999999.0
863_10033,999999.0
863_10155,999999.0
864_10042,999999.0
864_12514,999999.0
865_10054,999999.0
865_10055,999999.0
865_10058,999999.0
866_9624,999999.0
866_10052,999999.0
866_12512,999999.0
867_10043,999999.0
867_10045,999999.0
867_12517,999999.0
868_1611,999999.0
868_1612,999999.0
868_2318,999999.0
868_11895,999999.0
869_1613,999999.0
869_11893,999999.0
869_11894,999999.0
869_12704,999999.0
870_1615,999999.0
870_1616,999999.0
870_1621,999999.0
870_11892,999999.0
871_1617,999999.0
871_1618,999999.0
871_1619,999999.0
871_3034,999999.0
872_1620,999999.0
872_3513,999999.0
872_11890,999999.0
872_11891,999999.0
873_6921,999999.0
873_6922,999999.0
873_6923,999999.0
873_6924,999999.0
874_6942,999999.0
874_6968,999999.0
874_6970,999999.0
875_2441,999999.0
875_2443,999999.0
875_3129,999999.0
875_6992,999999.0
876_7358,999999.0
876_10457,999999.0
876_11852,999999.0
877_2603,999999.0
877_2604,999999.0
877_7359,999999.0
877_11871,999999.0
878_11041,999999.0
878_11873,999999.0
878_11874,999999.0
878_11875,999999.0
879_2492,999999.0
879_2493,999999.0
879_7363,999999.0
880_2527,999999.0
880_2529,999999.0
880_7364,999999.0
881_7365,999999.0
881_12901,999999.0
881_12902,999999.0
882_2502,999999.0
882_2505,999999.0
882_7367,999999.0
882_11876,999999.0
883_2519,999999.0
883_2595,999999.0
883_7368,999999.0
883_11854,999999.0
884_2521,999999.0
884_7369,999999.0
884_7370,999999.0
885_2533,999999.0
885_3484,999999.0
885_7371,999999.0
885_8010,999999.0
886_2522,999999.0
886_7372,999999.0
886_7373,999999.0
886_11870,999999.0
887_3485,999999.0
887_7374,999999.0
887_7375,999999.0
887_11868,999999.0
888_7376,999999.0
888_7377,999999.0
888_7378,999999.0
889_7380,999999.0
889_7381,999999.0
889_12905,999999.0
890_7382,999999.0
890_9091,999999.0
890_12906,999999.0
891_7383,999999.0
891_7384,999999.0
891_12908,999999.0
892_2512,999999.0
892_7385,999999.0
892_11759,999999.0
892_12878,999999.0
893_7386,999999.0
893_7388,999999.0
893_7634,999999.0
893_11855,999999.0
894_2510,999999.0
894_7389,999999.0
894_7390,999999.0
895_2517,999999.0
895_7391,999999.0
895_7392,999999.0
895_11853,999999.0
896_2456,999999.0
896_2459,999999.0
896_7393,999999.0
896_11758,999999.0
897_2461,999999.0
897_2465,999999.0
897_7387,999999.0
897_7633,999999.0
898_2450,999999.0
898_7636,999999.0
898_12882,999999.0
899_2500,999999.0
899_7637,999999.0
899_7638,999999.0
900_2370,999999.0
900_4337,999999.0
900_11763,999999.0
900_12881,999999.0
901_7640,999999.0
901_7641,999999.0
901_11760,999999.0
902_2457,999999.0
902_7642,999999.0
902_7644,999999.0
903_3477,999999.0
903_7645,999999.0
903_7646,999999.0
903_12858,999999.0
904_2429,999999.0
904_2438,999999.0
904_7647,999999.0
904_12885,999999.0
905_2440,999999.0
905_7649,999999.0
905_7650,999999.0
906_2422,999999.0
906_7651,999999.0
906_7652,999999.0
906_7655,999999.0
907_7653,999999.0
907_7654,999999.0
907_11842,999999.0
908_7656,999999.0
908_11843,999999.0
908_12854,999999.0
908_12855,999999.0
909_7658,999999.0
909_7660,999999.0
909_11841,999999.0
909_12856,999999.0
910_2415,999999.0
910_5793,999999.0
910_7661,999999.0
911_5794,999999.0
911_9299,999999.0
911_11042,999999.0
912_7662,999999.0
912_7663,999999.0
912_7811,999999.0
912_12850,999999.0
913_5791,999999.0
913_8774,999999.0
913_11047,999999.0
913_12851,999999.0
914_3100,999999.0
914_5792,999999.0
915_9307,999999.0
915_9308,999999.0
915_9380,999999.0
916_9387,999999.0
916_9388,999999.0
916_9389,999999.0
916_11834,999999.0
917_9392,999999.0
917_9393,999999.0
917_9397,999999.0
917_9399,999999.0
918_9390,999999.0
918_10277,999999.0
918_10278,999999.0
918_12827,999999.0
919_9424,999999.0
919_11813,999999.0
919_12825,999999.0
920_9480,999999.0
920_9483,999999.0
920_10281,999999.0
920_12817,999999.0
921_9430,999999.0
921_9431,999999.0
921_11816,999999.0
921_11817,999999.0
922_9474,999999.0
922_9477,999999.0
922_9478,999999.0
923_9465,999999.0
923_9468,999999.0
923_11818,999999.0
923_12782,999999.0
924_9498,999999.0
924_9592,999999.0
924_11815,999999.0
924_12811,999999.0
925_9487,999999.0
925_9488,999999.0
925_9493,999999.0
925_12808,999999.0
926_9593,999999.0
926_10287,999999.0
927_9501,999999.0
927_9503,999999.0
927_9504,999999.0
927_12780,999999.0
928_9508,999999.0
928_9554,999999.0
928_12759,999999.0
928_12760,999999.0
929_9549,999999.0
929_9556,999999.0
929_12763,999999.0
929_12765,999999.0
930_9510,999999.0
930_9511,999999.0
931_9516,999999.0
931_9518,999999.0
931_12775,999999.0
931_12776,999999.0
932_9540,999999.0
932_9547,999999.0
932_9548,999999.0
932_11819,999999.0
933_9521,999999.0
933_9523,999999.0
933_9537,999999.0
934_9525,999999.0
934_9535,999999.0
934_9536,999999.0
935_9528,999999.0
935_9534,999999.0
935_9594,999999.0
936_9541,999999.0
936_9545,999999.0
937_9457,999999.0
937_9458,999999.0
937_12771,999999.0
937_12772,999999.0
938_1674,999999.0
938_1676,999999.0
938_9563,999999.0
938_12741,999999.0
939_9570,999999.0
939_12746,999999.0
939_12748,999999.0
940_9571,999999.0
941_9577,999999.0
941_9578,999999.0
941_9587,999999.0
941_12750,999999.0
942_9581,999999.0
942_9582,999999.0
942_9585,999999.0
942_12752,999999.0
943_9443,999999.0
943_9447,999999.0
943_9448,999999.0
943_9449,999999.0
944_9632,999999.0
944_9634,999999.0
944_12793,999999.0
944_12794,999999.0
945_9432,999999.0
945_9434,999999.0
946_9438,999999.0
946_9441,999999.0
946_11820,999999.0
946_12802,999999.0
947_9332,999999.0
947_9338,999999.0
947_9340,999999.0
947_12804,999999.0
948_9329,999999.0
948_9331,999999.0
948_9335,999999.0
949_9345,999999.0
949_11821,999999.0
949_12840,999999.0
949_12843,999999.0
950_9348,999999.0
950_9365,999999.0
950_9372,999999.0
950_12835,999999.0
951_9362,999999.0
951_9363,999999.0
951_11826,999999.0
951_11827,999999.0
952_9385,999999.0
952_9612,999999.0
952_11830,999999.0
952_11831,999999.0
953_9407,999999.0
953_9416,999999.0
953_9418,999999.0
953_9629,999999.0
954_9412,999999.0
954_9415,999999.0
954_11829,999999.0
955_9359,999999.0
955_9360,999999.0
955_11828,999999.0
956_9400,999999.0
956_9402,999999.0
956_11832,999999.0
957_9378,999999.0
957_11054,999999.0
957_11836,999999.0
957_11837,999999.0
958_9292,999999.0
958_11522,999999.0
958_11523,999999.0
958_11526,999999.0
959_9290,999999.0
959_11845,999999.0
959_12864,999999.0
960_5784,999999.0
960_9323,999999.0
960_9324,999999.0
960_9369,999999.0
961_9284,999999.0
961_9321,999999.0
961_11537,999999.0
962_9275,999999.0
962_9280,999999.0
962_9281,999999.0
963_9311,999999.0
963_9317,999999.0
963_9625,999999.0
963_12844,999999.0
964_7982,999999.0
964_7983,999999.0
964_11856,999999.0
964_11857,999999.0
965_11858,999999.0
965_11859,999999.0
965_11860,999999.0
966_7986,999999.0
966_7987,999999.0
966_7988,999999.0
967_7989,999999.0
967_7990,999999.0
967_7991,999999.0
968_7992,999999.0
968_7993,999999.0
968_7994,999999.0
968_11865,999999.0
969_3483,999999.0
969_7995,999999.0
969_7996,999999.0
970_7997,999999.0
970_7998,999999.0
970_11863,999999.0
971_7999,999999.0
971_11864,999999.0
972_2574,999999.0
972_3123,999999.0
972_8000,999999.0
973_2541,999999.0
973_2544,999999.0
973_8002,999999.0
973_11862,999999.0
974_2587,999999.0
974_2589,999999.0
974_8003,999999.0
974_8004,999999.0
975_8001,999999.0
975_11866,999999.0
975_11867,999999.0
975_12890,999999.0
976_2536,999999.0
976_2537,999999.0
976_11869,999999.0
977_8007,999999.0
977_8008,999999.0
978_8011,999999.0
978_8012,999999.0
979_7921,999999.0
979_7926,999999.0
979_8013,999999.0
980_7915,999999.0
980_7929,999999.0
980_12986,999999.0
981_7916,999999.0
981_8015,999999.0
981_12970,999999.0
982_8016,999999.0
982_8017,999999.0
982_12974,999999.0
983_8018,999999.0
983_8019,999999.0
983_8020,999999.0
984_7730,999999.0
984_7886,999999.0
984_12971,999999.0
985_7761,999999.0
985_8021,999999.0
985_8283,999999.0
986_7709,999999.0
986_7710,999999.0
986_7715,999999.0
986_7718,999999.0
987_7746,999999.0
987_7749,999999.0
987_7764,999999.0
988_7790,999999.0
988_7793,999999.0
988_8022,999999.0
988_8023,999999.0
989_7786,999999.0
989_8024,999999.0
990_7787,999999.0
990_9092,999999.0
990_12947,999999.0
991_7794,999999.0
991_7799,999999.0
991_12952,999999.0
991_12954,999999.0
992_8026,999999.0
992_8027,999999.0
992_8028,999999.0
993_7670,999999.0
993_7706,999999.0
993_8029,999999.0
994_7826,999999.0
994_7827,999999.0
994_7828,999999.0
995_7859,999999.0
995_7860,999999.0
995_8030,999999.0
996_8031,999999.0
996_8032,999999.0
996_8033,999999.0
997_7882,999999.0
997_8034,999999.0
997_8035,999999.0
998_8036,999999.0
998_8037,999999.0
998_12963,999999.0
999_7893,999999.0
999_8038,999999.0
999_8040,999999.0
1000_7784,999999.0
1000_8041,999999.0
1001_8042,999999.0
1001_8284,999999.0
1002_7928,999999.0
1002_7940,999999.0
1002_12984,999999.0
1002_12985,999999.0
1003_7931,999999.0
1003_8014,999999.0
1003_8043,999999.0
1003_8265,999999.0
1004_7934,999999.0
1004_7936,999999.0
1004_7954,999999.0
1004_8044,999999.0
1005_7895,999999.0
1005_7896,999999.0
1005_7911,999999.0
1005_8045,999999.0
1006_5858,999999.0
1006_7871,999999.0
1006_8269,999999.0
1006_11995,999999.0
1007_8047,999999.0
1007_11997,999999.0
1007_11998,999999.0
1007_12991,999999.0
1008_11245,999999.0
1008_11246,999999.0
1008_11767,999999.0
1008_13012,999999.0
1009_8048,999999.0
1009_11765,999999.0
1009_11768,999999.0
1010_7964,999999.0
1010_7965,999999.0
1010_7976,999999.0
1010_13007,999999.0
1011_7944,999999.0
1011_7949,999999.0
1011_7963,999999.0
1011_13003,999999.0
1012_8049,999999.0
1012_8050,999999.0
1012_11769,999999.0
1012_11770,999999.0
1013_8051,999999.0
1013_8052,999999.0
1013_8053,999999.0
1013_12998,999999.0
1014_7959,999999.0
1014_11996,999999.0
1015_7853,999999.0
1015_7854,999999.0
1015_7861,999999.0
1016_5853,999999.0
1016_7850,999999.0
1016_7863,999999.0
1016_12926,999999.0
1017_11124,999999.0
1017_11129,999999.0
1017_11130,999999.0
1017_11184,999999.0
1018_7824,999999.0
1018_8054,999999.0
1018_8055,999999.0
1018_11999,999999.0
1019_7609,999999.0
1019_7838,999999.0
1019_8056,999999.0
1019_11107,999999.0
1020_8058,999999.0
1020_8059,999999.0
1020_11994,999999.0
1021_7802,999999.0
1021_7804,999999.0
1021_7805,999999.0
1021_7818,999999.0
1022_7772,999999.0
1022_7775,999999.0
1022_7777,999999.0
1022_7808,999999.0
1023_5849,999999.0
1023_7813,999999.0
1023_7841,999999.0
1023_8060,999999.0
1024_11077,999999.0
1024_11079,999999.0
1024_11080,999999.0
1024_11081,999999.0
1025_8397,999999.0
1025_11090,999999.0
1025_11091,999999.0
1025_11095,999999.0
1026_11085,999999.0
1026_11087,999999.0
1027_11099,999999.0
1027_11111,999999.0
1027_11112,999999.0
1027_11118,999999.0
1028_11146,999999.0
1028_11151,999999.0
1028_11154,999999.0
1028_11156,999999.0
1029_11166,999999.0
1029_11167,999999.0
1029_11174,999999.0
1029_12920,999999.0
1030_11137,999999.0
1030_11144,999999.0
1030_12916,999999.0
1030_12918,999999.0
1031_11133,999999.0
1031_11134,999999.0
1031_11163,999999.0
1031_11165,999999.0
1032_11177,999999.0
1032_11179,999999.0
1032_11181,999999.0
1032_11190,999999.0
1033_11194,999999.0
1033_11199,999999.0
1033_11642,999999.0
1033_12929,999999.0
1034_11230,999999.0
1034_11234,999999.0
1034_11235,999999.0
1034_11242,999999.0
1035_11205,999999.0
1035_11206,999999.0
1035_11227,999999.0
1035_12930,999999.0
1036_12940,999999.0
1036_12942,999999.0
1036_12943,999999.0
1037_11222,999999.0
1037_11253,999999.0
1037_12932,999999.0
1037_12935,999999.0
1038_8398,999999.0
1039_8090,999999.0
1039_8375,999999.0
1039_8673,999999.0
1040_8674,999999.0
1040_8675,999999.0
1040_12014,999999.0
1041_6677,999999.0
1041_6679,999999.0
1041_8676,999999.0
1042_8677,999999.0
1042_11060,999999.0
1042_12016,999999.0
1043_6643,999999.0
1043_8680,999999.0
1043_8681,999999.0
1044_6632,999999.0
1044_6644,999999.0
1044_8682,999999.0
1045_6629,999999.0
1045_6646,999999.0
1045_12018,999999.0
1046_8683,999999.0
1046_12021,999999.0
1046_12022,999999.0
1047_6608,999999.0
1047_12019,999999.0
1047_12020,999999.0
1048_6609,999999.0
1048_8687,999999.0
1048_12027,999999.0
1049_6607,999999.0
1049_8688,999999.0
1049_11061,999999.0
1050_6619,999999.0
1050_8110,999999.0
1050_8690,999999.0
1050_12025,999999.0
1051_6625,999999.0
1051_6627,999999.0
1051_6628,999999.0
1051_8678,999999.0
1052_6624,999999.0
1052_8104,999999.0
1052_8691,999999.0
1052_12023,999999.0
1053_6621,999999.0
1053_6656,999999.0
1053_8103,999999.0
1053_8692,999999.0
1054_6693,999999.0
1054_6694,999999.0
1054_6696,999999.0
1054_12024,999999.0
1055_8693,999999.0
1055_8694,999999.0
1056_6691,999999.0
1056_8695,999999.0
1056_8696,999999.0
1056_13018,999999.0
1057_6685,999999.0
1057_6994,999999.0
1057_8092,999999.0
1057_13016,999999.0
1058_6681,999999.0
1058_6684,999999.0
1058_13015,999999.0
1059_6683,999999.0
1059_8698,999999.0
1060_8699,999999.0
1060_8700,999999.0
1061_6763,999999.0
1061_6989,999999.0
1061_8701,999999.0
1061_8702,999999.0
1062_6764,999999.0
1062_8704,999999.0
1062_8705,999999.0
1063_6741,999999.0
1063_8093,999999.0
1063_8706,999999.0
1063_8707,999999.0
1064_6775,999999.0
1064_6776,999999.0
1064_6778,999999.0
1065_8095,999999.0
1065_11063,999999.0
1065_11064,999999.0
1066_6812,999999.0
1066_6824,999999.0
1066_8096,999999.0
1066_8710,999999.0
1067_6854,999999.0
1067_6855,999999.0
1067_6999,999999.0
1068_5866,999999.0
1068_7000,999999.0
1068_8711,999999.0
1068_8712,999999.0
1069_5867,999999.0
1069_5868,999999.0
1069_8715,999999.0
1070_6794,999999.0
1070_6797,999999.0
1070_8716,999999.0
1071_6858,999999.0
1071_6859,999999.0
1071_8717,999999.0
1072_6863,999999.0
1072_6865,999999.0
1072_6866,999999.0
1073_6872,999999.0
1073_6879,999999.0
1073_8718,999999.0
1073_8719,999999.0
1074_5865,999999.0
1074_6878,999999.0
1074_8720,999999.0
1074_8721,999999.0
1075_5863,999999.0
1075_5864,999999.0
1075_6895,999999.0
1075_8079,999999.0
1076_6909,999999.0
1076_6910,999999.0
1076_8723,999999.0
1077_8725,999999.0
1077_8726,999999.0
1078_6904,999999.0
1078_6905,999999.0
1078_8727,999999.0
1078_13014,999999.0
1079_11274,999999.0
1079_11276,999999.0
1079_11317,999999.0
1079_12000,999999.0
1080_11279,999999.0
1080_11282,999999.0
1080_11285,999999.0
1080_12001,999999.0
1081_11292,999999.0
1082_11303,999999.0
1082_11306,999999.0
1083_12047,999999.0
1083_12048,999999.0
1084_10376,999999.0
1084_11525,999999.0
1085_11352,999999.0
1085_11370,999999.0
1085_11373,999999.0
1085_11380,999999.0
1086_11067,999999.0
1086_11349,999999.0
1086_11350,999999.0
1086_12049,999999.0
1087_11338,999999.0
1087_11342,999999.0
1088_11307,999999.0
1088_11323,999999.0
1088_11328,999999.0
1088_11511,999999.0
1089_5871,999999.0
1089_11329,999999.0
1089_11332,999999.0
1089_11335,999999.0
1090_6832,999999.0
1090_8728,999999.0
1090_12037,999999.0
1090_12038,999999.0
1091_5874,999999.0
1091_6721,999999.0
1091_8729,999999.0
1092_6723,999999.0
1092_8731,999999.0
1092_8732,999999.0
1093_6728,999999.0
1093_6731,999999.0
1093_12035,999999.0
1093_12036,999999.0
1094_5870,999999.0
1094_6737,999999.0
1094_6738,999999.0
1094_6826,999999.0
1095_8733,999999.0
1095_8734,999999.0
1095_12010,999999.0
1096_8735,999999.0
1096_8736,999999.0
1096_12009,999999.0
1097_8737,999999.0
1097_8739,999999.0
1097_12013,999999.0
1098_6750,999999.0
1098_8738,999999.0
1098_12012,999999.0
1099_6756,999999.0
1099_8740,999999.0
1099_8741,999999.0
1099_12008,999999.0
1100_6769,999999.0
1100_6770,999999.0
1100_6771,999999.0
1101_8742,999999.0
1101_8743,999999.0
1101_8744,999999.0
1101_8746,999999.0
1102_8749,999999.0
1102_12006,999999.0
1102_12007,999999.0
1103_6758,999999.0
1103_8747,999999.0
1104_8748,999999.0
1104_12005,999999.0
1105_6748,999999.0
1105_8750,999999.0
1105_8751,999999.0
1106_6913,999999.0
1106_8752,999999.0
1106_8753,999999.0
1106_12116,999999.0
1107_6595,999999.0
1107_8754,999999.0
1108_5878,999999.0
1108_6714,999999.0
1108_6715,999999.0
1108_8755,999999.0
1109_11258,999999.0
1109_11392,999999.0
1109_11394,999999.0
1110_11379,999999.0
1110_12042,999999.0
1110_12043,999999.0
1110_12044,999999.0
1111_11481,999999.0
1111_11483,999999.0
1111_11484,999999.0
1112_11496,999999.0
1112_11498,999999.0
1112_11501,999999.0
1113_11489,999999.0
1113_11492,999999.0
1113_11494,999999.0
1114_11453,999999.0
1114_11454,999999.0
1114_11478,999999.0
1115_11468,999999.0
1115_11470,999999.0
1115_11473,999999.0
1115_11476,999999.0
1116_11261,999999.0
1116_11262,999999.0
1116_11406,999999.0
1116_12052,999999.0
1117_11436,999999.0
1117_11438,999999.0
1117_11444,999999.0
1118_5879,999999.0
1118_8756,999999.0
1118_10375,999999.0
1118_12032,999999.0
1119_8108,999999.0
1119_12057,999999.0
1119_12058,999999.0
1120_6960,999999.0
1120_6962,999999.0
1120_8139,999999.0
1120_8152,999999.0
1121_8162,999999.0
1121_8179,999999.0
1121_8180,999999.0
1122_6995,999999.0
1122_6997,999999.0
1122_13264,999999.0
1123_8182,999999.0
1123_8183,999999.0
1123_8184,999999.0
1123_8185,999999.0
1124_6993,999999.0
1124_8186,999999.0
1125_7013,999999.0
1126_8187,999999.0
1126_8188,999999.0
1126_8189,999999.0
1127_6975,999999.0
1128_6927,999999.0
1128_6937,999999.0
1128_8190,999999.0
1129_6925,999999.0
1130_6933,999999.0
1130_8192,999999.0
1130_13262,999999.0
1131_6931,999999.0
1132_5795,999999.0
1132_9350,999999.0
1132_11460,999999.0
1133_5790,999999.0
1133_9436,999999.0
1133_10422,999999.0
1134_1559,999999.0
1134_7059,999999.0
1134_10455,999999.0
1135_7060,999999.0
1135_8238,999999.0
1135_10304,999999.0
1135_10561,999999.0
1136_7045,999999.0
1136_7047,999999.0
1136_8240,999999.0
1136_8241,999999.0
1137_8151,999999.0
1137_8160,999999.0
1137_13261,999999.0
1138_7040,999999.0
1138_7132,999999.0
1138_8258,999999.0
1138_13047,999999.0
1139_7136,999999.0
1139_8258,999999.0
1139_8259,999999.0
1140_8260,999999.0
1140_8270,999999.0
1140_8289,999999.0
1140_13254,999999.0
1141_8141,999999.0
1141_8290,999999.0
1141_13255,999999.0
1142_7142,999999.0
1143_8291,999999.0
1143_8292,999999.0
1144_7145,999999.0
1144_7147,999999.0
1144_7149,999999.0
1145_7123,999999.0
1145_8321,999999.0
1145_8322,999999.0
1145_13033,999999.0
1146_13034,999999.0
1146_13035,999999.0
1147_8325,999999.0
1147_8326,999999.0
1147_8327,999999.0
1147_10485,999999.0
1148_7119,999999.0
1148_8328,999999.0
1148_13028,999999.0
1149_7120,999999.0
1149_7166,999999.0
1149_9095,999999.0
1150_8161,999999.0
1150_8331,999999.0
1151_2092,999999.0
1151_2208,999999.0
1151_8862,999999.0
1152_2906,999999.0
1152_8333,999999.0
1152_12084,999999.0
1153_2634,999999.0
1153_7078,999999.0
1153_7079,999999.0
1154_7092,999999.0
1154_8164,999999.0
1154_8686,999999.0
1154_11381,999999.0
1155_8336,999999.0
1155_8337,999999.0
1155_12083,999999.0
1156_8338,999999.0
1156_8339,999999.0
1157_3478,999999.0
1157_3512,999999.0
1157_7070,999999.0
1157_10448,999999.0
1158_7074,999999.0
1158_7099,999999.0
1158_8341,999999.0
1159_7116,999999.0
1159_8342,999999.0
1159_11459,999999.0
1159_11463,999999.0
1160_7167,999999.0
1160_13109,999999.0
1160_13111,999999.0
1161_7222,999999.0
1161_7223,999999.0
1161_7225,999999.0
1161_13120,999999.0
1162_7105,999999.0
1162_7226,999999.0
1162_8345,999999.0
1162_8346,999999.0
1163_8347,999999.0
1163_13122,999999.0
1163_13125,999999.0
1164_7251,999999.0
1164_8434,999999.0
1164_12079,999999.0
1164_13130,999999.0
1165_7240,999999.0
1165_12076,999999.0
1165_12118,999999.0
1165_12119,999999.0
1166_7243,999999.0
1166_13142,999999.0
1166_13144,999999.0
1166_13147,999999.0
1167_8349,999999.0
1167_8350,999999.0
1167_13145,999999.0
1168_7250,999999.0
1168_7253,999999.0
1168_13150,999999.0
1169_7246,999999.0
1169_8351,999999.0
1169_8352,999999.0
1170_13116,999999.0
1170_13118,999999.0
1170_13128,999999.0
1171_8354,999999.0
1171_13126,999999.0
1172_7218,999999.0
1172_13039,999999.0
1172_13113,999999.0
1173_13041,999999.0
1173_13042,999999.0
1173_13043,999999.0
1174_7173,999999.0
1174_7174,999999.0
1174_8165,999999.0
1174_13069,999999.0
1175_8158,999999.0
1175_8166,999999.0
1176_7181,999999.0
1176_7183,999999.0
1176_8357,999999.0
1177_8359,999999.0
1177_8360,999999.0
1177_8368,999999.0
1178_8361,999999.0
1178_8362,999999.0
1178_8363,999999.0
1179_8364,999999.0
1179_8365,999999.0
1179_13044,999999.0
1180_8366,999999.0
1180_13056,999999.0
1180_13063,999999.0
1180_13066,999999.0
1181_7152,999999.0
1181_7154,999999.0
1181_13050,999999.0
1182_7178,999999.0
1182_13064,999999.0
1183_8370,999999.0
1183_13247,999999.0
1183_13249,999999.0
1184_8371,999999.0
1184_8372,999999.0
1185_8378,999999.0
1185_13241,999999.0
1186_7189,999999.0
1186_13244,999999.0
1187_7180,999999.0
1187_8379,999999.0
1187_13237,999999.0
1188_7195,999999.0
1188_8380,999999.0
1188_13238,999999.0
1189_8381,999999.0
1189_8382,999999.0
1190_8406,999999.0
1190_8410,999999.0
1190_12089,999999.0
1190_13234,999999.0
1191_7200,999999.0
1191_8411,999999.0
1192_7176,999999.0
1192_8412,999999.0
1192_13088,999999.0
1193_8413,999999.0
1193_9097,999999.0
1193_13085,999999.0
1194_7204,999999.0
1194_13077,4733.0
1194_13080,999999.0
1195_8416,999999.0
1195_9162,999999.0
1195_12086,999999.0
1195_13091,999999.0
1196_7203,999999.0
1196_8417,999999.0
1196_13096,999999.0
1197_8157,999999.0
1197_8418,999999.0
1197_13098,999999.0
1198_8419,999999.0
1198_8420,999999.0
1198_13070,999999.0
1198_13072,999999.0
1199_7215,999999.0
1199_8421,999999.0
1199_9098,999999.0
1200_8422,999999.0
1200_8423,999999.0
1200_13107,999999.0
1201_7208,999999.0
1201_7210,999999.0
1201_13104,999999.0
1201_13106,999999.0
1202_7258,999999.0
1202_8424,999999.0
1202_13204,999999.0
1202_13207,999999.0
1203_7260,999999.0
1203_7261,999999.0
1203_7262,999999.0
1203_13105,999999.0
1204_8425,999999.0
1204_13177,999999.0
1204_13179,999999.0
1204_13192,999999.0
1205_8426,999999.0
1205_8427,999999.0
1205_13175,999999.0
1206_8428,999999.0
1206_11563,999999.0
1206_13172,999999.0
1207_7267,999999.0
1207_8429,999999.0
1208_7193,999999.0
1208_8430,999999.0
1208_12088,999999.0
1209_7270,999999.0
1209_13182,999999.0
1209_13184,999999.0
1210_8431,999999.0
1210_9099,999999.0
1210_12075,999999.0
1210_13190,999999.0
1211_7256,999999.0
1211_8433,999999.0
1211_9100,999999.0
1211_13197,999999.0
1212_7328,999999.0
1212_7329,999999.0
1212_13200,999999.0
1213_8436,999999.0
1213_8442,999999.0
1213_12073,999999.0
1214_7342,999999.0
1214_7343,999999.0
1214_12060,999999.0
1214_13152,999999.0
1215_7337,999999.0
1215_7339,999999.0
1215_12062,999999.0
1215_13156,999999.0
1216_8438,999999.0
1216_12065,999999.0
1216_13157,999999.0
1216_13325,999999.0
1217_8439,999999.0
1217_8444,999999.0
1217_12071,999999.0
1217_12072,999999.0
1218_7322,999999.0
1218_7324,999999.0
1218_7325,999999.0
1219_8441,999999.0
1219_9101,999999.0
1219_9103,999999.0
1219_13214,999999.0
1220_8443,999999.0
1220_13216,999999.0
1221_9102,999999.0
1221_13211,999999.0
1222_8432,999999.0
1222_8446,999999.0
1222_8447,999999.0
1223_8448,999999.0
1223_8449,999999.0
1223_13223,999999.0
1224_8451,999999.0
1224_8452,999999.0
1224_13227,999999.0
1224_13229,999999.0
1225_4153,999999.0
1225_7280,999999.0
1226_7284,999999.0
1226_7286,999999.0
1226_8454,999999.0
1226_12070,999999.0
1227_7272,999999.0
1227_8455,999999.0
1227_8456,999999.0
1228_7305,999999.0
1228_7307,999999.0
1228_8457,999999.0
1228_8458,999999.0
1229_7291,999999.0
1229_7310,999999.0
1229_11614,999999.0
1230_8460,999999.0
1230_12067,999999.0
1230_12068,999999.0
1231_5886,999999.0
1231_5887,999999.0
1231_8461,999999.0
1231_13170,999999.0
1232_13161,999999.0
1232_13164,999999.0
1232_13165,999999.0
1232_13166,999999.0
1233_10336,999999.0
1233_11553,999999.0
1233_11555,999999.0
1233_11558,999999.0
1234_11547,999999.0
1235_11578,999999.0
1235_11584,999999.0
1235_11585,999999.0
1236_11574,999999.0
1236_11577,999999.0
1236_11609,999999.0
1237_11594,999999.0
1237_11607,999999.0
1238_11603,999999.0
1238_11616,999999.0
1238_11619,999999.0
1238_11621,999999.0
1239_5808,999999.0
1239_7082,999999.0
1239_8463,999999.0
1240_8358,999999.0
1241_7188,999999.0
1242_7415,999999.0
1242_8061,999999.0
1242_8062,999999.0
1242_8063,999999.0
1243_11773,999999.0
1243_11774,999999.0
1243_13274,999999.0
1244_7429,999999.0
1245_13276,999999.0
1245_13278,999999.0
1246_8067,999999.0
1246_8068,999999.0
1246_11736,999999.0
1247_7470,999999.0
1247_7472,999999.0
1247_8069,999999.0
1248_7486,999999.0
1249_5899,999999.0
1249_7476,999999.0
1249_7478,999999.0
1249_8070,999999.0
1250_7512,999999.0
1250_7623,999999.0
1250_7628,999999.0
1250_7679,999999.0
1251_8082,999999.0
1251_8084,999999.0
1251_13268,999999.0
1252_5900,999999.0
1252_7443,999999.0
1252_7447,999999.0
1252_8107,999999.0
1253_11777,999999.0
1253_11778,999999.0
1253_13272,999999.0
1254_7612,999999.0
1254_13359,999999.0
1254_13360,999999.0
1255_4108,999999.0
1255_4115,999999.0
1255_4129,999999.0
1256_7553,999999.0
1256_7778,999999.0
1256_7810,999999.0
1256_8130,999999.0
1257_7712,999999.0
1257_7901,999999.0
1257_7904,999999.0
1257_8509,999999.0
1258_4114,999999.0
1258_7615,999999.0
1258_8221,999999.0
1258_11991,999999.0
1259_9265,999999.0
1259_9266,999999.0
1259_11665,999999.0
1259_11666,999999.0
1260_9205,999999.0
1260_9264,999999.0
1260_11655,999999.0
1260_11657,999999.0
1261_9198,999999.0
1261_11675,999999.0
1261_11680,999999.0
1261_11754,999999.0
1262_8129,999999.0
1262_11747,999999.0
1263_7529,999999.0
1263_11691,999999.0
1263_11692,999999.0
1263_11694,999999.0
1264_7505,999999.0
1264_8136,999999.0
1264_8137,999999.0
1264_8220,999999.0
1265_11704,999999.0
1265_11708,999999.0
1265_11710,999999.0
1266_11712,999999.0
1266_11725,999999.0
1266_11729,999999.0
1266_11993,999999.0
1267_5905,999999.0
1267_11717,999999.0
1267_11719,999999.0
1267_11721,999999.0
1268_5913,999999.0
1268_11734,999999.0
1268_11737,999999.0
1269_10310,999999.0
1269_10312,999999.0
1269_10349,999999.0
1270_10247,999999.0
1270_10317,999999.0
1270_10402,999999.0
1270_10404,999999.0
1271_10319,999999.0
1271_10664,999999.0
1271_11038,999999.0
1271_12209,999999.0
1272_2703,999999.0
1272_8801,999999.0
1272_8802,999999.0
1272_10322,999999.0
1273_10387,999999.0
1273_10390,999999.0
1273_10391,999999.0
1273_10392,999999.0
1274_9829,999999.0
1274_10282,999999.0
1274_10418,999999.0
1274_11810,999999.0
1275_9742,999999.0
1275_9748,999999.0
1275_10419,999999.0
1275_11924,999999.0
1276_8811,999999.0
1276_8812,999999.0
1276_10420,999999.0
1276_10426,999999.0
1277_5801,999999.0
1277_5803,999999.0
1277_8817,999999.0
1277_10428,999999.0
1278_8824,999999.0
1278_10429,999999.0
1278_10430,999999.0
1278_12736,999999.0
1279_8933,999999.0
1279_11957,999999.0
1280_8948,999999.0
1280_10447,999999.0
1280_11947,999999.0
1280_11948,999999.0
1281_8965,999999.0
1281_8970,999999.0
1281_8973,999999.0
1281_8975,999999.0
1282_3481,999999.0
1282_10449,999999.0
1283_9941,999999.0
1283_9945,999999.0
1283_12597,999999.0
1284_9958,999999.0
1284_9959,999999.0
1285_10453,999999.0
1285_10454,999999.0
1285_11928,999999.0
1286_7140,999999.0
1286_10456,999999.0
1286_11851,999999.0
1286_12886,999999.0
1287_10458,999999.0
1287_10550,999999.0
1287_11040,999999.0
1287_12897,999999.0
1288_2496,999999.0
1288_7360,999999.0
1288_7361,999999.0
1288_7362,999999.0
1289_11043,999999.0
1289_11044,999999.0
1289_11045,999999.0
1289_11839,999999.0
1290_2714,999999.0
1290_5796,999999.0
1290_9305,999999.0
1290_11046,999999.0
1291_7980,999999.0
1291_7981,999999.0
1291_12852,999999.0
1292_11048,999999.0
1292_11049,999999.0
1292_11050,999999.0
1292_11835,999999.0
1293_10463,999999.0
1293_11051,999999.0
1293_11052,999999.0
1293_11833,999999.0
1294_9406,999999.0
1294_11287,999999.0
1294_11509,999999.0
1294_11521,999999.0
1295_9302,999999.0
1295_9303,999999.0
1295_9376,999999.0
1295_11838,999999.0
1296_2425,999999.0
1296_12860,999999.0
1296_12862,999999.0
1297_9287,999999.0
1297_11849,999999.0
1297_12874,999999.0
1297_12876,999999.0
1298_2434,999999.0
1298_11846,999999.0
1298_11847,999999.0
1298_11848,999999.0
1299_2439,999999.0
1299_5786,999999.0
1299_11761,999999.0
1299_11762,999999.0
1300_2547,999999.0
1300_11539,999999.0
1300_11540,999999.0
1301_2563,999999.0
1301_7985,999999.0
1301_11861,999999.0
1302_8005,999999.0
1302_11056,999999.0
1302_12892,999999.0
1303_11058,999999.0
1303_11216,999999.0
1303_11231,999999.0
1304_6634,999999.0
1304_6637,999999.0
1304_6640,999999.0
1305_8679,999999.0
1305_12017,999999.0
1306_8109,999999.0
1306_8689,999999.0
1306_12026,999999.0
1307_11062,999999.0
1307_12015,999999.0
1308_6814,999999.0
1308_8708,999999.0
1308_8709,999999.0
1309_5869,999999.0
1309_8713,999999.0
1309_8714,999999.0
1310_8083,999999.0
1310_11066,999999.0
1311_11291,999999.0
1311_11299,999999.0
1311_12050,999999.0
1312_12003,999999.0
1313_11304,999999.0
1314_11359,999999.0
1314_11360,999999.0
1315_11364,999999.0
1315_11365,999999.0
1315_11368,999999.0
1316_11068,999999.0
1316_11346,999999.0
1316_11347,999999.0
1316_12046,999999.0
1317_6658,999999.0
1317_11069,999999.0
1317_11256,999999.0
1317_12029,999999.0
1318_6596,999999.0
1318_11257,999999.0
1318_12028,999999.0
1319_5875,999999.0
1319_11259,999999.0
1319_11270,999999.0
1319_11396,999999.0
1320_12039,999999.0
1320_12040,999999.0
1320_12041,999999.0
1321_11260,999999.0
1321_11451,999999.0
1321_12045,999999.0
1322_11263,999999.0
1322_11269,999999.0
1322_12033,999999.0
1322_12034,999999.0
1323_11265,999999.0
1323_11431,999999.0
1323_11434,999999.0
1323_11443,999999.0
1324_11264,999999.0
1324_11425,999999.0
1324_12051,999999.0
1325_6582,999999.0
1325_11266,999999.0
1325_12031,999999.0
1326_11267,999999.0
1326_11268,999999.0
1326_12030,999999.0
1327_5880,999999.0
1327_12056,999999.0
1327_13020,999999.0
1328_5881,999999.0
1328_5882,999999.0
1328_8113,999999.0
1328_13021,999999.0
1329_12053,999999.0
1329_12054,999999.0
1329_12055,999999.0
1330_11422,999999.0
1330_11423,999999.0
1330_11426,999999.0
1331_11586,999999.0
1331_11588,999999.0
1332_11790,999999.0
1332_11792,999999.0
1332_11793,999999.0
1333_7281,999999.0
1333_7295,999999.0
1333_13270,999999.0
1334_11634,999999.0
1334_11731,999999.0
1334_13267,999999.0
1335_4046,999999.0
1335_7482,999999.0
1335_8071,999999.0
1336_10410,999999.0
1336_10411,999999.0
1336_10412,999999.0
1337_1610,999999.0
1337_10407,999999.0
1337_10408,999999.0
1337_10409,999999.0
1338_10413,999999.0
1338_10414,999999.0
1338_10415,999999.0
1339_10210,999999.0
1339_10400,999999.0
1339_12253,999999.0
1339_13328,999999.0
1340_10424,999999.0
1340_10434,999999.0
1340_10435,999999.0
1341_10394,999999.0
1341_10395,999999.0
1341_10396,999999.0
1342_10245,999999.0
1342_10403,999999.0
1343_10232,999999.0
1343_10398,999999.0
1343_10399,999999.0
1344_10302,999999.0
1344_10308,999999.0
1345_10097,999999.0
1345_10297,999999.0
1345_10299,999999.0
1345_10300,999999.0
1346_9965,999999.0
1346_10451,999999.0
1346_11039,999999.0
1346_11070,999999.0
1347_9809,999999.0
1347_11250,999999.0
1347_11255,999999.0
1347_12604,999999.0
1348_11520,999999.0
1349_9296,999999.0
1349_11531,999999.0
1349_12142,999999.0
1349_12863,999999.0
1350_9283,999999.0
1350_11535,999999.0
1350_11536,999999.0
1350_12866,999999.0
1351_11542,999999.0
1351_11545,999999.0
1351_11630,999999.0
1352_7951,999999.0
1352_11771,999999.0
1352_11772,999999.0
1352_12996,999999.0
1353_11197,999999.0
1353_11640,999999.0
1353_11643,999999.0
1353_11644,999999.0
1354_5877,999999.0
1354_12114,999999.0
1354_12115,999999.0
1355_11428,999999.0
1355_12117,999999.0
1356_12120,999999.0
1356_13133,999999.0
1356_13135,999999.0
1356_13138,999999.0
1357_7241,999999.0
1357_12121,999999.0
1357_12122,999999.0
1357_12123,999999.0
1358_12124,999999.0
1358_12125,999999.0
1358_12126,999999.0
1359_12127,999999.0
1359_12128,999999.0
1359_12129,999999.0
1360_12130,999999.0
1360_12131,999999.0
1360_12132,999999.0
1361_11579,999999.0
1361_12139,999999.0
1361_12140,999999.0
1361_13231,999999.0
1362_12136,999999.0
1362_12137,999999.0
1362_12138,999999.0
1363_11619,999999.0
1363_12133,999999.0
1363_12134,999999.0
1363_12135,999999.0
1364_11631,999999.0
1364_11632,999999.0
1364_11775,999999.0
1365_7434,999999.0
1365_8066,999999.0
1365_11786,999999.0
1365_11787,999999.0
1366_8064,999999.0
1366_11783,999999.0
1366_11784,999999.0
1367_7691,999999.0
1367_7696,999999.0
1367_7698,999999.0
1367_7701,999999.0
1368_7702,999999.0
1368_8072,999999.0
1368_8073,999999.0
1369_7424,999999.0
1369_7426,999999.0
1369_11779,999999.0
1369_11780,999999.0
1370_8121,999999.0
1370_11781,999999.0
1370_11782,999999.0
1371_7440,999999.0
1371_7491,999999.0
1371_8122,999999.0
1372_7414,999999.0
1372_7438,999999.0
1372_8124,999999.0
1373_7293,999999.0
1373_7398,999999.0
1373_13358,999999.0
1374_7506,999999.0
1374_7527,999999.0
1374_7593,999999.0
1374_8123,999999.0
1375_4097,999999.0
1375_4105,999999.0
1375_4106,999999.0
1375_8128,999999.0
1376_3978,999999.0
1376_3994,999999.0
1376_8125,999999.0
1376_8127,999999.0
1377_3976,999999.0
1377_3997,999999.0
1377_4029,999999.0
1377_4074,999999.0
1378_3523,999999.0
1378_3848,999999.0
1378_3858,999999.0
1378_3973,999999.0
1379_3460,999999.0
1379_3474,999999.0
1379_3487,999999.0
1379_3494,999999.0
1380_4087,999999.0
1380_4094,999999.0
1380_4098,999999.0
1381_4039,999999.0
1381_4047,999999.0
1381_4058,999999.0
1381_4064,999999.0
1382_7744,999999.0
1382_7769,999999.0
1382_7774,999999.0
1383_7548,999999.0
1383_7707,999999.0
1383_7726,999999.0
1383_7890,999999.0
1384_8132,999999.0
1384_8133,999999.0
1384_9041,999999.0
1385_7682,999999.0
1385_9039,999999.0
1386_8222,999999.0
1386_8239,999999.0
1386_8495,999999.0
1386_9176,999999.0
1387_9267,999999.0
1387_9268,999999.0
1387_11659,999999.0
1387_11661,999999.0
1388_9261,999999.0
1388_9262,999999.0
1388_11652,999999.0
1388_11653,999999.0
1389_9253,999999.0
1389_9254,999999.0
1389_9255,999999.0
1389_9260,999999.0
1390_9201,999999.0
1390_9203,999999.0
1390_9208,999999.0
1390_9209,999999.0
1391_9195,999999.0
1391_9196,999999.0
1391_9200,999999.0
1391_9220,999999.0
1392_9190,999999.0
1392_9191,999999.0
1392_9192,999999.0
1392_9252,999999.0
1393_4235,999999.0
1393_6708,999999.0
1393_12504,999999.0
1393_12507,999999.0
1394_6969,999999.0
1394_7108,999999.0
1394_7232,999999.0
1394_12526,999999.0
1395_6971,999999.0
1395_7104,999999.0
1395_10106,999999.0
1396_5847,999999.0
1397_5846,999999.0
1398_5845,999999.0
1399_5912,999999.0
1400_1641,999999.0
1401_8595,999999.0
1402_8596,999999.0
1403_1642,999999.0
1404_1643,999999.0
1405_8597,999999.0
1406_8598,999999.0
1407_8599,999999.0
1408_1644,999999.0
1409_8600,999999.0
1410_1645,999999.0
1411_1646,999999.0
1412_8602,999999.0
1413_8603,999999.0
1414_8604,999999.0
1415_8605,999999.0
1416_8607,999999.0
1417_1647,999999.0
1418_8608,999999.0
1419_8609,999999.0
1420_8610,999999.0
1421_1650,999999.0
1422_8611,999999.0
1423_8612,999999.0
1424_1651,999999.0
1425_8613,999999.0
1426_8614,999999.0
1427_1654,999999.0
1428_8615,999999.0
1429_8616,999999.0
1430_8617,999999.0
1431_1658,999999.0
1432_1659,999999.0
1433_10632,999999.0
1434_10048,999999.0
1435_4165,999999.0
1436_6508,999999.0
1437_6718,999999.0
1438_7117,999999.0
1439_9269,999999.0
1440_1667,999999.0
1441_1668,999999.0
1442_10094,999999.0
1443_10093,999999.0
1444_8623,999999.0
1445_1670,999999.0
1446_1671,999999.0
1447_8624,999999.0
1448_1673,999999.0
1449_1675,999999.0
1450_8625,999999.0
1451_8626,999999.0
1452_1677,999999.0
1453_8473,999999.0
1454_8471,999999.0
1455_8629,999999.0
1456_8561,999999.0
1457_8467,999999.0
1458_1678,999999.0
1459_1679,999999.0
1460_1680,999999.0
1461_1681,999999.0
1462_1682,999999.0
1463_8633,999999.0
1464_1683,999999.0
1465_8634,999999.0
1466_8635,999999.0
1467_8636,999999.0
1468_1684,999999.0
1469_8637,999999.0
1470_1685,999999.0
1471_1686,999999.0
1472_8639,999999.0
1473_8640,999999.0
1474_8641,999999.0
1475_8642,999999.0
1476_8268,999999.0
1477_8643,999999.0
1478_8644,999999.0
1479_1687,999999.0
1480_8645,999999.0
1481_1688,999999.0
1482_1689,999999.0
1483_8647,999999.0
1484_8648,999999.0
1485_1690,999999.0
1486_1691,999999.0
1487_1692,999999.0
1488_1694,999999.0
1489_10339,999999.0
1490_11589,999999.0
1491_11590,999999.0
1492_8652,999999.0
1493_8653,999999.0
1494_8654,999999.0
1495_8655,999999.0
1496_11743,999999.0
1497_1695,999999.0
1498_1696,999999.0
1499_1697,999999.0
1500_1698,999999.0
1501_8658,999999.0
1502_8659,999999.0
1503_8660,999999.0
1504_8661,999999.0
1505_8662,999999.0
1506_8663,999999.0
1507_8664,999999.0
1508_8665,999999.0
1509_8666,999999.0
1510_8620,999999.0
1511_7454,999999.0
1511_13361,999999.0
1512_13362,999999.0
1512_13363,999999.0
1512_13364,999999.0
1513_7401,999999.0
1513_13366,999999.0
1513_13387,999999.0
1514_13367,999999.0
1515_13368,999999.0
1516_13369,999999.0
1516_13370,999999.0
1516_13371,999999.0
1517_13372,999999.0
1518_13373,999999.0
1518_13374,999999.0
1518_13375,999999.0
1519_13384,999999.0
1519_13385,999999.0
1520_13338,999999.0
1520_13378,999999.0
1521_13376,999999.0
1521_13377,999999.0
1522_7622,999999.0
1522_13382,999999.0
1522_13383,999999.0
1523_7601,999999.0
1523_13380,999999.0
1523_13381,999999.0
1524_8225,999999.0
1524_13386,999999.0
1525_13379,999999.0
1526_2882,51728.0
1527_1530,3735.0
1527_2980,11678.0
1528_8583,23355.0
1529_1528,3735.0
1529_1530,7988.0
1529_1896,7988.0
1530_1529,7988.0
1530_1895,7988.0
1531_1534,51728.0
1531_2983,999999.0
1532_1533,51728.0
1532_1545,4733.0
1533_1531,51728.0
1534_1535,51728.0
1534_1536,4733.0
1535_2935,51728.0
1536_1564,16575.0
1537_1535,14580.0
1537_1536,4733.0
1538_5515,4733.0
1539_1538,4733.0
1539_1594,71760.0
1540_1556,71760.0
1540_6555,3735.0
1541_5565,7028.0
1542_2979,52223.0
1543_1553,33480.0
1543_2865,33480.0
1544_1552,3735.0
1544_1554,7028.0
1545_3162,33150.0
1546_1533,7290.0
1546_1545,4733.0
1547_1550,4515.0
1547_2985,32415.0
1547_3162,33150.0
1548_1546,7988.0
1548_1991,7988.0
1549_1991,7988.0
1549_2935,4733.0
1550_1547,4515.0
1550_1557,4050.0
1550_1991,7988.0
1551_1563,4733.0
1551_1993,4733.0
1552_1543,33480.0
1553_1554,3735.0
1553_1555,3735.0
1553_6553,33480.0
1554_5568,7028.0
1555_5663,7028.0
1556_2865,33480.0
1556_3135,52223.0
1557_1550,4050.0
1557_1916,5018.0
1557_1992,4050.0
1557_2911,5018.0
1558_1559,4050.0
1558_7049,7028.0
1558_7056,7028.0
1559_1134,999999.0
1559_1558,4050.0
1559_1995,4050.0
1560_1562,16740.0
1560_2979,7470.0
1561_1562,3735.0
1561_3004,52223.0
1562_3009,16740.0
1563_3662,52223.0
1564_1990,5018.0
1564_2920,4515.0
1565_1566,4733.0
1565_1567,999999.0
1566_8483,33150.0
1567_1568,999999.0
1567_8479,51728.0
1568_3025,999999.0
1568_3521,23355.0
1569_8534,6240.0
1569_11123,999999.0
1570_1571,50580.0
1570_8535,999999.0
1571_1573,999999.0
1571_11124,6240.0
1572_1573,6240.0
1572_8567,5505.0
1573_1569,6240.0
1573_8528,50580.0
1574_1593,71760.0
1575_1591,51728.0
1575_2177,4733.0
1576_1577,5505.0
1576_1584,51728.0
1577_1576,5505.0
1577_2164,18330.0
1577_9025,18330.0
1578_1579,4733.0
1578_1580,23355.0
1579_1586,7988.0
1579_2168,7988.0
1580_1581,999999.0
1580_1583,51728.0
1581_1582,999999.0
1581_1590,51728.0
1582_1589,33150.0
1582_3002,999999.0
1583_3021,51728.0
1584_1581,51728.0
1584_1585,4733.0
1585_1586,999999.0
1585_8961,7988.0
1586_1579,7988.0
1586_1583,4733.0
1586_1585,999999.0
1586_1587,4733.0
1587_8532,23355.0
1588_1589,4733.0
1588_2170,7988.0
1588_8961,7988.0
1589_3018,33480.0
1590_1582,51728.0
1590_3517,999999.0
1591_1576,51728.0
1591_3022,999999.0
1592_2177,18330.0
1592_3166,18330.0
1593_2864,71760.0
1594_2863,71760.0
1595_1593,4733.0
1595_1594,4733.0
1596_1552,33480.0
1597_7685,71040.0
1598_1597,71040.0
1599_1602,71040.0
1600_2917,9465.0
1601_1703,15975.0
1601_5647,15975.0
1601_7456,4733.0
1602_1603,71040.0
1602_4060,4733.0
1603_1604,71040.0
1603_2915,4733.0
1604_7727,71040.0
1605_1598,71040.0
1606_1607,71040.0
1606_1729,999999.0
1607_1608,4733.0
1607_6196,71040.0
1608_2002,24930.0
1608_7455,24930.0
1609_2885,4515.0
1609_4558,24930.0
1609_4560,24930.0
1609_6111,4515.0
1610_1337,999999.0
1610_1982,5258.0
1610_1983,5258.0
1611_868,999999.0
1611_3173,5018.0
1611_9125,5018.0
1612_868,999999.0
1612_2291,7988.0
1612_3041,7988.0
1613_869,999999.0
1613_2318,4515.0
1613_12705,4515.0
1614_2295,7988.0
1614_2296,7988.0
1614_11893,5018.0
1615_870,999999.0
1615_1619,4515.0
1615_2291,4515.0
1616_870,999999.0
1616_2289,15975.0
1616_12700,15975.0
1617_871,999999.0
1617_2293,5018.0
1617_3040,10035.0
1618_871,999999.0
1618_2294,5018.0
1618_2296,5018.0
1619_871,999999.0
1619_1615,4515.0
1619_2292,4515.0
1620_872,999999.0
1620_2293,5018.0
1620_3223,5018.0
1621_870,999999.0
1621_5156,4515.0
1621_12700,4515.0
1622_10654,2250.0
1622_10656,999999.0
1623_3094,20250.0
1623_3171,50580.0
1624_3024,20250.0
1624_3172,999999.0
1624_3518,15975.0
1625_3026,9000.0
1625_3173,999999.0
1625_3227,999999.0
1626_2702,24930.0
1626_3027,9000.0
1626_8782,15975.0
1627_2447,51728.0
1627_3103,36000.0
1627_3139,51728.0
1628_2528,15975.0
1628_2529,15975.0
1628_3105,9000.0
1629_9812,12480.0
1629_9813,9000.0
1629_9814,6240.0
1630_9551,9165.0
1630_9552,2250.0
1630_9553,18330.0
1631_7498,18330.0
1631_7499,9165.0
1631_8219,2250.0
1632_8175,9000.0
1632_8427,7988.0
1632_13181,7988.0
1633_6594,15975.0
1633_6595,15975.0
1633_8074,20250.0
1634_6737,18330.0
1634_6817,18330.0
1634_8076,2250.0
1635_6869,4515.0
1635_8097,2250.0
1636_6893,999999.0
1636_8078,9000.0
1637_8261,20250.0
1637_8267,32415.0
1637_12371,32415.0
1638_11217,2250.0
1638_11218,999999.0
1639_9249,12480.0
1639_10342,12480.0
1639_11629,2250.0
1640_10344,6240.0
1640_11602,6240.0
1640_11604,4500.0
1641_1400,999999.0
1641_1977,5018.0
1642_1403,999999.0
1642_12270,5258.0
1643_1404,999999.0
1643_11637,6240.0
1644_1408,999999.0
1644_10756,5258.0
1645_1410,999999.0
1645_8601,9165.0
1646_1411,999999.0
1646_8601,6240.0
1647_1417,999999.0
1647_1648,5258.0
1648_1647,5258.0
1648_5898,5258.0
1648_11010,5258.0
1649_5898,5258.0
1649_11018,5258.0
1649_11025,5258.0
1650_1421,999999.0
1650_10950,9165.0
1651_1424,999999.0
1651_1652,5258.0
1652_1651,5258.0
1652_1653,5258.0
1652_10923,5018.0
1652_10924,5018.0
1653_1652,5258.0
1653_10893,5258.0
1653_10894,5258.0
1654_1427,999999.0
1654_1655,5258.0
1655_1654,5258.0
1655_1656,5258.0
1655_1657,5258.0
1656_1655,5258.0
1656_10916,5258.0
1656_11036,5258.0
1657_1655,5258.0
1657_10917,5258.0
1657_12194,5258.0
1658_1431,999999.0
1658_12232,5258.0
1659_1432,999999.0
1659_1660,5258.0
1660_608,999999.0
1660_1659,5258.0
1660_10633,5258.0
1661_608,999999.0
1661_10627,5258.0
1661_10633,5258.0
1662_12235,5258.0
1662_12236,5258.0
1662_12452,5258.0
1662_12453,5258.0
1663_10158,6240.0
1663_10636,6240.0
1663_12235,5258.0
1664_1666,5258.0
1664_12430,5258.0
1664_12505,6240.0
1665_10044,4515.0
1665_12430,4515.0
1665_12511,5258.0
1666_1664,5258.0
1666_10057,5258.0
1666_12506,5258.0
1667_1440,999999.0
1667_12529,5258.0
1668_1441,999999.0
1668_12500,5258.0
1669_10078,5258.0
1669_12465,5258.0
1669_12500,5258.0
1670_1445,999999.0
1670_9557,5258.0
1671_1446,999999.0
1671_9628,5258.0
1672_9531,15975.0
1672_9559,5258.0
1672_13024,9165.0
1673_1448,999999.0
1673_1674,5258.0
1674_938,999999.0
1674_1673,5258.0
1674_9561,5258.0
1675_1449,999999.0
1675_1676,5258.0
1676_938,999999.0
1676_1675,5258.0
1676_9561,5258.0
1677_1452,999999.0
1677_9571,5258.0
1678_1458,999999.0
1678_11073,9165.0
1679_1459,999999.0
1679_11082,6240.0
1680_1460,999999.0
1680_11082,6240.0
1681_1461,999999.0
1681_11084,9165.0
1682_1462,999999.0
1682_11087,6240.0
1683_1464,999999.0
1683_11134,5258.0
1683_11135,5258.0
1684_1468,999999.0
1684_11642,5258.0
1685_1470,999999.0
1685_12113,14580.0
1686_1471,999999.0
1686_12938,5018.0
1687_1479,999999.0
1687_11278,5258.0
1688_1481,999999.0
1688_11286,6240.0
1689_1482,999999.0
1689_11288,6240.0
1690_1485,999999.0
1690_11500,5258.0
1691_1486,999999.0
1691_11508,6240.0
1691_11516,6240.0
1692_1487,999999.0
1692_1693,6240.0
1693_1692,6240.0
1693_11494,5258.0
1693_11495,5258.0
1694_1488,999999.0
1694_11493,5258.0
1695_1497,999999.0
1695_12410,10515.0
1696_1498,999999.0
1696_11750,6240.0
1697_1499,999999.0
1697_9199,32415.0
1698_1500,999999.0
1698_11755,9165.0
1699_104,999999.0
1699_2914,24930.0
1699_4557,24930.0
1700_479,999999.0
1700_1703,15975.0
1700_9210,15975.0
1701_1542,52223.0
1701_1702,3735.0
1702_1988,4358.0
1702_2815,4358.0
1703_1601,15975.0
1703_1700,15975.0
1703_7455,15975.0
1703_7743,15975.0
1704_7687,7290.0
1705_479,999999.0
1705_7747,4515.0
1705_9207,4515.0
1706_2778,5018.0
1706_2779,4515.0
1706_8391,5018.0
1707_1708,24930.0
1707_2002,24930.0
1707_2779,4515.0
1708_1707,24930.0
1708_1729,15975.0
1708_2780,24930.0
1708_8391,5018.0
1709_1729,15975.0
1709_2777,15975.0
1709_2782,7988.0
1709_2785,15975.0
1710_2000,15975.0
1710_2775,15975.0
1710_2776,7988.0
1711_2772,15975.0
1711_2774,5018.0
1711_2775,15975.0
1711_12105,7988.0
1712_2767,4358.0
1712_2768,14055.0
1712_2771,4358.0
1712_2772,15975.0
1713_2004,24930.0
1713_2768,24930.0
1713_3491,5018.0
1714_2767,4358.0
1714_2770,7028.0
1714_9073,4358.0
1715_1716,4515.0
1715_2754,10035.0
1715_2952,15975.0
1716_463,999999.0
1716_1715,4515.0
1716_2752,4515.0
1717_2751,21915.0
1717_2752,4515.0
1717_2761,14055.0
1718_2748,7028.0
1718_2749,7028.0
1718_2997,14055.0
1719_1720,14055.0
1719_2997,14055.0
1719_12103,7988.0
1720_1719,14055.0
1720_2749,7028.0
1720_2750,7028.0
1720_9067,7028.0
1721_1987,7988.0
1721_2032,7988.0
1721_2742,7988.0
1721_3490,4733.0
1722_1723,7988.0
1722_2633,5018.0
1722_2735,5018.0
1723_1722,7988.0
1723_3499,4358.0
1723_4638,7028.0
1723_10411,7028.0
1724_2630,7028.0
1724_2766,7028.0
1724_2956,7028.0
1724_3503,3735.0
1725_2616,4358.0
1725_2632,7028.0
1725_2957,14055.0
1725_9066,4050.0
1726_1727,7028.0
1726_1746,7028.0
1726_2764,7028.0
1726_2765,7028.0
1727_1726,7028.0
1727_2625,7988.0
1727_2762,5018.0
1728_1733,5018.0
1728_2625,7988.0
1728_2626,5018.0
1728_3504,7988.0
1729_1606,999999.0
1729_1708,15975.0
1729_1709,15975.0
1729_2976,71760.0
1730_1701,71760.0
1730_2976,71760.0
1730_3529,51728.0
1731_1732,7028.0
1731_2738,4358.0
1731_2750,7028.0
1732_1731,7028.0
1732_2626,5018.0
1732_2740,7028.0
1733_1728,5018.0
1733_2762,5018.0
1733_2763,5018.0
1733_9071,5018.0
1734_2621,5018.0
1734_2623,5018.0
1734_2763,5018.0
1734_9072,5018.0
1735_465,999999.0
1735_1736,5018.0
1735_12104,5018.0
1736_1735,5018.0
1736_2757,15975.0
1736_2759,14055.0
1736_2771,5018.0
1737_9069,7988.0
1737_9070,4515.0
1737_9074,15975.0
1738_2755,5018.0
1738_2773,15975.0
1738_2793,15975.0
1738_3492,5018.0
1739_1742,5018.0
1739_2622,5018.0
1739_2624,5018.0
1740_2791,5018.0
1740_9064,5018.0
1740_9078,5018.0
1741_2624,5018.0
1741_2791,5018.0
1741_9077,5018.0
1742_1739,5018.0
1742_2623,5018.0
1742_9063,4515.0
1743_1744,15975.0
1743_3230,5018.0
1743_3236,15975.0
1744_549,999999.0
1744_1743,15975.0
1744_1745,15975.0
1745_1744,15975.0
1745_1749,4358.0
1745_2620,15975.0
1745_2622,5018.0
1746_1726,7028.0
1746_1748,4358.0
1746_2620,15975.0
1746_2621,5018.0
1747_1772,7988.0
1747_3229,5018.0
1747_12269,7988.0
1748_1746,4358.0
1748_2619,7028.0
1748_2765,7028.0
1749_1745,4358.0
1749_2618,4358.0
1749_2619,7028.0
1749_3231,14055.0
1750_546,999999.0
1750_2959,4515.0
1750_3255,4515.0
1751_2612,4358.0
1751_2613,8715.0
1751_2614,8715.0
1751_2615,5018.0
1752_1753,4358.0
1752_2615,4358.0
1752_2616,4358.0
1753_1752,4358.0
1753_2407,4050.0
1753_2408,5018.0
1753_2617,4050.0
1754_2200,7988.0
1754_2408,5018.0
1754_2631,7988.0
1755_2200,7988.0
1755_2409,10035.0
1755_3500,9465.0
1755_9060,8715.0
1756_1761,4358.0
1756_2077,4358.0
1756_9059,8715.0
1757_2072,7028.0
1757_2074,4358.0
1757_3498,999999.0
1757_10410,7028.0
1758_2073,4358.0
1758_2075,4358.0
1758_2078,4358.0
1758_9058,4358.0
1759_429,999999.0
1759_2074,4358.0
1759_4641,4358.0
1760_428,999999.0
1760_2070,21915.0
1760_4669,21915.0
1761_1756,4358.0
1761_1762,14055.0
1761_2076,21915.0
1761_10100,7988.0
1762_435,999999.0
1762_1761,14055.0
1762_1763,14055.0
1763_1762,14055.0
1763_1765,7028.0
1763_2080,14055.0
1763_2081,7028.0
1764_434,999999.0
1764_1832,14055.0
1764_2080,14055.0
1765_435,999999.0
1765_1763,7028.0
1765_1766,7028.0
1766_434,999999.0
1766_1765,7028.0
1766_1767,7028.0
1767_1766,7028.0
1767_2411,14055.0
1767_2413,14055.0
1767_3501,3735.0
1768_2412,4515.0
1768_2607,4515.0
1768_3501,7028.0
1768_9061,7988.0
1769_2608,7988.0
1769_2610,5018.0
1769_2611,15975.0
1769_9062,5018.0
1770_442,999999.0
1770_1771,15975.0
1770_2611,7988.0
1771_1770,7988.0
1771_2609,15975.0
1771_2959,15975.0
1772_1747,7988.0
1772_3230,5018.0
1772_3231,7988.0
1772_3232,5018.0
1773_2609,15975.0
1773_2610,5018.0
1773_3289,15975.0
1773_3291,5018.0
1774_2606,15975.0
1774_3289,15975.0
1774_12101,7988.0
1775_2744,4050.0
1775_2748,7028.0
1775_2953,7028.0
1775_12477,4050.0
1776_1777,15975.0
1776_2038,15975.0
1776_2082,15975.0
1776_2413,14055.0
1777_1776,15975.0
1777_1778,15975.0
1777_1780,15975.0
1777_2961,15975.0
1778_1777,15975.0
1778_1832,14055.0
1778_2082,15975.0
1778_3278,15975.0
1779_3278,14055.0
1779_3279,5018.0
1779_3502,14055.0
1780_566,999999.0
1780_1777,15975.0
1780_2040,15975.0
1781_565,999999.0
1781_2039,5018.0
1781_3279,5018.0
1782_1783,7988.0
1782_3272,7988.0
1782_3274,7988.0
1782_3275,15975.0
1783_1782,7988.0
1783_3271,7988.0
1783_3280,5018.0
1784_567,999999.0
1784_1785,7988.0
1784_3271,7988.0
1785_1784,7988.0
1785_2962,15975.0
1785_3268,7988.0
1785_3269,7988.0
1786_3269,7988.0
1786_3270,4515.0
1786_3273,5018.0
1786_12492,7988.0
1787_3266,5018.0
1787_3268,7988.0
1787_3283,7028.0
1788_1789,5018.0
1788_1796,4515.0
1788_3265,5018.0
1789_1788,5018.0
1789_2968,15975.0
1789_3287,15975.0
1790_3267,15975.0
1790_3287,15975.0
1790_9089,5018.0
1791_3267,14055.0
1791_3283,7028.0
1791_3284,14055.0
1791_3286,7988.0
1792_1793,5018.0
1792_3290,5018.0
1792_12484,5018.0
1793_1792,5018.0
1793_3253,4515.0
1793_3255,5018.0
1794_556,999999.0
1794_3254,15660.0
1794_3288,15660.0
1795_1826,5018.0
1795_3250,5018.0
1795_3251,4515.0
1795_3508,4515.0
1796_1788,4515.0
1796_3251,4515.0
1796_3263,4515.0
1797_1798,7988.0
1797_3263,4515.0
1797_12492,7988.0
1798_1797,7988.0
1798_3262,7988.0
1798_12491,5018.0
1799_3256,7988.0
1799_3259,7988.0
1799_3260,5018.0
1799_8993,5018.0
1800_2747,5018.0
1800_3259,7988.0
1800_3272,7988.0
1800_3273,5018.0
1801_1802,7988.0
1801_1814,4515.0
1801_2058,7988.0
1801_9116,4515.0
1802_1801,7988.0
1802_2065,4515.0
1802_2963,15975.0
1802_9116,15975.0
1803_2158,7988.0
1803_10413,4515.0
1803_10414,7988.0
1803_11930,4515.0
1804_1807,5018.0
1804_2161,5018.0
1804_9027,4515.0
1804_11930,4515.0
1805_2031,5018.0
1805_2162,6240.0
1805_3549,5258.0
1806_2031,5018.0
1806_2046,5018.0
1806_2391,5018.0
1806_2404,4515.0
1807_1804,5018.0
1807_1812,5018.0
1807_3548,5018.0
1808_1809,15975.0
1808_2393,5018.0
1808_3506,18330.0
1809_1808,15975.0
1809_2062,15975.0
1809_2107,5018.0
1810_2063,5018.0
1810_3544,5018.0
1810_3545,15975.0
1810_3547,15975.0
1811_1819,5018.0
1811_3543,5018.0
1811_3544,5018.0
1811_3546,5018.0
1812_1807,5018.0
1812_1817,5018.0
1812_3517,15975.0
1812_3547,15975.0
1813_1816,7988.0
1813_3517,15975.0
1813_10414,7988.0
1813_10415,15975.0
1814_1801,4515.0
1814_2058,5018.0
1814_3294,4515.0
1814_9090,5018.0
1815_2048,5018.0
1815_2049,7988.0
1815_2051,5018.0
1815_2994,7988.0
1816_1813,7988.0
1816_1817,5018.0
1816_2061,5018.0
1816_3541,7988.0
1817_1812,5018.0
1817_1816,5018.0
1817_3542,4515.0
1817_3543,5018.0
1818_1819,5018.0
1818_1823,5018.0
1818_3542,4515.0
1819_1811,5018.0
1819_1818,5018.0
1819_2128,5018.0
1819_12107,6240.0
1820_1821,6240.0
1820_2127,6240.0
1820_12107,6240.0
1821_1820,6240.0
1821_3554,9165.0
1821_3555,18330.0
1822_1824,5018.0
1822_1830,15975.0
1822_3533,18330.0
1822_3556,6240.0
1823_1818,5018.0
1823_2069,5018.0
1823_3533,5258.0
1824_578,999999.0
1824_1822,5018.0
1824_1825,5018.0
1825_1824,5018.0
1825_2047,5018.0
1825_2069,5018.0
1826_1795,5018.0
1826_1828,15975.0
1826_3508,15975.0
1826_12096,7988.0
1827_2044,15975.0
1827_3085,10035.0
1827_12096,7988.0
1828_1826,15975.0
1828_2045,24930.0
1828_3085,5018.0
1829_2045,24930.0
1829_3212,24930.0
1829_3553,5018.0
1830_578,999999.0
1830_1822,15975.0
1830_1831,15975.0
1831_1830,15975.0
1831_1833,6240.0
1831_3212,999999.0
1831_3551,28598.0
1832_1764,14055.0
1832_1778,14055.0
1832_2534,4358.0
1833_577,999999.0
1833_1831,6240.0
1833_1834,6240.0
1834_1833,6240.0
1834_1835,6240.0
1834_2018,6240.0
1834_3552,6240.0
1835_1834,6240.0
1835_3246,7988.0
1835_3247,5018.0
1835_12094,9165.0
1836_1837,4515.0
1836_3246,7988.0
1836_3249,9165.0
1837_553,999999.0
1837_1836,4515.0
1837_3248,5258.0
1838_2044,15975.0
1838_3248,4515.0
1838_12098,15975.0
1839_1840,15975.0
1839_1844,15975.0
1839_3254,15660.0
1840_1839,15975.0
1840_1841,15975.0
1840_3253,4515.0
1841_1840,15975.0
1841_1843,5258.0
1841_2970,15975.0
1842_2071,7988.0
1842_2970,5018.0
1842_3255,5018.0
1843_554,999999.0
1843_1841,5258.0
1843_2025,5258.0
1844_1839,15975.0
1844_2066,5258.0
1844_12098,15975.0
1845_2024,9165.0
1845_3237,6240.0
1845_3249,9165.0
1846_3099,4358.0
1846_3243,5018.0
1846_3244,7028.0
1846_3507,7028.0
1847_1939,7988.0
1847_3083,7988.0
1847_3244,7028.0
1847_3245,15975.0
1848_3082,6240.0
1848_3245,15975.0
1848_3398,18330.0
1849_1850,15975.0
1849_2027,5018.0
1849_2972,15975.0
1850_1849,15975.0
1850_2008,15975.0
1850_3155,15975.0
1850_3156,15975.0
1851_2993,15975.0
1851_3155,7988.0
1851_3157,7988.0
1851_12099,5018.0
1852_2096,5018.0
1852_2970,15975.0
1852_2993,15975.0
1853_3200,7988.0
1853_3228,7988.0
1853_12268,5018.0
1854_1855,7988.0
1854_2028,15975.0
1854_3156,15975.0
1854_3228,7988.0
1855_1854,7988.0
1855_1856,7988.0
1855_3154,5018.0
1855_3178,999999.0
1856_1855,7988.0
1856_9080,7988.0
1856_9086,5018.0
1857_1858,5018.0
1857_2007,5018.0
1857_2801,5018.0
1857_9079,5018.0
1858_1857,5018.0
1858_2788,5018.0
1858_12473,4515.0
1859_1860,5018.0
1859_2796,5018.0
1859_12100,4515.0
1860_1859,5018.0
1860_1864,7988.0
1860_2009,9165.0
1861_1927,6240.0
1861_3084,7988.0
1861_3096,9165.0
1861_12264,5018.0
1862_1863,7988.0
1862_3087,5018.0
1862_3096,9165.0
1863_1862,7988.0
1863_3088,7988.0
1863_3098,6240.0
1864_1860,7988.0
1864_2803,7988.0
1864_3088,7988.0
1865_1866,15975.0
1865_1985,14055.0
1865_2804,7988.0
1865_2806,7988.0
1866_1865,15975.0
1866_2815,4358.0
1866_9081,15975.0
1867_1868,15975.0
1867_2797,5018.0
1867_3391,5018.0
1867_3529,15975.0
1868_486,999999.0
1868_1867,15975.0
1868_1869,15975.0
1869_1868,15975.0
1869_1870,15975.0
1869_2788,5018.0
1869_3214,999999.0
1870_1869,15975.0
1870_2789,15975.0
1870_2790,5018.0
1871_1998,7988.0
1871_1999,15975.0
1871_2789,15975.0
1871_2794,7988.0
1872_2784,4358.0
1872_2787,5018.0
1872_9076,4050.0
1873_1874,14055.0
1873_2784,4358.0
1873_2800,14055.0
1874_1873,14055.0
1874_1879,14055.0
1874_2799,4358.0
1875_1914,14055.0
1875_2780,24930.0
1875_2799,4358.0
1876_489,999999.0
1876_1877,15975.0
1876_1914,14055.0
1877_491,999999.0
1877_1876,15975.0
1877_1878,15975.0
1878_492,999999.0
1878_1877,15975.0
1878_2802,5018.0
1878_2966,15975.0
1879_1874,14055.0
1879_1880,14055.0
1879_2976,14055.0
1880_1879,14055.0
1880_1997,5018.0
1880_2798,15975.0
1881_2798,15975.0
1881_2816,7028.0
1881_2817,5018.0
1882_2818,4358.0
1882_2821,7028.0
1882_2822,7028.0
1882_2954,7028.0
1883_514,999999.0
1883_1884,14055.0
1883_2826,14055.0
1883_12252,7028.0
1884_1883,14055.0
1884_2964,8715.0
1884_12251,7028.0
1885_2822,7028.0
1885_2823,14055.0
1885_2824,4358.0
1885_12251,7028.0
1886_1887,30090.0
1886_2824,7028.0
1886_2978,14055.0
1887_1886,14055.0
1887_1888,14055.0
1887_2827,7028.0
1888_1886,4050.0
1888_12250,4358.0
1889_499,999999.0
1889_1890,4358.0
1889_12250,4358.0
1890_1889,4358.0
1890_1891,8715.0
1890_8408,8715.0
1891_1890,8715.0
1891_2940,8715.0
1891_2948,4050.0
1892_1893,4050.0
1892_12249,4050.0
1893_1892,4050.0
1893_2827,7028.0
1893_3213,4358.0
1894_1892,4050.0
1894_2829,7028.0
1894_2951,4358.0
1894_3213,999999.0
1895_1530,7988.0
1895_2067,5018.0
1895_3299,7028.0
1896_1529,7988.0
1896_2905,15975.0
1896_3012,5018.0
1896_12248,4358.0
1897_2892,7028.0
1897_2905,7028.0
1897_2913,15975.0
1897_5839,7028.0
1898_521,999999.0
1898_1900,15975.0
1898_2913,15975.0
1899_1900,7988.0
1899_1989,7988.0
1899_3029,10035.0
1900_1898,15975.0
1900_1899,7988.0
1900_3011,7988.0
1900_3014,7988.0
1901_1902,5018.0
1901_3013,5018.0
1901_3014,7988.0
1901_5846,7988.0
1902_1901,5018.0
1902_1903,15975.0
1902_5847,15975.0
1903_524,999999.0
1903_1902,15975.0
1903_3010,7988.0
1903_3011,7988.0
1904_521,999999.0
1904_1905,7988.0
1904_3010,7988.0
1905_522,999999.0
1905_1904,7988.0
1905_2924,7028.0
1905_8409,10035.0
1906_2921,7028.0
1906_2924,7028.0
1906_2927,7028.0
1907_507,999999.0
1907_2923,8715.0
1907_2927,7028.0
1907_2932,10035.0
1908_2932,8715.0
1908_2934,8715.0
1908_2939,4358.0
1909_511,999999.0
1909_2067,8715.0
1909_12108,8715.0
1910_1979,5018.0
1910_2011,7988.0
1910_3035,7988.0
1911_1913,5018.0
1911_3559,7988.0
1911_10406,9165.0
1912_1934,7988.0
1912_3060,5018.0
1912_3063,5018.0
1912_3211,4733.0
1913_1911,5018.0
1913_1915,5018.0
1913_3054,5018.0
1913_3058,5018.0
1914_1875,14055.0
1914_1876,14055.0
1914_2487,14055.0
1915_1913,5018.0
1915_1916,5018.0
1915_3008,5018.0
1916_520,999999.0
1916_1557,5018.0
1916_1915,5018.0
1917_1918,5018.0
1917_3005,5018.0
1917_3008,5018.0
1918_1917,5018.0
1918_3001,5018.0
1918_3007,5018.0
1919_518,999999.0
1919_1920,4515.0
1919_2967,4050.0
1920_1919,4515.0
1920_2999,5018.0
1920_3006,5018.0
1921_2808,7988.0
1921_3006,5018.0
1921_3661,7028.0
1922_2805,7028.0
1922_2806,7028.0
1922_2808,7028.0
1922_2813,7028.0
1923_515,999999.0
1923_1924,7028.0
1923_2805,7028.0
1924_1923,7028.0
1924_2967,4050.0
1924_2998,15975.0
1925_1926,5018.0
1925_2998,15975.0
1925_3000,15975.0
1925_3001,5018.0
1926_1925,5018.0
1926_3080,5018.0
1926_9083,4358.0
1927_1861,6240.0
1927_3078,6240.0
1927_3087,5018.0
1927_9085,5018.0
1928_1929,5018.0
1928_3078,6240.0
1928_3086,5018.0
1929_1928,5018.0
1929_1938,5018.0
1929_9084,5018.0
1930_1931,15975.0
1930_3069,6240.0
1930_3071,18330.0
1930_3079,5018.0
1931_1930,15975.0
1931_3000,15975.0
1931_3003,5018.0
1932_3003,5018.0
1932_3005,4515.0
1932_3058,5018.0
1932_3059,4515.0
1933_3059,4515.0
1933_3060,5018.0
1933_3069,5018.0
1934_1912,7988.0
1934_3064,6240.0
1934_3070,9165.0
1935_1944,7988.0
1935_3070,9165.0
1935_3074,6240.0
1936_532,999999.0
1936_1937,6240.0
1936_3074,6240.0
1937_1936,6240.0
1937_2014,15975.0
1937_10176,15975.0
1938_533,999999.0
1938_1929,5018.0
1938_2017,5018.0
1939_1847,7988.0
1939_1940,7028.0
1939_12095,4358.0
1940_1939,7028.0
1940_3099,4358.0
1940_3137,7028.0
1941_2020,4515.0
1941_2021,14055.0
1941_12263,15975.0
1942_3072,5018.0
1942_12263,15975.0
1942_13341,15975.0
1943_2015,15975.0
1943_2990,15975.0
1943_3075,15975.0
1943_3076,15975.0
1944_1935,7988.0
1944_1968,4515.0
1944_3077,15975.0
1945_1946,18330.0
1945_1963,15975.0
1945_3076,15975.0
1945_3077,15975.0
1946_1945,18330.0
1946_2015,18330.0
1946_3073,9165.0
1946_12090,6240.0
1947_1962,5258.0
1947_3073,9165.0
1947_12093,9165.0
1948_2024,5018.0
1948_3240,4515.0
1948_3242,5018.0
1949_550,999999.0
1949_1950,5258.0
1949_2019,4515.0
1950_1949,5258.0
1950_2018,6240.0
1950_3238,5258.0
1950_12090,6240.0
1951_2018,6240.0
1951_3237,6240.0
1951_3238,5258.0
1952_1955,6240.0
1952_2018,6240.0
1952_3552,6240.0
1952_3558,6240.0
1953_2099,18330.0
1953_2734,5258.0
1953_3551,18330.0
1953_3558,6240.0
1954_580,999999.0
1954_1955,6240.0
1954_2125,6240.0
1955_1952,6240.0
1955_1954,6240.0
1955_1956,5258.0
1956_1955,5258.0
1956_1957,9165.0
1956_1958,6240.0
1956_12093,9165.0
1957_1956,9165.0
1957_1958,5258.0
1957_10326,9165.0
1957_12092,5258.0
1958_1956,6240.0
1958_1957,5258.0
1958_2016,5258.0
1958_8392,6240.0
1959_1960,6240.0
1959_2016,5258.0
1959_8392,6240.0
1959_10209,6240.0
1960_1959,6240.0
1960_1961,5258.0
1960_1964,6240.0
1961_1960,5258.0
1961_1962,5258.0
1961_2016,5258.0
1962_1947,5258.0
1962_1961,5258.0
1962_6967,5258.0
1963_1945,15975.0
1963_3068,18330.0
1963_5838,5258.0
1964_1960,6240.0
1964_1965,18330.0
1964_10205,18330.0
1965_1964,18330.0
1965_3067,6240.0
1965_6947,18330.0
1966_1967,5258.0
1966_1973,6240.0
1966_1986,6240.0
1967_1966,5258.0
1967_2013,6240.0
1967_3065,6240.0
1968_530,999999.0
1968_1944,4515.0
1968_3066,5258.0
1969_1971,6240.0
1969_3063,5018.0
1969_3064,6240.0
1969_3065,6240.0
1970_3061,4515.0
1970_3211,7988.0
1970_3559,7988.0
1971_1969,6240.0
1971_1972,6240.0
1971_3062,4515.0
1972_1971,6240.0
1972_1973,6240.0
1972_2986,5018.0
1973_1966,6240.0
1973_1972,6240.0
1973_2987,6240.0
1973_10199,6240.0
1974_1983,5258.0
1974_2987,6240.0
1974_3561,6240.0
1974_10175,5258.0
1975_3497,6240.0
1975_3560,6240.0
1975_5843,6240.0
1975_10383,6240.0
1976_1983,5258.0
1976_3560,6240.0
1976_10409,6240.0
1977_1641,5018.0
1977_1978,5018.0
1977_5845,5018.0
1977_10409,6240.0
1978_1977,5018.0
1978_1979,5018.0
1978_1980,5018.0
1978_3161,4733.0
1979_527,999999.0
1979_1910,5018.0
1979_1978,5018.0
1980_1978,5018.0
1980_1981,6240.0
1980_10408,5258.0
1981_526,999999.0
1981_1980,6240.0
1981_10407,6240.0
1982_1610,5258.0
1982_2986,6240.0
1982_10407,6240.0
1983_1610,5258.0
1983_1974,5258.0
1983_1976,5258.0
1983_10408,5258.0
1984_7044,30090.0
1984_7045,4050.0
1984_8241,30090.0
1985_496,999999.0
1985_1865,14055.0
1985_3163,14055.0
1986_1966,6240.0
1986_2013,6240.0
1986_3067,6240.0
1986_10206,6240.0
1987_1721,7988.0
1987_2033,7988.0
1987_4579,7028.0
1988_1702,4358.0
1988_2821,7028.0
1988_2977,3735.0
1988_12255,7028.0
1989_1899,7988.0
1989_2920,4515.0
1989_2983,15975.0
1990_1549,7988.0
1990_1564,5018.0
1990_2892,7988.0
1991_1548,7988.0
1991_1550,7988.0
1991_1990,7988.0
1991_1992,7028.0
1992_1557,4050.0
1992_1991,7028.0
1993_1992,3735.0
1993_3651,7470.0
1994_512,999999.0
1994_2940,10035.0
1994_2951,4358.0
1994_12108,8715.0
1995_1559,4050.0
1995_3466,4050.0
1995_7049,7028.0
1995_7059,7028.0
1996_2802,5018.0
1996_2817,5018.0
1996_2818,5018.0
1997_1880,5018.0
1997_2797,5018.0
1997_3214,4515.0
1998_1871,7988.0
1998_2782,7988.0
1998_2786,4515.0
1999_1871,15975.0
1999_2781,4515.0
1999_2793,15975.0
2000_1710,15975.0
2000_2783,15975.0
2000_9075,4515.0
2001_2770,7988.0
2001_2776,7988.0
2001_12105,7988.0
2002_477,999999.0
2002_1608,24930.0
2002_1707,24930.0
2003_2754,10035.0
2003_2769,5018.0
2003_9068,5018.0
2004_1713,24930.0
2004_2751,24930.0
2004_2753,5018.0
2005_2746,4050.0
2005_2761,14055.0
2005_2997,14055.0
2006_2758,4358.0
2006_2759,7028.0
2006_3491,10035.0
2006_12102,15975.0
2007_1857,5018.0
2007_3152,5018.0
2007_3233,5018.0
2007_12474,5018.0
2008_1850,15975.0
2008_3152,5018.0
2008_3153,7988.0
2009_1860,9165.0
2009_12266,6240.0
2009_12474,5018.0
2009_12475,7988.0
2010_2803,7988.0
2010_2804,7988.0
2010_2807,5018.0
2011_1910,7988.0
2011_2985,7988.0
2011_3298,5258.0
2012_3061,4515.0
2012_3062,4515.0
2012_10405,5258.0
2013_1967,6240.0
2013_1986,6240.0
2013_3066,5258.0
2014_1937,15975.0
2014_3072,5018.0
2014_3075,15975.0
2015_1943,15975.0
2015_1946,18330.0
2015_12091,5018.0
2016_1958,5258.0
2016_1959,5258.0
2016_1961,5258.0
2017_1938,5018.0
2017_3138,4358.0
2017_12263,4515.0
2018_1834,6240.0
2018_1950,6240.0
2018_1951,6240.0
2018_1952,6240.0
2019_1949,4515.0
2019_3239,4515.0
2019_3242,5018.0
2019_12091,5018.0
2020_1941,4515.0
2020_3239,4515.0
2020_3241,4515.0
2021_1941,14055.0
2021_3134,4358.0
2021_3137,7028.0
2021_3138,4358.0
2022_2023,5018.0
2022_3134,5018.0
2022_3240,4515.0
2022_3241,4515.0
2023_2022,5018.0
2023_2991,7988.0
2023_3507,7988.0
2024_1845,9165.0
2024_1948,5018.0
2024_2066,6240.0
2024_2991,9165.0
2025_1843,5258.0
2025_2096,5018.0
2025_3557,5018.0
2025_3666,5018.0
2026_3081,4515.0
2026_3083,7988.0
2026_3084,7988.0
2027_1849,5018.0
2027_3081,5258.0
2027_3097,6240.0
2028_1854,15975.0
2028_3235,5018.0
2028_3236,15975.0
2029_3154,5018.0
2029_3235,5018.0
2029_9087,5018.0
2030_2735,4358.0
2030_2738,4358.0
2030_2739,4050.0
2031_1805,5018.0
2031_1806,5018.0
2032_1721,7988.0
2032_2033,7988.0
2032_2633,5018.0
2033_1987,7988.0
2033_2032,7988.0
2033_10101,7028.0
2034_2629,7028.0
2034_2630,7028.0
2034_2739,4050.0
2034_10412,4050.0
2035_2078,4358.0
2035_2398,4358.0
2035_9065,4050.0
2036_2070,21915.0
2036_2072,7028.0
2036_2076,21915.0
2037_2407,4050.0
2037_2409,8715.0
2037_2410,4050.0
2037_2613,8715.0
2038_1776,15975.0
2038_2607,4515.0
2038_9088,15975.0
2039_1781,5018.0
2039_3277,5018.0
2039_3281,5018.0
2039_12488,5018.0
2040_1780,15975.0
2040_3281,5018.0
2040_3285,4358.0
2040_12486,15975.0
2041_2961,15975.0
2041_3284,14055.0
2041_3285,4358.0
2042_3265,5018.0
2042_3266,5018.0
2042_3270,4515.0
2043_3252,15975.0
2043_3516,15975.0
2043_12097,4515.0
2044_1827,15975.0
2044_1838,15975.0
2044_12097,4515.0
2045_1828,24930.0
2045_1829,24930.0
2045_3247,5018.0
2046_1806,5018.0
2046_3548,5018.0
2046_3550,5018.0
2047_1825,5018.0
2047_2048,5018.0
2047_2049,4515.0
2048_1815,5018.0
2048_2047,5018.0
2048_3553,5018.0
2049_1815,7988.0
2049_2047,4515.0
2049_3541,7988.0
2050_2051,4515.0
2050_3292,4515.0
2050_3294,4515.0
2051_1815,5018.0
2051_2050,4515.0
2051_3295,5018.0
2052_3261,4515.0
2052_3262,7988.0
2052_3264,7988.0
2053_2108,15975.0
2053_3275,15975.0
2053_3276,4515.0
2054_2109,14055.0
2054_3274,7028.0
2054_3276,4050.0
2054_9000,4050.0
2055_2064,5018.0
2055_2747,5018.0
2055_8991,4515.0
2056_2057,7988.0
2056_3256,7988.0
2056_12489,4515.0
2057_2056,7988.0
2057_2058,7988.0
2057_3258,5018.0
2057_3295,5018.0
2058_1801,7988.0
2058_1814,5018.0
2058_2057,7988.0
2059_2060,4515.0
2059_3297,4515.0
2059_9120,5258.0
2059_10413,4515.0
2060_2059,4515.0
2060_2963,15975.0
2060_3296,4515.0
2060_10415,15975.0
2061_1816,5018.0
2061_3292,4515.0
2061_3293,5018.0
2061_3296,4515.0
2062_1809,15975.0
2062_2063,4515.0
2062_3545,15975.0
2062_3546,5018.0
2063_1810,5018.0
2063_2062,4515.0
2063_3550,6240.0
2063_9286,5018.0
2064_2055,5018.0
2064_8998,4358.0
2064_9000,4050.0
2065_1802,4515.0
2065_2157,4515.0
2065_3297,5258.0
2066_1844,5258.0
2066_2024,6240.0
2066_3557,5018.0
2067_1895,5018.0
2067_1909,8715.0
2067_2934,8715.0
2068_2406,4050.0
2068_2631,7028.0
2068_2766,7028.0
2069_574,999999.0
2069_1823,5018.0
2069_1825,5018.0
2070_429,999999.0
2070_1760,21915.0
2070_2036,21915.0
2071_1842,7988.0
2071_2993,15975.0
2071_3158,7988.0
2071_3165,15975.0
2072_429,999999.0
2072_1757,7028.0
2072_2036,7028.0
2073_430,999999.0
2073_1758,4358.0
2073_3498,4358.0
2074_430,999999.0
2074_1757,4358.0
2074_1759,4358.0
2075_430,999999.0
2075_1758,4358.0
2075_2627,4358.0
2076_431,999999.0
2076_1761,21915.0
2076_2036,21915.0
2077_431,999999.0
2077_1756,4358.0
2077_9058,4358.0
2078_432,999999.0
2078_1758,4358.0
2078_2035,4358.0
2079_444,999999.0
2079_2614,8715.0
2079_2958,8715.0
2080_433,999999.0
2080_1763,14055.0
2080_1764,14055.0
2081_433,999999.0
2081_1763,7028.0
2081_2930,7028.0
2082_434,999999.0
2082_1776,15975.0
2082_1778,15975.0
2083_435,999999.0
2083_9059,8715.0
2083_9060,8715.0
2084_3015,15975.0
2084_3277,5018.0
2084_4673,15975.0
2085_3015,15975.0
2085_9003,15975.0
2085_9006,5018.0
2086_2087,5018.0
2086_2106,15975.0
2086_9004,5018.0
2086_9007,15975.0
2087_2086,5018.0
2087_2088,5018.0
2087_2104,4358.0
2087_4780,5018.0
2088_2087,5018.0
2088_2089,5018.0
2088_11943,4515.0
2089_2088,5018.0
2089_8967,5018.0
2089_8968,4515.0
2090_2091,15975.0
2090_2101,15975.0
2090_8967,5018.0
2091_2090,15975.0
2091_2093,7988.0
2091_8969,4515.0
2091_11938,4515.0
2092_1151,999999.0
2092_8332,4515.0
2092_11939,4515.0
2093_2091,7988.0
2093_4789,7028.0
2093_8963,7988.0
2093_8966,5018.0
2094_2120,4358.0
2094_2121,4358.0
2094_8388,5258.0
2094_8901,6240.0
2095_789,999999.0
2095_4800,7028.0
2095_8964,7988.0
2096_554,999999.0
2096_1852,5018.0
2096_2025,5018.0
2097_2098,5018.0
2097_2130,5018.0
2097_8965,5018.0
2097_8966,5018.0
2098_2097,5018.0
2098_2126,4515.0
2098_11938,4515.0
2098_11942,5018.0
2099_1953,18330.0
2099_2403,18330.0
2100_2101,15975.0
2100_2124,14055.0
2100_11942,5018.0
2101_2090,15975.0
2101_2100,15975.0
2101_2102,4358.0
2102_2101,4358.0
2102_9008,4358.0
2102_9009,4050.0
2102_11943,4050.0
2103_2104,4050.0
2103_9008,4358.0
2103_9010,4050.0
2104_2087,4358.0
2104_2103,4050.0
2104_8994,10035.0
2105_2116,14055.0
2105_8996,14055.0
2105_8997,4515.0
2106_2086,15975.0
2106_2203,15975.0
2106_8994,10035.0
2107_1809,5018.0
2107_2377,5018.0
2108_2053,15975.0
2108_9002,5018.0
2108_9003,15975.0
2109_2054,14055.0
2109_9001,4050.0
2109_9002,5018.0
2109_9005,15975.0
2110_2334,5258.0
2110_12092,5258.0
2111_10327,4515.0
2111_12177,5258.0
2112_3257,14055.0
2112_8992,14055.0
2112_8993,4358.0
2112_9110,4358.0
2113_2114,14055.0
2113_8991,4050.0
2113_8992,14055.0
2114_2113,14055.0
2114_2115,14055.0
2114_2117,4358.0
2115_2114,14055.0
2115_2116,14055.0
2115_8998,4358.0
2116_2105,14055.0
2116_2115,14055.0
2116_9001,4050.0
2117_2114,4358.0
2117_8989,4358.0
2117_8990,14055.0
2117_8997,14055.0
2118_800,999999.0
2118_2119,15975.0
2118_8997,15975.0
2119_2118,15975.0
2119_2135,4515.0
2119_8995,4515.0
2119_9011,15975.0
2120_2094,4358.0
2120_12692,4358.0
2120_12693,4050.0
2121_2094,4358.0
2121_8900,4358.0
2121_12695,4515.0
2122_2123,4515.0
2122_2124,4515.0
2122_8971,4515.0
2122_8972,4515.0
2123_2122,4515.0
2123_2124,14055.0
2123_9011,14055.0
2124_2100,14055.0
2124_2122,4515.0
2124_2123,14055.0
2124_9009,4050.0
2125_1954,6240.0
2125_2403,6240.0
2126_2098,4515.0
2126_2131,4515.0
2126_8972,4515.0
2127_1820,6240.0
2127_2376,6240.0
2128_1819,5018.0
2128_3372,5018.0
2129_2130,5018.0
2129_3016,7988.0
2129_8975,7988.0
2130_2097,5018.0
2130_2129,5018.0
2130_8973,5018.0
2131_2126,4515.0
2131_8970,5018.0
2131_8973,5018.0
2132_2133,5018.0
2132_8970,5018.0
2132_8971,4515.0
2133_2132,5018.0
2133_2134,5018.0
2133_8974,5018.0
2134_2133,5018.0
2134_2149,6240.0
2134_11941,5018.0
2135_2119,4515.0
2135_2136,5018.0
2135_11929,5018.0
2136_2135,5018.0
2136_8989,5018.0
2136_9111,5018.0
2137_2141,5018.0
2137_8899,15975.0
2137_12696,5018.0
2137_12697,15975.0
2138_8985,9030.0
2138_8986,15975.0
2138_9110,15975.0
2139_2140,5018.0
2139_3046,18330.0
2139_8899,18330.0
2139_8900,6240.0
2140_2139,5018.0
2140_2141,7988.0
2140_2241,9165.0
2140_8896,5018.0
2141_2137,5018.0
2141_2140,7988.0
2141_8897,7988.0
2142_2143,5018.0
2142_2874,15975.0
2142_3258,5018.0
2142_11946,15975.0
2143_2142,5018.0
2143_8986,15975.0
2143_8987,5018.0
2143_9115,15975.0
2144_8983,5018.0
2144_8985,9030.0
2144_8987,5018.0
2144_9114,4515.0
2145_2190,5018.0
2145_8956,4358.0
2145_8957,8100.0
2146_8978,4515.0
2146_8982,4515.0
2146_9117,5018.0
2147_8982,4515.0
2147_8988,5018.0
2147_9112,5018.0
2148_2149,5258.0
2148_8988,5018.0
2148_9111,5018.0
2149_2134,6240.0
2149_2148,5258.0
2149_2150,6240.0
2149_8977,5258.0
2150_2149,6240.0
2150_8976,6240.0
2150_8978,5258.0
2151_2152,9165.0
2151_3019,7028.0
2151_8976,6240.0
2152_2151,9165.0
2152_2159,9165.0
2152_8981,6240.0
2153_2154,14055.0
2153_8536,14055.0
2153_8956,4358.0
2154_2153,14055.0
2154_12689,14055.0
2154_12691,4358.0
2155_7004,14055.0
2155_11932,5018.0
2155_12693,4050.0
2155_12694,7988.0
2156_3046,15975.0
2156_8953,7988.0
2156_11933,15975.0
2156_12694,9165.0
2157_2065,4515.0
2157_8980,18330.0
2157_9115,15975.0
2158_1803,7988.0
2158_2161,9165.0
2158_8979,9165.0
2158_9120,18330.0
2159_2152,9165.0
2159_2160,6240.0
2159_8979,9165.0
2159_9119,5258.0
2160_2159,6240.0
2160_2161,6240.0
2160_2162,6240.0
2160_2168,6240.0
2161_1804,5018.0
2161_2158,9165.0
2161_2160,6240.0
2161_2162,18330.0
2162_1805,6240.0
2162_2160,6240.0
2162_2161,18330.0
2162_9025,18330.0
2163_2166,4050.0
2163_7065,7988.0
2163_8332,7028.0
2163_9026,4515.0
2164_1577,18330.0
2164_2165,18330.0
2164_2167,5258.0
2165_2164,18330.0
2165_2174,6240.0
2165_2175,18330.0
2166_2163,4050.0
2166_8340,4050.0
2166_10448,4050.0
2167_2164,5258.0
2167_2168,4515.0
2167_8960,4515.0
2168_1579,7988.0
2168_2160,6240.0
2168_2167,4515.0
2169_2170,10035.0
2169_3019,7028.0
2170_1588,7988.0
2170_2169,5018.0
2170_8536,15975.0
2170_8959,5018.0
2171_2172,5018.0
2171_8959,5018.0
2171_8960,4515.0
2172_2171,5018.0
2172_2173,12480.0
2172_2188,6240.0
2173_2172,12480.0
2173_9031,12480.0
2173_9032,5258.0
2174_2165,6240.0
2174_2175,10515.0
2174_9031,12480.0
2175_2165,18330.0
2175_2174,10515.0
2175_2176,5258.0
2175_3166,18330.0
2176_2175,5258.0
2176_2870,4515.0
2176_11937,4515.0
2177_1575,4733.0
2177_1592,18330.0
2177_9029,10035.0
2177_9043,15975.0
2178_9022,5258.0
2178_9023,5258.0
2178_9024,5258.0
2179_2180,15975.0
2179_9022,5258.0
2179_9030,15975.0
2180_2179,15975.0
2180_2202,18330.0
2180_9028,4515.0
2181_2182,10035.0
2181_2197,4515.0
2181_9021,10035.0
2182_2181,10035.0
2182_2183,4515.0
2182_9028,4515.0
2182_9042,10035.0
2183_2182,4515.0
2183_2184,4515.0
2183_9020,4515.0
2184_2183,4515.0
2184_9033,5258.0
2184_11950,4515.0
2185_2186,4515.0
2185_2196,4515.0
2185_9020,4515.0
2185_9033,4515.0
2186_2185,4515.0
2186_2187,5258.0
2186_2195,4050.0
2187_2186,5258.0
2187_2188,5258.0
2187_9032,5258.0
2188_2172,6240.0
2188_2187,5258.0
2188_9012,4358.0
2189_785,999999.0
2189_8952,4515.0
2189_12686,4515.0
2190_2145,5018.0
2190_3305,7988.0
2190_8939,7028.0
2191_2209,4358.0
2191_8531,14055.0
2191_9013,7028.0
2191_13323,4358.0
2192_2196,4515.0
2192_9013,7988.0
2192_9019,15975.0
2192_13323,4050.0
2193_785,999999.0
2193_3047,15975.0
2193_8952,15975.0
2194_3047,15975.0
2194_3387,999999.0
2194_11933,15975.0
2194_12684,5018.0
2195_809,999999.0
2195_2186,4050.0
2195_13324,4050.0
2196_809,999999.0
2196_2185,4515.0
2196_2192,4515.0
2197_810,999999.0
2197_2181,4515.0
2197_2201,4515.0
2198_2199,10035.0
2198_2201,18330.0
2198_9018,15975.0
2199_2198,10035.0
2199_3531,18330.0
2199_5824,10035.0
2200_436,999999.0
2200_1754,7988.0
2200_1755,7988.0
2201_2197,4515.0
2201_2198,18330.0
2201_2202,18330.0
2201_3531,18330.0
2202_2180,18330.0
2202_2201,18330.0
2202_3022,18330.0
2202_3023,9165.0
2203_2106,15975.0
2203_8996,15975.0
2203_9005,15975.0
2204_2205,7988.0
2204_3171,7988.0
2205_2204,7988.0
2205_2219,7988.0
2205_3095,10035.0
2206_2209,4358.0
2206_3486,7470.0
2207_2217,4515.0
2207_3532,7988.0
2207_5824,4515.0
2208_1151,999999.0
2208_2216,4515.0
2208_7066,4515.0
2209_2191,4358.0
2209_2206,4358.0
2209_9037,3735.0
2210_808,999999.0
2210_2213,10035.0
2210_3049,10035.0
2211_10327,5018.0
2211_12176,6240.0
2212_12177,5258.0
2212_12253,5258.0
2213_2210,10035.0
2213_3481,5018.0
2213_9016,5018.0
2213_10449,5018.0
2214_807,999999.0
2214_3479,5018.0
2214_3482,5018.0
2215_3055,4050.0
2215_3478,4050.0
2215_7073,4050.0
2215_8340,4050.0
2216_2208,4515.0
2216_9026,4515.0
2216_12085,4515.0
2217_2207,4515.0
2217_3476,5018.0
2217_9017,5018.0
2218_806,999999.0
2218_3053,4515.0
2218_3532,4515.0
2219_2205,7988.0
2219_2220,7988.0
2219_2221,4515.0
2220_2219,7988.0
2220_2222,4515.0
2220_2226,7988.0
2220_3052,10035.0
2221_586,999999.0
2221_2219,4515.0
2221_8140,7988.0
2222_2223,7988.0
2222_8140,7988.0
2223_2222,7988.0
2223_2224,4515.0
2223_10102,7988.0
2224_2223,4515.0
2224_3167,4515.0
2224_9015,4515.0
2225_3167,7988.0
2225_9015,4515.0
2225_10102,7988.0
2226_2220,7988.0
2226_3167,999999.0
2226_8126,7988.0
2227_2228,15975.0
2227_3056,15975.0
2227_5823,5018.0
2228_2227,15975.0
2228_8916,15975.0
2228_12680,4515.0
2229_818,999999.0
2229_2230,5018.0
2229_9783,5018.0
2230_2229,5018.0
2230_2232,7988.0
2230_8916,7988.0
2230_8918,9165.0
2231_2232,15975.0
2231_5819,7988.0
2231_5821,6240.0
2231_9035,7988.0
2232_2230,7988.0
2232_2231,15975.0
2232_3525,5018.0
2232_8917,9165.0
2233_3525,5018.0
2233_3540,4515.0
2233_5818,5018.0
2234_8947,15975.0
2234_8948,15975.0
2234_11935,4515.0
2235_782,999999.0
2235_3172,5018.0
2235_8941,5018.0
2236_2237,7988.0
2236_2280,4515.0
2236_8917,9165.0
2237_2236,7988.0
2237_8915,7988.0
2237_8918,9165.0
2238_2239,5018.0
2238_8919,15975.0
2238_8920,15975.0
2239_2238,5018.0
2239_2280,5018.0
2239_5817,5018.0
2239_8914,5018.0
2240_5816,5018.0
2240_8913,4515.0
2240_8914,5018.0
2240_8927,4515.0
2241_2140,9165.0
2241_2279,7988.0
2241_8951,7988.0
2241_8953,7988.0
2242_3518,15975.0
2242_8951,7988.0
2242_12684,5018.0
2243_8920,14055.0
2243_11957,14055.0
2243_12623,4050.0
2244_2245,4050.0
2244_8933,14055.0
2244_11957,14055.0
2245_2243,14055.0
2245_2244,4050.0
2245_2246,4050.0
2246_2245,4050.0
2246_2247,4050.0
2246_10444,4358.0
2246_12623,4358.0
2247_2246,4050.0
2247_8930,4050.0
2247_8932,4050.0
2248_8927,4050.0
2248_8930,4050.0
2248_8931,4050.0
2249_3051,14055.0
2249_8934,14055.0
2250_2269,14055.0
2251_2249,14055.0
2251_2250,8715.0
2251_2253,4050.0
2252_2249,14055.0
2252_2253,4358.0
2252_10444,4358.0
2253_2251,4050.0
2253_2252,4358.0
2253_8935,4050.0
2253_8936,4358.0
2254_2255,4050.0
2254_2256,4050.0
2254_8935,4050.0
2255_2252,14055.0
2255_2254,4050.0
2255_8932,4050.0
2256_2254,4050.0
2256_8924,14055.0
2256_11954,4050.0
2257_2256,14055.0
2257_8923,4358.0
2258_2264,14055.0
2258_3522,3735.0
2258_8926,14055.0
2258_12624,4050.0
2259_5814,4515.0
2259_8910,7988.0
2259_8928,15975.0
2260_3522,5018.0
2260_8908,5018.0
2260_8910,7988.0
2260_8911,7988.0
2261_2262,18330.0
2261_2263,15975.0
2261_2273,5018.0
2261_12618,5018.0
2262_2261,18330.0
2262_5812,18330.0
2262_12618,6240.0
2263_2261,15975.0
2263_2272,7988.0
2263_8911,7988.0
2263_8912,15975.0
2264_2258,14055.0
2264_3424,5018.0
2264_8912,15975.0
2265_3368,4358.0
2265_8921,7028.0
2265_8923,4358.0
2266_2254,4050.0
2266_8925,14055.0
2267_8936,4358.0
2267_8937,14055.0
2268_2251,14055.0
2268_2267,14055.0
2268_3419,7028.0
2269_2268,14055.0
2269_3416,7028.0
2269_11956,14055.0
2270_3323,7988.0
2270_3361,4515.0
2270_8938,7028.0
2271_3424,5018.0
2271_8922,4515.0
2271_8943,5018.0
2271_8944,4515.0
2272_2263,7988.0
2272_3426,4515.0
2272_10447,15975.0
2272_11948,4515.0
2273_2261,5018.0
2273_5811,5258.0
2273_8949,4515.0
2273_11947,5018.0
2274_8941,5018.0
2274_8943,5018.0
2274_11936,7988.0
2274_12681,7988.0
2275_8945,15975.0
2275_8946,7988.0
2275_8948,15975.0
2276_3427,4733.0
2276_3539,7988.0
2276_11935,4515.0
2276_12620,4515.0
2277_3429,7988.0
2277_8891,6240.0
2277_10423,7988.0
2277_12621,4515.0
2278_2279,7988.0
2278_3172,5018.0
2278_8894,6240.0
2278_12698,7988.0
2279_758,999999.0
2279_2241,7988.0
2279_2278,7988.0
2280_2236,4515.0
2280_2239,5018.0
2280_3540,4515.0
2281_2283,6240.0
2281_8894,6240.0
2281_8895,6240.0
2281_8898,6240.0
2282_2283,5018.0
2282_8898,5018.0
2282_9121,5018.0
2283_2281,6240.0
2283_2282,5018.0
2283_8892,6240.0
2283_12699,6240.0
2284_8902,9165.0
2284_9773,7988.0
2284_12620,4515.0
2285_2325,9165.0
2285_8890,9165.0
2285_8902,9165.0
2285_10423,7988.0
2286_2287,9165.0
2286_2324,6240.0
2286_8890,9165.0
2286_8892,6240.0
2287_2286,9165.0
2287_2323,9165.0
2287_8893,9165.0
2287_12708,4515.0
2288_8893,9165.0
2288_9123,15975.0
2288_9124,7988.0
2289_1616,15975.0
2289_2290,4515.0
2289_9122,15975.0
2290_2289,4515.0
2290_3041,7988.0
2290_11892,7988.0
2291_1612,7988.0
2291_1615,4515.0
2291_2295,7988.0
2292_1619,4515.0
2292_3034,15975.0
2292_12700,15975.0
2293_1617,5018.0
2293_1620,5018.0
2293_2294,10035.0
2294_1618,5018.0
2294_2293,10035.0
2294_3513,5018.0
2294_5261,10035.0
2295_1614,7988.0
2295_2291,7988.0
2295_11894,5018.0
2295_12705,4733.0
2296_1614,7988.0
2296_1618,5018.0
2296_8888,7988.0
2296_11887,5018.0
2297_3226,4733.0
2297_8880,15975.0
2297_8884,14055.0
2297_11886,7988.0
2298_3033,15975.0
2298_8875,15975.0
2298_9055,5018.0
2299_2300,5018.0
2299_3032,7988.0
2299_8875,15975.0
2299_8883,15975.0
2300_750,999999.0
2300_2299,5018.0
2300_2302,5018.0
2301_2302,15975.0
2301_3036,15975.0
2301_8879,5018.0
2301_11879,5018.0
2302_2300,5018.0
2302_2301,15975.0
2302_8872,15975.0
2302_8873,5018.0
2303_2304,5018.0
2303_2732,5018.0
2303_8864,5018.0
2303_12724,5018.0
2304_2303,5018.0
2304_2731,5018.0
2304_8866,4515.0
2305_5465,7028.0
2305_6477,14055.0
2305_11877,5018.0
2305_12718,5018.0
2306_6479,5018.0
2306_8866,4515.0
2306_12718,5018.0
2307_2732,7988.0
2307_6543,7988.0
2307_8857,4515.0
2307_8864,5018.0
2308_2732,7988.0
2308_12725,7988.0
2308_12728,5018.0
2309_2310,7028.0
2309_2656,14055.0
2309_8872,15975.0
2309_12729,7988.0
2310_2309,14055.0
2310_2656,4358.0
2310_8863,4358.0
2310_8883,15975.0
2311_8885,5018.0
2311_9128,5018.0
2311_9129,5018.0
2312_2314,4358.0
2312_11885,4358.0
2313_2312,8715.0
2313_2314,14055.0
2313_8884,14055.0
2314_2312,4358.0
2314_2313,14055.0
2314_8848,14055.0
2314_11889,5018.0
2315_8886,10035.0
2315_8887,10035.0
2315_11887,5018.0
2316_3354,999999.0
2316_8887,10035.0
2316_8889,5018.0
2316_12711,5018.0
2317_8823,5018.0
2317_8889,5018.0
2317_12706,4515.0
2318_868,999999.0
2318_1613,4515.0
2318_12707,4515.0
2319_731,999999.0
2319_11714,4515.0
2319_12717,4515.0
2320_2321,10035.0
2320_3227,10035.0
2320_10426,4515.0
2321_2320,10035.0
2321_2322,10035.0
2321_8811,5018.0
2322_2321,10035.0
2322_2323,7988.0
2322_10420,7988.0
2323_2287,9165.0
2323_2322,7988.0
2323_2324,5018.0
2324_2286,6240.0
2324_2323,5018.0
2324_2325,4050.0
2325_2285,9165.0
2325_2324,4050.0
2325_2326,7028.0
2325_8904,6240.0
2326_2325,7028.0
2326_8809,7028.0
2326_8903,4050.0
2327_8807,7028.0
2327_8809,7028.0
2327_11914,4050.0
2327_12634,4515.0
2328_8806,4515.0
2328_8808,4515.0
2328_8903,4050.0
2328_11914,4050.0
2329_2330,4515.0
2329_3520,7988.0
2329_8805,7988.0
2329_8808,4515.0
2330_2329,4515.0
2330_2331,4515.0
2330_5800,4515.0
2331_2330,4515.0
2331_3668,7988.0
2331_5802,5018.0
2331_8813,7988.0
2332_3520,7988.0
2332_8807,7988.0
2332_8813,7988.0
2332_12635,7988.0
2333_8810,7988.0
2333_8812,4515.0
2333_12634,7988.0
2334_2110,5258.0
2334_2335,6240.0
2334_2336,5258.0
2334_10326,6240.0
2335_2334,6240.0
2335_2336,18330.0
2335_2403,18330.0
2336_2334,5258.0
2336_2335,18330.0
2336_2337,5258.0
2336_10241,18330.0
2337_2336,5258.0
2337_2338,6240.0
2337_2351,5258.0
2337_10242,6240.0
2338_2337,6240.0
2338_2339,6240.0
2338_3581,5258.0
2339_2338,6240.0
2339_2340,6240.0
2339_2403,5258.0
2340_593,999999.0
2340_2339,6240.0
2340_2343,6240.0
2341_2427,6240.0
2341_2432,5018.0
2342_8178,51728.0
2343_2340,6240.0
2343_2344,6240.0
2343_2734,5258.0
2343_3579,5258.0
2344_2343,6240.0
2344_2346,5258.0
2344_2664,6240.0
2345_2382,4733.0
2345_8148,51728.0
2346_2344,5258.0
2346_3580,5258.0
2346_11961,4515.0
2347_2348,5258.0
2347_2371,5258.0
2347_3580,5258.0
2348_2347,5258.0
2348_2349,5258.0
2348_2353,5258.0
2349_2348,5258.0
2349_2350,5258.0
2349_3579,5258.0
2350_2349,5258.0
2350_2351,5258.0
2350_3581,5258.0
2351_2337,5258.0
2351_2350,5258.0
2351_2352,5258.0
2352_2351,5258.0
2352_2353,5258.0
2352_3583,5258.0
2352_5832,5258.0
2353_2348,5258.0
2353_2352,5258.0
2353_2354,5258.0
2354_594,999999.0
2354_2353,5258.0
2354_2355,5258.0
2355_2354,5258.0
2355_2362,6240.0
2355_3582,6240.0
2355_3587,4515.0
2356_3582,6240.0
2356_3583,5258.0
2356_3589,5258.0
2356_10244,6240.0
2357_3588,5018.0
2357_3589,4515.0
2357_10518,5018.0
2358_2361,4515.0
2358_3587,4515.0
2358_3588,5018.0
2358_11962,5018.0
2359_2360,15975.0
2359_10520,15975.0
2359_10521,5018.0
2360_2359,15975.0
2360_2361,15975.0
2360_10523,15975.0
2361_2358,4515.0
2361_2360,15975.0
2361_3586,15975.0
2362_2355,6240.0
2362_2368,5018.0
2362_3585,5018.0
2363_2364,15975.0
2363_3535,15975.0
2363_3585,5018.0
2364_2363,15975.0
2364_2366,15975.0
2364_3567,5018.0
2364_3584,4515.0
2365_10359,5258.0
2365_12173,5258.0
2365_12273,5258.0
2366_2364,15975.0
2366_2367,5018.0
2366_3565,15975.0
2367_2366,5018.0
2367_2368,5018.0
2367_2383,5018.0
2368_2362,5018.0
2368_2367,5018.0
2368_3584,4515.0
2368_11963,4515.0
2369_2342,4733.0
2369_2382,4515.0
2369_8456,4515.0
2370_900,999999.0
2370_2470,4358.0
2370_2472,4358.0
2371_2347,5258.0
2371_11961,4515.0
2371_11963,4515.0
2372_2373,9165.0
2372_2383,7988.0
2372_11961,4515.0
2373_2372,9165.0
2373_3576,5258.0
2373_3577,9165.0
2374_9466,6240.0
2374_9469,5018.0
2375_2376,6240.0
2375_2665,9165.0
2375_3577,9165.0
2376_2127,6240.0
2376_2375,6240.0
2376_3372,6240.0
2376_3578,6240.0
2377_2107,5018.0
2377_2389,4515.0
2377_3573,5018.0
2377_3575,5018.0
2378_2379,5018.0
2378_3369,5018.0
2378_3574,5018.0
2379_2378,5018.0
2379_2380,5018.0
2379_3578,6240.0
2380_2379,5018.0
2380_2381,5018.0
2380_2385,4515.0
2381_2380,5018.0
2381_3576,5258.0
2381_11960,5018.0
2382_2369,4515.0
2382_9218,4515.0
2383_2367,5018.0
2383_2372,7988.0
2383_2384,7988.0
2383_11960,5018.0
2384_2383,7988.0
2384_3565,15975.0
2384_3566,7988.0
2384_3568,15975.0
2385_2380,4515.0
2385_2386,15975.0
2385_3392,15975.0
2386_2385,15975.0
2386_2387,15975.0
2386_3505,5018.0
2387_2386,15975.0
2387_2388,15975.0
2387_3574,5018.0
2388_591,999999.0
2388_2387,15975.0
2388_2389,15975.0
2389_2377,4515.0
2389_2388,15975.0
2389_3382,5018.0
2389_3506,18330.0
2390_590,999999.0
2390_3382,6240.0
2390_11959,5018.0
2391_1806,5018.0
2391_2392,6240.0
2391_5157,5018.0
2392_2391,6240.0
2392_2393,6240.0
2392_11958,5018.0
2393_1808,5018.0
2393_2392,6240.0
2393_3357,6240.0
2393_3572,5018.0
2394_2395,7988.0
2394_3563,6240.0
2394_3572,5018.0
2394_6965,24930.0
2395_586,999999.0
2395_2394,7988.0
2395_3603,7988.0
2396_2397,5018.0
2396_2399,7988.0
2396_3602,7988.0
2397_2396,5018.0
2397_3569,5018.0
2397_3570,5018.0
2398_436,999999.0
2398_1754,4358.0
2399_587,999999.0
2399_2396,7988.0
2399_10425,7988.0
2400_3566,7988.0
2400_3570,5018.0
2400_3598,6240.0
2400_10425,7988.0
2401_9499,32415.0
2401_9514,32415.0
2402_3567,5018.0
2402_3600,6240.0
2402_10435,5018.0
2402_10543,5258.0
2403_2099,18330.0
2403_2125,6240.0
2403_2335,18330.0
2403_2339,5258.0
2404_1806,4515.0
2404_2405,5258.0
2404_2870,4515.0
2405_2404,5258.0
2405_5158,4515.0
2405_9040,6240.0
2406_436,999999.0
2406_2035,4050.0
2407_437,999999.0
2407_1753,4050.0
2407_2037,4050.0
2408_437,999999.0
2408_1753,5018.0
2408_1754,5018.0
2409_438,999999.0
2409_1755,10035.0
2409_2037,8715.0
2410_438,999999.0
2410_2037,4050.0
2410_2412,4050.0
2411_438,999999.0
2411_1767,14055.0
2411_3500,15975.0
2412_439,999999.0
2412_1768,4515.0
2412_2410,4050.0
2413_440,999999.0
2413_1767,14055.0
2413_1776,14055.0
2414_2416,15975.0
2414_5794,15975.0
2414_10370,15975.0
2414_11046,7988.0
2415_910,999999.0
2415_2716,7988.0
2415_11046,15975.0
2416_2414,15975.0
2416_7661,15975.0
2416_9299,4515.0
2417_3100,5018.0
2417_7661,15975.0
2417_7662,15975.0
2417_7663,5018.0
2418_5791,4515.0
2418_7980,4515.0
2418_11047,15975.0
2418_12857,15975.0
2419_7660,5018.0
2419_11524,5018.0
2419_11841,4515.0
2420_7659,7988.0
2420_7660,5018.0
2420_11522,5018.0
2420_11523,7988.0
2421_7657,15975.0
2421_7659,7988.0
2421_11842,15975.0
2421_12853,7988.0
2422_906,999999.0
2422_2423,15975.0
2422_12855,15975.0
2423_2422,15975.0
2423_7651,4515.0
2423_7656,5258.0
2423_11844,15975.0
2424_2426,6240.0
2424_11522,5018.0
2424_12854,4515.0
2425_1296,999999.0
2425_2427,4515.0
2425_9134,4515.0
2426_2424,6240.0
2426_2427,6240.0
2426_5789,5018.0
2427_2341,6240.0
2427_2425,4515.0
2427_2426,6240.0
2427_2428,6240.0
2428_2427,6240.0
2428_7656,5258.0
2428_11843,5018.0
2429_904,999999.0
2429_2430,15975.0
2429_2444,15975.0
2430_2429,15975.0
2430_2431,15975.0
2430_3477,15975.0
2430_5592,15975.0
2431_2430,15975.0
2431_7647,5018.0
2431_11843,5018.0
2431_12884,7988.0
2432_2341,5018.0
2432_3414,5018.0
2432_7647,5018.0
2433_2434,5018.0
2433_3414,5018.0
2433_9134,5018.0
2434_1298,999999.0
2434_2433,5018.0
2434_3346,6240.0
2435_2455,4515.0
2435_11847,4515.0
2435_11848,4515.0
2436_3413,7988.0
2436_7650,7988.0
2436_11848,4515.0
2437_2438,7988.0
2437_3413,7988.0
2437_7649,5018.0
2438_904,999999.0
2438_2437,7988.0
2438_12884,7988.0
2439_1299,999999.0
2439_8395,5018.0
2439_9273,5018.0
2440_905,999999.0
2440_2442,5018.0
2440_7635,6240.0
2441_875,999999.0
2441_2442,5018.0
2441_2449,5018.0
2442_2440,5018.0
2442_2441,5018.0
2442_7648,5018.0
2442_7649,5018.0
2443_875,999999.0
2443_2445,5018.0
2443_7648,5018.0
2444_2429,15975.0
2444_2445,15975.0
2444_7645,5018.0
2445_2443,5018.0
2445_2444,15975.0
2445_2448,15975.0
2445_12887,4515.0
2446_8057,34260.0
2446_10550,34260.0
2446_12888,5018.0
2447_1627,51728.0
2447_2448,15975.0
2447_2602,15975.0
2447_10550,34260.0
2448_2445,15975.0
2448_2447,15975.0
2448_6992,5018.0
2448_12888,5018.0
2449_2441,5018.0
2449_2596,5018.0
2449_10456,5018.0
2450_898,999999.0
2450_3341,5258.0
2450_7630,5258.0
2451_2509,4515.0
2451_7630,5258.0
2451_7636,9165.0
2451_7643,7988.0
2452_2453,7988.0
2452_2457,7988.0
2452_3659,7988.0
2452_7642,7988.0
2453_2452,7988.0
2453_2454,7988.0
2453_2464,7988.0
2453_7641,15975.0
2454_2453,7988.0
2454_2463,5018.0
2454_7642,7988.0
2454_7644,7988.0
2455_2435,4515.0
2455_2456,7988.0
2455_2462,4515.0
2455_7644,7988.0
2456_896,999999.0
2456_2455,7988.0
2456_2458,9165.0
2457_902,999999.0
2457_2452,7988.0
2457_7643,7988.0
2458_2456,9165.0
2458_5786,7988.0
2458_9620,15975.0
2458_12872,18330.0
2459_896,999999.0
2459_2460,6240.0
2459_12871,6240.0
2460_2459,6240.0
2460_2462,6240.0
2460_12868,6240.0
2460_12870,6240.0
2461_897,999999.0
2461_2466,5018.0
2461_12870,6240.0
2462_2455,4515.0
2462_2460,6240.0
2462_2463,5018.0
2463_2454,5018.0
2463_2462,5018.0
2463_7633,5018.0
2464_2453,7988.0
2464_3126,15975.0
2464_7633,5018.0
2465_897,999999.0
2465_2466,15975.0
2465_3126,15975.0
2466_2461,5018.0
2466_2465,15975.0
2466_2467,15975.0
2466_2468,5018.0
2467_2468,15975.0
2467_7387,15975.0
2468_2466,5018.0
2468_2467,15975.0
2468_7386,5018.0
2468_7634,15975.0
2469_3133,15975.0
2469_7385,7988.0
2469_7634,15975.0
2470_2370,4358.0
2470_2568,7028.0
2470_11763,14055.0
2470_12877,14055.0
2471_3409,999999.0
2471_3656,15975.0
2472_2370,4358.0
2472_4337,4050.0
2472_7637,5018.0
2473_2474,7988.0
2473_2500,5018.0
2473_7638,7988.0
2474_2473,7988.0
2474_7637,5018.0
2474_11850,7988.0
2474_12881,4050.0
2475_2599,5018.0
2475_2600,4515.0
2475_7358,5018.0
2476_2477,5018.0
2476_2599,5018.0
2476_11852,4515.0
2477_2476,5018.0
2477_7140,7988.0
2477_7362,5018.0
2477_11871,7988.0
2478_2481,4515.0
2478_7360,7988.0
2478_11871,7988.0
2479_2480,7988.0
2479_2481,4515.0
2479_7360,7988.0
2480_2479,7988.0
2480_11874,7988.0
2480_11875,4515.0
2481_2478,4515.0
2481_2479,4515.0
2481_2604,4515.0
2481_7359,4515.0
2482_2602,15975.0
2482_2604,4515.0
2482_11040,15975.0
2482_12896,4515.0
2483_2484,15975.0
2483_11040,15975.0
2483_11872,15975.0
2484_2483,15975.0
2484_6924,7988.0
2484_10458,7988.0
2484_11041,15975.0
2485_2489,7988.0
2485_3106,24930.0
2485_5904,5018.0
2485_6924,7988.0
2486_6556,15975.0
2486_9048,7988.0
2486_9148,5018.0
2487_488,999999.0
2487_1914,14055.0
2487_2976,14055.0
2488_6968,5018.0
2488_6970,4515.0
2488_9147,5018.0
2489_2485,7988.0
2489_6922,7988.0
2489_6970,4515.0
2490_3108,15975.0
2490_6922,7988.0
2490_6923,15975.0
2490_11873,15975.0
2491_6942,7988.0
2491_6968,5018.0
2491_12898,5018.0
2492_879,999999.0
2492_2503,6240.0
2492_3336,6240.0
2493_879,999999.0
2493_2504,9165.0
2493_11876,7988.0
2494_7367,7988.0
2494_11876,7988.0
2494_12900,7988.0
2495_2497,5018.0
2495_11873,7988.0
2495_12899,7988.0
2496_1288,999999.0
2496_2497,4515.0
2496_11875,4515.0
2497_2495,5018.0
2497_2496,4515.0
2497_7361,5018.0
2498_7361,5018.0
2498_7362,5018.0
2498_12903,5018.0
2499_2500,5018.0
2499_7365,5018.0
2499_12880,7988.0
2499_12901,5018.0
2500_899,999999.0
2500_2473,5018.0
2500_2499,5018.0
2501_2502,4515.0
2501_7366,7988.0
2501_7367,7988.0
2502_882,999999.0
2502_2501,4515.0
2502_3179,4515.0
2503_2492,6240.0
2503_7363,12480.0
2503_7384,4358.0
2503_8587,16208.0
2504_2493,9165.0
2504_2530,14055.0
2504_3179,15975.0
2504_7363,12480.0
2505_882,999999.0
2505_3111,15975.0
2505_3179,15975.0
2506_2507,15975.0
2506_3111,15975.0
2506_12902,4515.0
2506_12904,4515.0
2507_2506,15975.0
2507_11854,7988.0
2507_12880,4515.0
2507_12904,5018.0
2508_7368,7988.0
2508_11853,7988.0
2508_11854,7988.0
2508_12880,7988.0
2509_2451,4515.0
2509_2552,4050.0
2509_3341,5258.0
2510_894,999999.0
2510_2511,7988.0
2510_11853,7988.0
2511_2510,7988.0
2511_7385,7988.0
2511_11855,7988.0
2511_12879,7988.0
2512_892,999999.0
2512_7638,7988.0
2512_12879,7988.0
2513_2514,7988.0
2513_2542,7988.0
2513_7388,7988.0
2514_2513,7988.0
2514_2515,7988.0
2514_7378,7988.0
2515_2514,7988.0
2515_2516,5018.0
2515_7386,5018.0
2515_7390,7988.0
2516_2515,5018.0
2516_7378,7988.0
2516_7389,7988.0
2516_7392,5018.0
2517_895,999999.0
2517_2518,7988.0
2517_7389,7988.0
2518_2517,7988.0
2518_2519,7988.0
2518_2595,7988.0
2518_7368,7988.0
2519_883,999999.0
2519_2518,7988.0
2519_7391,15975.0
2520_7375,5018.0
2520_7391,15975.0
2520_7392,5018.0
2520_11868,7988.0
2521_884,999999.0
2521_2523,5018.0
2521_7375,5018.0
2522_886,999999.0
2522_2523,5018.0
2522_7374,10035.0
2523_2521,5018.0
2523_2522,5018.0
2523_3484,4733.0
2523_7370,5018.0
2524_2525,5018.0
2524_7370,5018.0
2524_7371,4515.0
2525_2524,5018.0
2525_7364,7988.0
2525_7369,7988.0
2526_2530,7028.0
2526_7364,7988.0
2526_12904,5018.0
2527_880,999999.0
2527_2528,4515.0
2527_7371,4515.0
2528_1628,15975.0
2528_2527,4515.0
2528_3112,15975.0
2528_7380,4515.0
2529_880,999999.0
2529_1628,15975.0
2529_12907,14055.0
2530_2504,14055.0
2530_2526,7028.0
2530_7382,4050.0
2530_7383,14055.0
2531_7382,4050.0
2531_7384,4358.0
2531_12906,4050.0
2531_12909,4358.0
2532_7380,4515.0
2532_7381,5018.0
2532_8010,5018.0
2532_12905,4515.0
2533_885,999999.0
2533_3112,5018.0
2533_7372,5018.0
2534_434,999999.0
2534_1832,4358.0
2534_3502,4358.0
2535_8007,6240.0
2535_8010,6240.0
2535_11056,6240.0
2536_976,999999.0
2536_3113,24930.0
2536_11870,24930.0
2537_976,999999.0
2537_3113,10035.0
2537_7373,10035.0
2538_7373,10035.0
2538_7374,10035.0
2538_8003,5018.0
2538_8004,10035.0
2539_2586,7988.0
2539_3485,10035.0
2539_7376,7988.0
2539_7377,10035.0
2540_2542,10035.0
2540_2586,10035.0
2540_7377,10035.0
2541_973,999999.0
2541_2542,7988.0
2541_2584,7988.0
2542_2513,7988.0
2542_2540,10035.0
2542_2541,7988.0
2542_11862,10035.0
2543_2545,7988.0
2543_7388,7988.0
2543_11862,10035.0
2544_973,999999.0
2544_2545,15975.0
2544_2585,15975.0
2545_2543,7988.0
2545_2544,15975.0
2545_3124,10035.0
2545_7387,15975.0
2546_3124,10035.0
2546_11859,6240.0
2546_11860,4515.0
2546_12869,5258.0
2547_1300,999999.0
2547_2548,6240.0
2547_11541,6240.0
2548_2547,6240.0
2548_11858,6240.0
2548_11859,6240.0
2549_2550,6240.0
2549_5785,5258.0
2549_11858,6240.0
2549_12868,6240.0
2550_2549,6240.0
2550_11539,5018.0
2550_11540,5258.0
2551_5785,5258.0
2551_7982,9165.0
2551_9274,9165.0
2552_2509,4050.0
2552_3343,4050.0
2552_3409,4050.0
2553_2593,7988.0
2553_7986,7988.0
2553_11539,5018.0
2554_2555,5258.0
2554_2557,5018.0
2554_9314,6240.0
2555_2554,5258.0
2555_7983,6240.0
2555_9313,9165.0
2556_2558,7988.0
2556_3130,7988.0
2556_11856,5258.0
2557_2554,5018.0
2557_2562,5018.0
2557_7987,7988.0
2558_2556,7988.0
2558_7986,7988.0
2558_7987,7988.0
2558_7988,7988.0
2559_2560,5258.0
2559_11540,5258.0
2559_11542,5258.0
2559_11543,5258.0
2560_2559,5258.0
2560_2561,5258.0
2560_2569,5258.0
2561_2560,5258.0
2561_2562,5258.0
2561_7985,9165.0
2561_11544,9165.0
2562_2557,5018.0
2562_2561,5258.0
2562_2563,4358.0
2563_1301,999999.0
2563_2562,4358.0
2563_2564,4358.0
2564_2563,4358.0
2564_7993,4358.0
2564_7999,14055.0
2564_8591,14055.0
2565_3483,7028.0
2565_7999,15975.0
2565_11864,4358.0
2565_11865,4358.0
2566_7985,9165.0
2566_11545,7028.0
2566_11861,5018.0
2567_2569,4515.0
2567_2575,7028.0
2567_11545,7028.0
2568_2470,7028.0
2568_3343,4050.0
2568_7640,7988.0
2569_2560,5258.0
2569_2567,4515.0
2569_8000,4515.0
2569_11630,4515.0
2570_3123,5018.0
2570_11541,6240.0
2570_11630,4515.0
2570_11860,4515.0
2571_2572,4515.0
2571_2585,10035.0
2571_3123,4515.0
2571_3459,4733.0
2572_2571,4515.0
2572_2573,5018.0
2572_8000,4515.0
2573_2572,5018.0
2573_2585,15975.0
2573_3122,15975.0
2574_972,999999.0
2574_2575,14055.0
2574_3122,15975.0
2575_2567,7028.0
2575_2574,14055.0
2575_7997,14055.0
2575_7998,7028.0
2576_7992,15975.0
2576_7993,5018.0
2576_8590,15975.0
2577_7992,15975.0
2577_7994,15975.0
2577_7995,5018.0
2577_7996,15975.0
2578_3660,14055.0
2578_11863,14055.0
2579_7989,4515.0
2579_7990,5018.0
2579_7991,5018.0
2580_2581,12480.0
2580_7989,4515.0
2580_12891,12480.0
2581_2580,12480.0
2581_2582,12480.0
2581_11866,5018.0
2582_2581,12480.0
2582_3117,10035.0
2582_12890,5258.0
2583_3117,15975.0
2583_3118,7988.0
2583_8001,15975.0
2583_12889,7988.0
2584_2541,7988.0
2584_2585,15975.0
2584_8001,15975.0
2585_2544,15975.0
2585_2571,10035.0
2585_2573,15975.0
2585_2584,15975.0
2586_2539,7988.0
2586_2540,10035.0
2586_2587,5018.0
2586_8002,7988.0
2587_974,999999.0
2587_2586,5018.0
2587_2588,5018.0
2588_2587,5018.0
2588_2589,4515.0
2588_3116,6240.0
2589_974,999999.0
2589_2588,4515.0
2589_12889,4515.0
2590_8006,6240.0
2590_8008,5018.0
2590_11867,5018.0
2591_862,999999.0
2591_10152,4515.0
2591_12521,4515.0
2592_7990,5018.0
2592_12891,12480.0
2592_12892,5258.0
2593_2553,7988.0
2593_2594,5258.0
2593_3132,9165.0
2594_2593,5258.0
2594_9622,5258.0
2594_12894,5258.0
2595_883,999999.0
2595_2518,7988.0
2595_7369,7988.0
2596_2449,5018.0
2596_3139,4515.0
2596_6992,5018.0
2597_2598,9030.0
2597_2601,4515.0
2597_10457,9030.0
2598_2597,9030.0
2598_7358,5018.0
2598_10456,5018.0
2598_11851,4515.0
2599_2475,5018.0
2599_2476,5018.0
2599_2600,4515.0
2600_2475,4515.0
2600_2599,4515.0
2600_2601,4515.0
2600_7359,4515.0
2601_2597,4515.0
2601_2600,4515.0
2601_2603,4515.0
2602_2447,15975.0
2602_2482,15975.0
2602_2603,4515.0
2603_877,999999.0
2603_2601,4515.0
2603_2602,4515.0
2604_877,999999.0
2604_2481,4515.0
2604_2482,4515.0
2605_3140,7988.0
2605_7640,7988.0
2605_7641,15975.0
2606_441,999999.0
2606_1774,15975.0
2606_9088,15975.0
2607_441,999999.0
2607_1768,4515.0
2607_2038,4515.0
2608_441,999999.0
2608_1769,7988.0
2608_9061,7988.0
2609_442,999999.0
2609_1771,15975.0
2609_1773,15975.0
2610_442,999999.0
2610_1769,5018.0
2610_1773,5018.0
2611_443,999999.0
2611_1769,7988.0
2611_1770,15975.0
2612_444,999999.0
2612_1751,4358.0
2612_9062,4358.0
2613_444,999999.0
2613_1751,8715.0
2613_2037,8715.0
2614_445,999999.0
2614_1751,8715.0
2614_2079,8715.0
2615_445,999999.0
2615_1751,5018.0
2615_1752,4358.0
2616_446,999999.0
2616_1725,4358.0
2616_1752,4358.0
2617_446,999999.0
2617_1753,4050.0
2617_9066,4050.0
2618_447,999999.0
2618_1749,4358.0
2618_2958,8715.0
2619_447,999999.0
2619_1748,7028.0
2619_1749,7028.0
2620_448,999999.0
2620_1745,15975.0
2620_1746,15975.0
2621_448,999999.0
2621_1734,5018.0
2621_1746,5018.0
2622_448,999999.0
2622_1739,5018.0
2622_1745,5018.0
2623_448,999999.0
2623_1734,5018.0
2623_1742,5018.0
2624_449,999999.0
2624_1739,5018.0
2624_1741,5018.0
2625_450,999999.0
2625_1727,7988.0
2625_1728,7988.0
2626_450,999999.0
2626_1728,5018.0
2626_1732,5018.0
2627_451,999999.0
2627_2075,4358.0
2627_3499,4358.0
2628_451,999999.0
2628_10412,4050.0
2628_12482,4050.0
2629_451,999999.0
2629_2034,7028.0
2629_10411,7028.0
2630_1724,7028.0
2630_2034,7028.0
2630_12483,4515.0
2631_453,999999.0
2631_1754,7988.0
2631_2068,7028.0
2632_454,999999.0
2632_1725,7028.0
2632_3503,7028.0
2633_455,999999.0
2633_1722,5018.0
2633_2032,5018.0
2634_1153,999999.0
2634_5804,5018.0
2634_8334,5018.0
2635_3669,7988.0
2635_5803,9165.0
2635_10428,5258.0
2636_3676,4515.0
2636_8811,5018.0
2636_12636,5018.0
2636_12637,4515.0
2637_2638,5018.0
2637_3671,5018.0
2637_8815,5018.0
2637_11911,5018.0
2638_2637,5018.0
2638_2639,6240.0
2638_8814,4515.0
2638_10428,5258.0
2639_2638,6240.0
2639_2640,6240.0
2639_8817,6240.0
2640_2639,6240.0
2640_8814,4515.0
2640_10427,6240.0
2640_11909,4515.0
2641_2642,5258.0
2641_2643,6240.0
2641_8818,6240.0
2641_10427,6240.0
2642_2641,5258.0
2642_2643,6240.0
2642_9130,5258.0
2642_9131,6240.0
2643_2641,6240.0
2643_2642,6240.0
2643_2644,6240.0
2644_2643,6240.0
2644_9132,6240.0
2644_12661,5018.0
2645_2647,5018.0
2645_8822,5018.0
2645_12663,5018.0
2645_12667,5018.0
2646_8822,5018.0
2646_8844,5018.0
2646_8846,5018.0
2646_8889,5018.0
2647_2645,5018.0
2647_8844,5018.0
2647_11919,5018.0
2647_12712,5018.0
2648_3530,5018.0
2648_8820,6240.0
2648_8842,5018.0
2648_12713,5018.0
2649_738,999999.0
2649_8833,5018.0
2649_12713,5018.0
2650_2651,5018.0
2650_2652,15975.0
2650_8835,5018.0
2650_12666,7988.0
2651_2650,5018.0
2651_2652,5018.0
2651_8836,5018.0
2651_8837,5018.0
2652_2650,15975.0
2652_2651,5018.0
2652_8843,5018.0
2652_8850,15975.0
2653_8843,4358.0
2653_8847,4358.0
2653_11896,5018.0
2653_11918,5018.0
2654_8847,4358.0
2654_8848,14055.0
2654_8850,15975.0
2654_12709,4358.0
2655_2657,4358.0
2655_9129,4358.0
2655_11888,4358.0
2656_2309,14055.0
2656_2310,4358.0
2656_2657,14055.0
2656_2658,4358.0
2657_2656,14055.0
2657_2658,4358.0
2657_8861,14055.0
2658_2656,4358.0
2658_2659,4358.0
2658_11883,4515.0
2659_2658,4358.0
2659_2660,4358.0
2659_8858,5018.0
2659_12729,5018.0
2660_2659,4358.0
2660_8855,5018.0
2660_8856,4515.0
2661_8859,24930.0
2661_8860,15975.0
2661_11881,4515.0
2662_2663,15975.0
2662_3030,15975.0
2662_8854,5018.0
2663_2662,15975.0
2663_8824,4515.0
2663_12717,15975.0
2664_2344,6240.0
2664_3556,6240.0
2665_2375,9165.0
2665_3554,9165.0
2666_2667,5018.0
2666_2729,7988.0
2666_8761,5018.0
2666_11695,10035.0
2667_2666,5018.0
2667_2668,4515.0
2667_2729,7988.0
2667_8763,7988.0
2668_2667,4515.0
2668_8764,7988.0
2668_8766,4515.0
2668_11897,7988.0
2669_2670,15975.0
2669_8763,7988.0
2669_8764,7988.0
2669_12714,15975.0
2670_2669,15975.0
2670_2671,18330.0
2670_8766,6240.0
2671_2670,18330.0
2671_8765,9165.0
2671_8766,5258.0
2671_12734,4515.0
2672_3168,999999.0
2672_8854,5018.0
2672_8855,5018.0
2672_10430,5018.0
2673_10430,5018.0
2673_10443,4515.0
2673_11883,4515.0
2673_12731,5018.0
2674_2675,9165.0
2674_8765,9165.0
2674_11900,4515.0
2674_12736,4515.0
2675_2674,9165.0
2675_2676,5258.0
2675_8840,7988.0
2676_2675,5258.0
2676_2733,5018.0
2676_9138,6240.0
2676_11901,4515.0
2677_2678,7988.0
2677_8786,15975.0
2677_8787,5018.0
2678_2677,7988.0
2678_2680,5018.0
2678_2681,5018.0
2678_8840,7988.0
2679_8839,15975.0
2679_9054,15975.0
2679_12710,5018.0
2679_12740,5018.0
2680_2678,5018.0
2680_8837,5018.0
2680_8838,24930.0
2680_8839,15975.0
2681_2678,5018.0
2681_8834,5018.0
2681_8838,24930.0
2681_11902,15975.0
2682_2683,15975.0
2682_2686,15975.0
2682_8786,15975.0
2682_11902,15975.0
2683_2682,15975.0
2683_2685,15975.0
2683_8785,5018.0
2684_2685,15975.0
2684_2691,15975.0
2684_8780,15975.0
2685_2683,15975.0
2685_2684,15975.0
2685_2686,15975.0
2686_2682,15975.0
2686_2685,15975.0
2686_2687,15975.0
2686_8828,15975.0
2687_2686,15975.0
2687_8829,7988.0
2687_8830,5018.0
2687_8834,5018.0
2688_735,999999.0
2688_8831,7988.0
2688_12666,7988.0
2689_8827,5018.0
2689_8830,5018.0
2689_8832,5018.0
2690_8783,5018.0
2690_8784,7988.0
2690_8827,5018.0
2690_8828,7988.0
2691_2684,15975.0
2691_8781,5018.0
2691_8782,15975.0
2691_8783,5018.0
2692_2701,15975.0
2692_8779,5018.0
2692_8780,15975.0
2692_8781,5018.0
2693_8779,5018.0
2693_8785,5018.0
2693_8788,5018.0
2693_9051,5018.0
2694_2720,5018.0
2694_8776,5018.0
2694_8777,5018.0
2694_8778,5018.0
2695_8789,5018.0
2695_8791,9030.0
2695_11905,5018.0
2695_12674,9030.0
2696_2717,7988.0
2696_8789,5018.0
2696_8790,7988.0
2697_3534,4515.0
2697_8770,15975.0
2697_8790,7988.0
2697_12677,4515.0
2698_2699,5018.0
2698_2700,10035.0
2698_3534,4515.0
2698_11908,10035.0
2699_2698,5018.0
2699_2700,15975.0
2699_2711,15975.0
2700_2698,10035.0
2700_2699,15975.0
2700_2702,24930.0
2700_2703,10035.0
2701_2692,15975.0
2701_8770,15975.0
2701_8771,9030.0
2701_8791,9030.0
2702_1626,24930.0
2702_2700,24930.0
2702_8771,9030.0
2703_1272,999999.0
2703_2700,10035.0
2703_11907,10035.0
2704_8784,15975.0
2704_8821,15975.0
2704_11906,4515.0
2705_2706,15975.0
2705_8821,15975.0
2705_11907,10035.0
2706_2705,15975.0
2706_2707,18330.0
2706_8818,6240.0
2707_2706,18330.0
2707_8801,10035.0
2707_11910,15975.0
2708_702,999999.0
2708_2710,10035.0
2708_8801,10035.0
2709_3537,5018.0
2709_8799,5018.0
2709_12658,4515.0
2710_2708,10035.0
2710_2711,5018.0
2710_2712,5018.0
2710_8799,5018.0
2711_2699,15975.0
2711_2710,5018.0
2711_8798,15975.0
2712_2710,5018.0
2712_8796,5018.0
2712_8798,15975.0
2712_12658,15975.0
2713_5798,15975.0
2713_9133,18330.0
2713_9306,18330.0
2713_10366,9165.0
2714_1290,999999.0
2714_2730,15975.0
2714_11840,15975.0
2715_2716,15975.0
2715_8797,10035.0
2715_11840,15975.0
2716_2415,15975.0
2716_2715,15975.0
2716_5793,15975.0
2716_8792,15975.0
2717_2696,7988.0
2717_8797,4515.0
2717_12669,7988.0
2718_7663,10035.0
2718_7811,15975.0
2718_8793,5018.0
2718_8794,15975.0
2719_5782,15975.0
2719_7811,15975.0
2719_8773,9030.0
2720_2694,5018.0
2720_2725,15975.0
2720_12675,15975.0
2721_687,999999.0
2721_2722,6240.0
2721_8767,5018.0
2722_2721,6240.0
2722_2723,5018.0
2722_8769,5258.0
2723_2722,5018.0
2723_3028,9165.0
2723_8760,5018.0
2723_8768,9165.0
2724_2726,7988.0
2724_3028,9165.0
2724_7652,18330.0
2724_7653,18330.0
2725_2720,15975.0
2725_7654,4515.0
2725_11903,15975.0
2726_2724,7988.0
2726_7651,4515.0
2726_7655,7988.0
2727_7646,7988.0
2727_8758,4515.0
2727_12859,7988.0
2728_2729,4515.0
2728_5590,5018.0
2728_8757,5018.0
2728_8758,4515.0
2729_2666,7988.0
2729_2667,7988.0
2729_2728,4515.0
2729_6570,7988.0
2730_2714,15975.0
2730_5796,4515.0
2730_12657,15975.0
2731_2304,5018.0
2731_8879,5018.0
2731_11878,5018.0
2731_12721,5018.0
2732_2303,5018.0
2732_2307,7988.0
2732_2308,7988.0
2733_2676,5018.0
2733_8787,5018.0
2733_8788,5018.0
2734_1953,5258.0
2734_2343,5258.0
2735_455,999999.0
2735_1722,5018.0
2735_2030,4358.0
2736_2949,4358.0
2736_5301,8715.0
2736_5302,8715.0
2736_5304,8100.0
2737_2743,33480.0
2738_456,999999.0
2738_1731,4358.0
2738_2030,4358.0
2739_456,999999.0
2739_2030,4050.0
2739_2034,4050.0
2740_456,999999.0
2740_1732,7028.0
2740_2956,7028.0
2741_457,999999.0
2741_12106,7988.0
2741_12479,7028.0
2742_457,999999.0
2742_1721,7988.0
2742_12481,7988.0
2743_3847,48105.0
2743_5311,8715.0
2743_6238,4358.0
2744_458,999999.0
2744_1775,4050.0
2744_8407,4515.0
2745_2949,33480.0
2745_5304,3735.0
2746_458,999999.0
2746_2005,4050.0
2746_8407,4050.0
2747_564,999999.0
2747_1800,5018.0
2747_2055,5018.0
2748_459,999999.0
2748_1718,7028.0
2748_1775,7028.0
2749_459,999999.0
2749_1718,7028.0
2749_1720,7028.0
2750_460,999999.0
2750_1720,7028.0
2750_1731,7028.0
2751_462,999999.0
2751_1717,21915.0
2751_2004,24930.0
2752_462,999999.0
2752_1716,4515.0
2752_1717,4515.0
2753_462,999999.0
2753_2004,5018.0
2753_9068,5018.0
2754_463,999999.0
2754_1715,10035.0
2754_2003,10035.0
2755_464,999999.0
2755_1738,5018.0
2755_9064,4358.0
2756_464,999999.0
2756_9063,4050.0
2756_9070,4050.0
2757_465,999999.0
2757_1736,15975.0
2757_9074,15975.0
2758_466,999999.0
2758_2006,4358.0
2758_9071,4358.0
2759_466,999999.0
2759_1736,14055.0
2759_2006,7028.0
2760_468,999999.0
2760_2997,14055.0
2760_12102,15975.0
2761_468,999999.0
2761_1717,14055.0
2761_2005,14055.0
2762_469,999999.0
2762_1727,5018.0
2762_1733,5018.0
2763_469,999999.0
2763_1733,5018.0
2763_1734,5018.0
2764_470,999999.0
2764_1726,14055.0
2764_2957,7028.0
2765_470,999999.0
2765_1726,7028.0
2765_1748,7028.0
2766_452,999999.0
2766_1724,7028.0
2766_2068,7028.0
2767_471,999999.0
2767_1712,4358.0
2767_1714,4358.0
2768_471,999999.0
2768_1712,14055.0
2768_1713,24930.0
2769_471,999999.0
2769_2003,5018.0
2769_9073,4358.0
2770_472,999999.0
2770_1714,7028.0
2770_2001,7988.0
2771_473,999999.0
2771_1712,4358.0
2771_1736,5018.0
2772_473,999999.0
2772_1711,15975.0
2772_1712,15975.0
2773_474,999999.0
2773_1738,15975.0
2773_9069,15975.0
2774_475,999999.0
2774_1711,5018.0
2774_3492,5018.0
2775_475,999999.0
2775_1710,15975.0
2775_1711,15975.0
2776_476,999999.0
2776_1710,7988.0
2776_2001,7988.0
2777_476,999999.0
2777_1709,15975.0
2777_2783,15975.0
2778_1706,5018.0
2778_9212,4515.0
2779_477,999999.0
2779_1706,4515.0
2779_1707,4515.0
2780_478,999999.0
2780_1708,24930.0
2780_1875,24930.0
2781_480,999999.0
2781_1999,4515.0
2781_9075,4515.0
2782_480,999999.0
2782_1709,7988.0
2782_1998,7988.0
2783_480,999999.0
2783_2000,15975.0
2783_2777,15975.0
2784_481,999999.0
2784_1872,4358.0
2784_1873,4358.0
2785_481,999999.0
2785_1709,15975.0
2785_2800,14055.0
2786_482,999999.0
2786_1998,4515.0
2786_9076,4050.0
2787_482,999999.0
2787_1872,5018.0
2787_3214,5018.0
2788_483,999999.0
2788_1858,5018.0
2788_1869,5018.0
2789_483,999999.0
2789_1870,15975.0
2789_1871,15975.0
2790_483,999999.0
2790_1870,5018.0
2790_9079,5018.0
2791_484,999999.0
2791_1740,5018.0
2791_1741,5018.0
2792_485,999999.0
2792_9078,5018.0
2792_9086,5018.0
2793_485,999999.0
2793_1738,15975.0
2793_1999,15975.0
2794_485,999999.0
2794_1871,7988.0
2794_9080,7988.0
2795_486,999999.0
2795_12100,4515.0
2795_12473,4515.0
2796_486,999999.0
2796_1859,5018.0
2796_3391,5018.0
2797_487,999999.0
2797_1867,5018.0
2797_1997,5018.0
2798_487,999999.0
2798_1880,15975.0
2798_1881,15975.0
2799_488,999999.0
2799_1874,4358.0
2799_1875,4358.0
2800_488,999999.0
2800_1873,14055.0
2800_2785,14055.0
2801_490,999999.0
2801_1857,5018.0
2801_3178,5018.0
2802_491,999999.0
2802_1878,5018.0
2802_1996,5018.0
2803_1864,7988.0
2803_2010,7988.0
2803_12471,5018.0
2804_493,999999.0
2804_1865,7988.0
2804_2010,7988.0
2805_494,999999.0
2805_1922,7028.0
2805_1923,7028.0
2806_494,999999.0
2806_1865,7988.0
2806_1922,7028.0
2807_494,999999.0
2807_2010,5018.0
2807_9083,4358.0
2808_495,999999.0
2808_1921,7988.0
2808_1922,7028.0
2809_3207,34725.0
2810_2812,34725.0
2811_2810,34725.0
2812_3927,4013.0
2812_3932,34725.0
2813_495,999999.0
2813_1922,7028.0
2813_3163,7028.0
2814_9081,15975.0
2814_12254,4050.0
2814_12472,15975.0
2815_496,999999.0
2815_1702,4358.0
2815_1866,4358.0
2816_496,999999.0
2816_1881,7028.0
2816_9082,7028.0
2817_491,999999.0
2817_1881,5018.0
2817_1996,5018.0
2818_497,999999.0
2818_1882,4358.0
2818_1996,5018.0
2819_3218,74400.0
2820_3436,4013.0
2820_3511,54158.0
2820_13321,4013.0
2821_498,999999.0
2821_1882,7028.0
2821_1988,7028.0
2822_498,999999.0
2822_1882,7028.0
2822_1885,7028.0
2823_498,999999.0
2823_1885,14055.0
2823_2978,14055.0
2824_499,999999.0
2824_1885,4358.0
2824_1886,14055.0
2825_500,999999.0
2825_12249,4050.0
2825_12250,4050.0
2826_497,999999.0
2826_1883,14055.0
2826_2966,14055.0
2827_500,999999.0
2827_1887,7028.0
2827_1893,7028.0
2828_500,999999.0
2828_3213,7028.0
2828_3663,7028.0
2829_501,999999.0
2829_1894,7028.0
2829_3299,7028.0
2830_2831,33480.0
2831_2832,999999.0
2831_3700,33480.0
2832_2831,999999.0
2832_3645,999999.0
2832_4744,9915.0
2832_8569,9915.0
2833_4763,16493.0
2834_3646,34725.0
2834_4082,21240.0
2835_2836,34725.0
2835_3646,999999.0
2835_8404,21240.0
2836_2835,34725.0
2836_2837,52223.0
2836_3648,999999.0
2837_2838,52223.0
2837_8553,14055.0
2838_3203,52223.0
2838_3219,52223.0
2839_2840,52223.0
2839_3203,999999.0
2839_4805,3735.0
2839_8549,21915.0
2840_2839,52223.0
2840_3854,52223.0
2841_2842,51728.0
2841_3853,51728.0
2842_2841,51728.0
2842_2843,52223.0
2842_8543,52223.0
2843_2842,52223.0
2843_3016,33480.0
2843_4808,30090.0
2843_8539,21915.0
2844_3309,52223.0
2844_3370,34260.0
2844_5623,34260.0
2844_13330,71040.0
2845_2918,14580.0
2845_3202,14580.0
2845_5624,4515.0
2846_2847,33480.0
2846_8573,33480.0
2847_2848,51728.0
2848_3653,52223.0
2848_4552,4050.0
2849_3653,999999.0
2849_3679,52223.0
2849_4387,21915.0
2850_2851,51728.0
2851_2933,71040.0
2851_3687,34260.0
2851_9151,34260.0
2852_3685,10035.0
2852_13289,8715.0
2853_2852,4733.0
2853_3683,71760.0
2854_2853,71040.0
2854_2996,4733.0
2855_2854,71040.0
2855_8584,71040.0
2856_4099,3735.0
2857_4014,6330.0
2857_4924,9878.0
2858_2995,71760.0
2858_4956,7470.0
2859_2922,71040.0
2859_3688,14055.0
2860_3316,71040.0
2861_2862,52223.0
2861_3187,7470.0
2862_1574,71760.0
2863_3693,71760.0
2864_1538,4733.0
2864_1540,71760.0
2865_1539,71760.0
2865_1543,33480.0
2865_1556,33480.0
2866_2867,22748.0
2866_3136,14580.0
2866_5616,15975.0
2866_5618,15975.0
2867_2866,22748.0
2867_2868,22748.0
2867_5614,15975.0
2867_6914,15975.0
2868_2867,22748.0
2868_5596,51390.0
2868_5597,51390.0
2868_7531,14580.0
2869_859,999999.0
2869_10018,4050.0
2869_10023,4050.0
2870_2176,4515.0
2870_2404,4515.0
2871_5583,15975.0
2871_5585,10035.0
2871_5586,15975.0
2871_6572,10035.0
2872_5548,10035.0
2872_5549,15975.0
2872_5550,5018.0
2873_408,999999.0
2873_5557,51390.0
2873_5580,51390.0
2874_2142,15975.0
2874_3257,15975.0
2875_401,999999.0
2875_5534,4358.0
2875_5535,5018.0
2876_398,999999.0
2876_5479,14055.0
2876_5480,14055.0
2877_363,999999.0
2877_5455,7028.0
2877_5471,7028.0
2878_6416,7028.0
2878_6477,14055.0
2878_8868,14055.0
2879_5365,14055.0
2879_5462,7028.0
2879_6416,7028.0
2879_6417,4358.0
2880_349,999999.0
2880_5367,7028.0
2880_5462,7028.0
2881_348,999999.0
2881_5370,45135.0
2881_5459,45135.0
2882_1551,51728.0
2882_2980,22748.0
2883_352,999999.0
2883_5375,7028.0
2883_9140,7028.0
2884_244,999999.0
2884_3430,15975.0
2884_5433,15975.0
2885_105,999999.0
2885_1609,4515.0
2885_3381,4515.0
2886_162,999999.0
2886_4771,8715.0
2886_4772,8715.0
2887_2855,71040.0
2888_3652,52223.0
2889_2941,999999.0
2889_3652,999999.0
2889_5111,4358.0
2889_5114,8715.0
2890_2737,33480.0
2890_2946,4358.0
2891_2926,52223.0
2892_503,999999.0
2892_1897,7028.0
2892_1990,7988.0
2893_3443,7028.0
2893_5355,7028.0
2894_4821,14055.0
2894_4826,7028.0
2895_4852,7028.0
2895_4853,8715.0
2895_5640,7028.0
2895_6086,8715.0
2896_192,999999.0
2896_4876,21915.0
2896_4877,21915.0
2897_193,999999.0
2897_4906,8715.0
2898_4914,8715.0
2899_210,999999.0
2899_4332,4358.0
2900_5093,14055.0
2900_5094,14055.0
2901_338,999999.0
2901_5227,14055.0
2901_5239,14055.0
2902_5245,14055.0
2902_5246,8715.0
2903_3037,14580.0
2903_3205,999999.0
2903_5269,15975.0
2903_5271,15975.0
2904_2906,4515.0
2904_7066,5018.0
2904_7067,5018.0
2905_503,999999.0
2905_1896,15975.0
2905_1897,7028.0
2906_1152,999999.0
2906_2904,4515.0
2906_8529,4515.0
2907_3374,999999.0
2907_4595,7028.0
2907_4635,4050.0
2907_5764,7028.0
2908_136,999999.0
2908_5634,21915.0
2909_136,999999.0
2909_4661,21915.0
2910_125,999999.0
2910_4605,4358.0
2910_4613,4358.0
2911_520,999999.0
2911_1557,5018.0
2911_3012,5018.0
2912_96,999999.0
2912_4496,10035.0
2912_4534,10035.0
2913_504,999999.0
2913_1897,15975.0
2913_1898,15975.0
2914_1699,24930.0
2914_2916,4733.0
2914_3315,24930.0
2915_1598,4733.0
2915_9258,15975.0
2916_1704,7290.0
2917_2936,33150.0
2917_7735,9465.0
2918_2845,14580.0
2918_2919,24930.0
2918_8581,33480.0
2919_2918,24930.0
2919_3681,15975.0
2919_5728,10035.0
2920_504,999999.0
2920_1564,4515.0
2920_1989,4515.0
2921_505,999999.0
2921_1906,7028.0
2921_5839,7028.0
2922_2860,71040.0
2923_505,999999.0
2923_1907,8715.0
2923_8409,8715.0
2924_505,999999.0
2924_1905,7028.0
2924_1906,7028.0
2925_5335,8715.0
2925_6441,4358.0
2926_2941,51728.0
2927_506,999999.0
2927_1906,7028.0
2927_1907,7028.0
2928_231,999999.0
2928_5052,14055.0
2928_5056,14055.0
2929_136,999999.0
2929_4666,8715.0
2929_5635,14055.0
2930_148,999999.0
2930_2081,7028.0
2930_5966,9165.0
2931_123,999999.0
2931_4635,7028.0
2931_4636,7028.0
2932_506,999999.0
2932_1907,10035.0
2932_1908,8715.0
2933_3684,4733.0
2933_3686,71040.0
2934_508,999999.0
2934_1908,8715.0
2934_2067,8715.0
2935_2981,51728.0
2936_2917,33150.0
2936_7724,7290.0
2936_8581,33150.0
2937_5588,15975.0
2937_6569,4515.0
2937_6571,5018.0
2937_7531,10035.0
2938_194,999999.0
2938_4931,4358.0
2938_4936,4358.0
2939_508,999999.0
2939_1908,4358.0
2939_12248,4358.0
2940_510,999999.0
2940_1891,8715.0
2940_1994,10035.0
2941_2889,999999.0
2941_2942,52223.0
2942_2943,4733.0
2942_2944,51728.0
2943_5187,8715.0
2943_5188,8715.0
2944_2890,52223.0
2944_2945,3735.0
2945_2950,4358.0
2945_6263,4358.0
2946_2947,21915.0
2946_6258,21915.0
2947_2891,4358.0
2947_2946,21915.0
2947_5302,21915.0
2948_510,999999.0
2948_1891,4050.0
2948_12249,4050.0
2949_2891,33480.0
2950_2926,4358.0
2950_2945,4358.0
2950_5191,4358.0
2951_511,999999.0
2951_1894,4358.0
2951_1994,4358.0
2952_105,999999.0
2952_1715,15975.0
2952_4561,15975.0
2953_461,999999.0
2953_1775,7028.0
2953_4565,7028.0
2954_513,999999.0
2954_1882,7028.0
2954_12252,7028.0
2955_2887,4733.0
2955_2912,4733.0
2956_454,999999.0
2956_1724,7028.0
2956_2740,7028.0
2957_446,999999.0
2957_1725,7028.0
2957_2764,14055.0
2958_548,999999.0
2958_2079,8715.0
2958_2618,8715.0
2959_1750,4515.0
2959_1771,15975.0
2959_3165,15975.0
2959_12470,5018.0
2960_565,999999.0
2960_3502,14055.0
2960_5968,14055.0
2961_569,999999.0
2961_1777,15975.0
2961_2041,15975.0
2962_563,999999.0
2962_1785,15975.0
2962_3282,15975.0
2963_573,999999.0
2963_1802,15975.0
2963_2060,15975.0
2964_513,999999.0
2964_1884,8715.0
2964_8408,8715.0
2965_2887,4733.0
2966_513,999999.0
2966_1878,15975.0
2966_2826,14055.0
2967_516,999999.0
2967_1919,4050.0
2967_1924,4050.0
2968_1789,15975.0
2968_3288,15660.0
2968_3516,15975.0
2969_2965,4733.0
2969_2974,4733.0
2970_1841,15975.0
2970_1842,5018.0
2970_1852,15975.0
2971_3515,14580.0
2971_3665,14580.0
2972_537,999999.0
2972_1849,15975.0
2972_3514,18330.0
2973_487,999999.0
2973_3529,15975.0
2973_12472,15975.0
2974_2975,4733.0
2974_2988,10035.0
2974_5721,10035.0
2975_3031,4733.0
2976_1729,71760.0
2976_1730,71760.0
2976_1879,14055.0
2976_2487,14055.0
2977_1730,71760.0
2978_1886,14055.0
2978_2823,14055.0
2978_3163,999999.0
2979_1561,52223.0
2980_1528,11678.0
2980_2882,22748.0
2981_1526,4733.0
2981_1563,52223.0
2982_1532,51728.0
2982_1548,4733.0
2983_1531,999999.0
2983_1989,15975.0
2983_2984,51728.0
2983_3035,7988.0
2984_2983,51728.0
2984_3029,5018.0
2984_3050,5018.0
2984_5912,51728.0
2985_1547,32415.0
2985_2011,7988.0
2985_3298,18330.0
2985_10406,9165.0
2986_1972,5018.0
2986_1982,6240.0
2986_2987,18330.0
2986_3298,18330.0
2987_1973,6240.0
2987_1974,6240.0
2987_2986,18330.0
2987_5840,18330.0
2988_2974,10035.0
2988_2989,4733.0
2988_13318,10035.0
2989_3309,51728.0
2990_1942,15975.0
2990_13343,14580.0
2991_2023,7988.0
2991_2024,9165.0
2991_3617,999999.0
2991_13344,14580.0
2992_2971,14580.0
2993_1851,15975.0
2993_1852,15975.0
2993_2071,15975.0
2993_3515,14580.0
2994_1815,7988.0
2994_3250,7988.0
2994_3264,7988.0
2995_3109,71760.0
2996_2975,4733.0
2996_2988,4733.0
2997_1718,14055.0
2997_1719,14055.0
2997_2005,14055.0
2997_2760,14055.0
2998_516,999999.0
2998_1924,15975.0
2998_1925,15975.0
2999_516,999999.0
2999_1920,5018.0
2999_3007,5018.0
3000_517,999999.0
3000_1925,15975.0
3000_1931,15975.0
3001_517,999999.0
3001_1918,5018.0
3001_1925,5018.0
3002_1580,999999.0
3002_1587,23355.0
3003_517,999999.0
3003_1931,5018.0
3003_1932,5018.0
3004_3651,52223.0
3005_517,999999.0
3005_1917,5018.0
3005_1932,4515.0
3006_518,999999.0
3006_1920,5018.0
3006_1921,5018.0
3007_519,999999.0
3007_1918,5018.0
3007_2999,5018.0
3008_519,999999.0
3008_1915,5018.0
3008_1917,5018.0
3009_520,999999.0
3009_1526,7290.0
3009_3004,16740.0
3010_523,999999.0
3010_1903,7988.0
3010_1904,7988.0
3011_523,999999.0
3011_1900,7988.0
3011_1903,7988.0
3012_502,999999.0
3012_1896,5018.0
3012_2911,5018.0
3013_525,999999.0
3013_1901,5018.0
3013_3161,5018.0
3014_525,999999.0
3014_1900,7988.0
3014_1901,7988.0
3015_803,999999.0
3015_2084,15975.0
3015_2085,15975.0
3016_2129,7988.0
3016_2843,33480.0
3016_3643,999999.0
3016_8537,7028.0
3017_3018,32415.0
3017_3677,4733.0
3018_3020,33480.0
3018_3678,32415.0
3019_2151,14055.0
3019_2169,7028.0
3020_1588,4733.0
3020_3002,33150.0
3021_1575,51728.0
3021_2164,5505.0
3022_1591,999999.0
3022_2202,18330.0
3022_3023,50580.0
3022_3170,999999.0
3023_2202,9165.0
3023_3022,50580.0
3023_3171,999999.0
3024_1624,14760.0
3024_8478,51728.0
3024_8533,33150.0
3025_1566,999999.0
3025_8480,51728.0
3026_1625,18000.0
3026_8481,50580.0
3026_8484,50580.0
3027_1626,18000.0
3027_3102,51728.0
3027_8485,51728.0
3028_687,999999.0
3028_2723,9165.0
3028_2724,9165.0
3029_525,999999.0
3029_1899,5018.0
3029_2984,10035.0
3030_743,999999.0
3030_2662,15975.0
3030_12727,15975.0
3031_3415,71760.0
3032_754,999999.0
3032_2299,7988.0
3032_9128,7988.0
3033_753,999999.0
3033_2298,15975.0
3033_8877,15975.0
3034_871,999999.0
3034_2292,15975.0
3034_3223,7988.0
3035_527,999999.0
3035_1910,7988.0
3035_2983,7988.0
3036_752,999999.0
3036_2301,15975.0
3036_5286,14055.0
3037_2903,14580.0
3037_5269,5018.0
3037_9127,14580.0
3038_3039,14580.0
3038_5262,14055.0
3038_8880,14055.0
3038_9127,14580.0
3039_3038,14580.0
3039_3040,14580.0
3040_1617,10035.0
3040_3039,14580.0
3040_3041,14580.0
3040_11894,10035.0
3041_1612,7988.0
3041_2290,7988.0
3041_3040,14580.0
3041_3173,14580.0
3042_3043,33150.0
3042_3227,33150.0
3043_3044,33150.0
3043_3676,4733.0
3044_3670,33150.0
3044_3671,4733.0
3045_3668,4733.0
3045_3673,33150.0
3046_758,999999.0
3046_2139,18330.0
3046_2156,15975.0
3047_2193,15975.0
3047_2194,15975.0
3047_3518,23355.0
3047_8532,23355.0
3048_2969,4733.0
3048_2989,51728.0
3049_2210,10035.0
3049_9019,24930.0
3049_9021,10035.0
3049_11951,24930.0
3050_527,999999.0
3050_2984,5018.0
3050_3161,5018.0
3051_2250,14055.0
3051_8564,14940.0
3051_8933,14055.0
3052_2220,10035.0
3052_3053,10035.0
3052_3095,51728.0
3052_8131,51728.0
3053_2218,4515.0
3053_3052,10035.0
3053_3479,5018.0
3054_528,999999.0
3054_1913,5018.0
3054_3211,5018.0
3055_2215,4050.0
3055_7065,7028.0
3055_7070,7028.0
3055_8529,4515.0
3056_2227,15975.0
3056_8126,7988.0
3056_8131,51728.0
3056_9651,33150.0
3057_848,999999.0
3057_10075,5258.0
3057_12529,5258.0
3058_528,999999.0
3058_1913,5018.0
3058_1932,5018.0
3059_528,999999.0
3059_1932,4515.0
3059_1933,4515.0
3060_528,999999.0
3060_1912,5018.0
3060_1933,5018.0
3061_529,999999.0
3061_1970,4515.0
3061_2012,4515.0
3062_529,999999.0
3062_1971,4515.0
3062_2012,4515.0
3063_529,999999.0
3063_1912,5018.0
3063_1969,5018.0
3064_530,999999.0
3064_1934,6240.0
3064_1969,6240.0
3065_530,999999.0
3065_1967,6240.0
3065_1969,6240.0
3066_531,999999.0
3066_1968,5258.0
3066_2013,5258.0
3067_531,999999.0
3067_1965,6240.0
3067_1986,6240.0
3068_531,999999.0
3068_1963,18330.0
3068_6947,18330.0
3069_532,999999.0
3069_1930,6240.0
3069_1933,5018.0
3070_532,999999.0
3070_1934,9165.0
3070_1935,9165.0
3071_533,999999.0
3071_1930,18330.0
3071_10176,15975.0
3072_533,999999.0
3072_1942,5018.0
3072_2014,5018.0
3073_534,999999.0
3073_1946,9165.0
3073_1947,9165.0
3074_535,999999.0
3074_1935,6240.0
3074_1936,6240.0
3075_535,999999.0
3075_1943,15975.0
3075_2014,15975.0
3076_535,999999.0
3076_1943,15975.0
3076_1945,15975.0
3077_535,999999.0
3077_1944,15975.0
3077_1945,15975.0
3078_536,999999.0
3078_1927,6240.0
3078_1928,6240.0
3079_536,999999.0
3079_1930,5018.0
3079_9084,5018.0
3080_536,999999.0
3080_1926,5018.0
3080_9085,5018.0
3081_2026,4515.0
3081_2027,5258.0
3081_3097,6240.0
3081_3398,6240.0
3082_537,999999.0
3082_1848,6240.0
3082_12099,5018.0
3083_538,999999.0
3083_1847,7988.0
3083_2026,7988.0
3084_538,999999.0
3084_1861,7988.0
3084_2026,7988.0
3085_553,999999.0
3085_1827,5018.0
3085_1828,10035.0
3086_538,999999.0
3086_1928,5018.0
3086_12095,5018.0
3087_539,999999.0
3087_1862,5018.0
3087_1927,5018.0
3088_539,999999.0
3088_1863,7988.0
3088_1864,7988.0
3089_3090,51728.0
3089_5911,51728.0
3090_3598,5505.0
3090_12231,51728.0
3091_3160,51728.0
3092_3093,51728.0
3092_3160,51728.0
3092_3603,999999.0
3092_12226,10035.0
3093_3092,51728.0
3093_3095,22748.0
3093_3360,51728.0
3094_1623,40500.0
3094_8475,33150.0
3094_8476,33150.0
3095_2205,10035.0
3095_3052,51728.0
3095_3093,22748.0
3095_3532,4515.0
3096_540,999999.0
3096_1861,9165.0
3096_1862,9165.0
3097_2027,6240.0
3097_3081,6240.0
3097_12264,5018.0
3098_540,999999.0
3098_1863,6240.0
3098_12266,6240.0
3099_541,999999.0
3099_1846,4358.0
3099_1940,4358.0
3100_914,999999.0
3100_2417,5018.0
3100_9297,5018.0
3101_7662,15975.0
3101_12851,4515.0
3101_12852,15975.0
3102_3027,51728.0
3102_8486,51728.0
3103_1627,28125.0
3103_8487,51728.0
3103_8488,51728.0
3104_6979,25388.0
3104_6984,51728.0
3104_8489,51728.0
3105_1628,14760.0
3105_6986,51728.0
3105_8588,51728.0
3106_2485,24930.0
3106_3107,14580.0
3106_3136,14580.0
3106_6921,15975.0
3107_3106,14580.0
3107_3108,51728.0
3107_7497,51728.0
3108_2490,15975.0
3108_3107,51728.0
3108_3110,33150.0
3108_6942,15975.0
3109_3321,71760.0
3110_3108,33150.0
3110_3111,33150.0
3110_6979,33150.0
3111_2505,15975.0
3111_2506,15975.0
3111_3110,33150.0
3112_2528,15975.0
3112_2533,5018.0
3112_11870,24930.0
3113_2536,24930.0
3113_2537,10035.0
3113_3114,24930.0
3114_3113,24930.0
3114_8007,5018.0
3114_8008,5018.0
3114_11869,15975.0
3115_3116,14580.0
3115_8003,5018.0
3115_11867,5018.0
3115_11869,14580.0
3116_2588,6240.0
3116_3115,14580.0
3116_3117,14580.0
3116_8006,5258.0
3117_2582,10035.0
3117_2583,15975.0
3117_3116,14580.0
3117_3118,14580.0
3118_2583,7988.0
3118_3117,14580.0
3118_3121,14940.0
3118_12890,5258.0
3119_3618,999999.0
3119_7991,5018.0
3119_7994,15975.0
3119_8589,33150.0
3120_2578,14055.0
3120_3618,33150.0
3121_3118,14940.0
3121_3122,33150.0
3121_3619,999999.0
3121_7998,14055.0
3122_2573,15975.0
3122_2574,15975.0
3122_3121,33150.0
3122_3459,33150.0
3123_972,999999.0
3123_2570,5018.0
3123_2571,4515.0
3124_2545,10035.0
3124_2546,10035.0
3124_3125,33150.0
3124_3459,33150.0
3125_3124,33150.0
3125_3126,33150.0
3125_3132,32415.0
3125_3133,33150.0
3126_2464,15975.0
3126_2465,15975.0
3126_3125,33150.0
3126_3650,999999.0
3127_3128,32415.0
3127_3140,32415.0
3128_3159,33150.0
3129_875,999999.0
3129_12887,4515.0
3129_12888,4515.0
3130_2556,7988.0
3130_3131,32415.0
3130_7983,6240.0
3130_8592,33150.0
3131_3130,32415.0
3131_3132,32415.0
3132_2593,9165.0
3132_3125,32415.0
3132_3131,32415.0
3132_7982,9165.0
3133_2469,15975.0
3133_3125,33150.0
3133_6979,33150.0
3133_12877,15975.0
3134_541,999999.0
3134_2021,4358.0
3134_2022,5018.0
3135_8218,51728.0
3136_2866,14580.0
3136_3106,14580.0
3137_542,999999.0
3137_1940,7028.0
3137_2021,7028.0
3138_542,999999.0
3138_2017,4358.0
3138_2021,4358.0
3139_1627,51728.0
3139_2596,4515.0
3139_3649,999999.0
3139_10457,9030.0
3140_2605,7988.0
3140_3650,33150.0
3141_8194,26145.0
3141_8526,22748.0
3142_8143,71760.0
3142_8511,71760.0
3143_6781,74400.0
3143_8513,74400.0
3144_6639,33150.0
3144_8515,33150.0
3145_6788,16575.0
3145_8517,16575.0
3146_8097,51728.0
3146_8491,51728.0
3147_3810,33480.0
3147_8519,33480.0
3148_7748,14055.0
3148_8521,14055.0
3149_8250,7028.0
3149_8523,14055.0
3150_8244,33150.0
3150_8525,33150.0
3151_543,999999.0
3151_12474,4515.0
3151_12475,4515.0
3152_543,999999.0
3152_2007,5018.0
3152_2008,5018.0
3153_543,999999.0
3153_2008,7988.0
3153_12475,7988.0
3154_544,999999.0
3154_1855,5018.0
3154_2029,5018.0
3155_545,999999.0
3155_1850,15975.0
3155_1851,7988.0
3156_545,999999.0
3156_1850,15975.0
3156_1854,15975.0
3157_545,999999.0
3157_1851,7988.0
3157_3200,7988.0
3158_546,999999.0
3158_2071,7988.0
3158_12267,7988.0
3159_3649,33150.0
3160_3092,51728.0
3160_3601,51728.0
3161_1978,4733.0
3161_3013,5018.0
3161_3050,5018.0
3162_1537,33150.0
3162_1547,33150.0
3163_1542,3735.0
3163_1985,14055.0
3163_2813,7028.0
3163_2978,999999.0
3164_8964,7988.0
3164_8965,5018.0
3164_8975,7988.0
3165_546,999999.0
3165_2071,15975.0
3165_2959,15975.0
3166_1592,18330.0
3166_2175,18330.0
3166_11950,4515.0
3167_2224,4515.0
3167_2225,7988.0
3167_2226,999999.0
3168_2672,999999.0
3168_8824,4515.0
3168_10429,4515.0
3169_3677,4515.0
3169_3678,4733.0
3169_8974,5018.0
3170_3022,999999.0
3170_3093,51728.0
3170_3406,7988.0
3171_1623,50580.0
3171_2204,7988.0
3171_3023,999999.0
3171_5825,15975.0
3172_1624,999999.0
3172_2235,5018.0
3172_2278,5018.0
3172_10446,15975.0
3173_1611,5018.0
3173_1625,999999.0
3173_3041,14580.0
3174_3904,21240.0
3174_3907,999999.0
3175_3907,21240.0
3175_3913,999999.0
3176_3917,15480.0
3176_3919,999999.0
3176_3921,8820.0
3177_7157,150000.0
3177_8557,71040.0
3178_1855,999999.0
3178_2801,5018.0
3178_3233,5018.0
3179_2502,4515.0
3179_2504,15975.0
3179_2505,15975.0
3180_4711,999999.0
3180_5993,4050.0
3180_5997,14055.0
3181_4880,2828.0
3181_4896,999999.0
3182_4968,4358.0
3182_4969,999999.0
3183_5018,4358.0
3183_5020,14055.0
3183_5026,999999.0
3184_5054,4358.0
3184_5055,4358.0
3184_5093,999999.0
3185_5123,999999.0
3185_5124,7028.0
3185_5654,14055.0
3186_5280,14055.0
3186_5281,999999.0
3186_6397,8100.0
3187_3696,7470.0
3187_5401,999999.0
3188_5422,14055.0
3188_5432,999999.0
3188_5435,45135.0
3188_6492,14055.0
3189_5439,999999.0
3189_5443,8715.0
3189_5445,14055.0
3189_5450,21915.0
3190_5562,999999.0
3190_5574,14055.0
3190_6551,4050.0
3191_5417,999999.0
3191_6505,8100.0
3191_6509,14055.0
3192_5477,999999.0
3192_6481,7028.0
3192_6482,7028.0
3193_4562,8715.0
3193_5067,999999.0
3193_5648,7028.0
3194_5030,14055.0
3194_5632,999999.0
3194_6164,14055.0
3195_4675,999999.0
3195_5965,18330.0
3195_5967,14055.0
3196_4772,999999.0
3196_6004,4050.0
3196_6005,7028.0
3197_3400,4050.0
3197_4703,4358.0
3197_4704,7028.0
3197_4716,999999.0
3198_4434,4358.0
3198_4435,14055.0
3198_4440,999999.0
3199_863,999999.0
3199_10003,4050.0
3199_10073,4050.0
3200_546,999999.0
3200_1853,7988.0
3200_3157,7988.0
3201_2849,33480.0
3201_3682,4733.0
3202_2845,14580.0
3202_3653,999999.0
3202_4552,14055.0
3203_2838,52223.0
3203_2839,999999.0
3203_4733,21915.0
3204_2811,3848.0
3204_4809,33975.0
3204_4810,999999.0
3204_4811,16493.0
3205_2903,999999.0
3205_5278,14055.0
3205_6392,14055.0
3206_3645,34725.0
3207_4809,22650.0
3207_8558,34725.0
3208_4686,999999.0
3208_4687,4358.0
3208_5957,4358.0
3208_5984,4050.0
3209_5102,3165.0
3209_5105,999999.0
3209_6250,21915.0
3209_6256,14055.0
3210_3319,4358.0
3210_5002,999999.0
3210_5003,4358.0
3211_1912,4733.0
3211_1970,7988.0
3211_3054,5018.0
3212_1829,24930.0
3212_1831,999999.0
3212_12094,9165.0
3213_501,999999.0
3213_1893,4358.0
3213_1894,999999.0
3213_2828,7028.0
3214_1869,999999.0
3214_1997,4515.0
3214_2787,5018.0
3215_3947,5655.0
3215_3970,999999.0
3216_4973,4358.0
3217_11766,33480.0
3218_4009,999999.0
3218_8585,74400.0
3219_2836,52223.0
3219_3644,14055.0
3219_8551,7028.0
3220_3964,5655.0
3220_4898,999999.0
3221_4879,9915.0
3221_4896,999999.0
3221_6040,5655.0
3222_4939,14055.0
3222_5264,7470.0
3222_6094,21915.0
3222_6139,14055.0
3223_1620,5018.0
3223_3034,7988.0
3223_5161,999999.0
3224_5289,999999.0
3224_6403,7028.0
3224_6404,4358.0
3225_5525,999999.0
3225_5554,21915.0
3225_5555,21915.0
3226_2297,4733.0
3226_8886,8715.0
3226_8888,7028.0
3227_1625,999999.0
3227_2320,10035.0
3227_3042,33150.0
3228_547,999999.0
3228_1853,7988.0
3228_1854,7988.0
3229_547,999999.0
3229_1747,5018.0
3229_12268,5018.0
3230_547,999999.0
3230_1743,5018.0
3230_1772,5018.0
3231_548,999999.0
3231_1749,7028.0
3231_1772,15975.0
3232_548,999999.0
3232_1772,5018.0
3232_12470,5018.0
3233_549,999999.0
3233_2007,5018.0
3233_3178,5018.0
3234_549,999999.0
3234_9077,5018.0
3234_9087,5018.0
3235_549,999999.0
3235_2028,5018.0
3235_2029,5018.0
3236_1743,15975.0
3236_2028,15975.0
3236_12476,4515.0
3237_550,999999.0
3237_1845,6240.0
3237_1951,6240.0
3238_550,999999.0
3238_1950,5258.0
3238_1951,5258.0
3239_551,999999.0
3239_2019,4515.0
3239_2020,4515.0
3240_551,999999.0
3240_1948,4515.0
3240_2022,4515.0
3241_551,999999.0
3241_2020,4515.0
3241_2022,4515.0
3242_551,999999.0
3242_1948,5018.0
3242_2019,5018.0
3243_552,999999.0
3243_1846,5018.0
3243_3667,5018.0
3244_552,999999.0
3244_1846,7028.0
3244_1847,7028.0
3245_537,999999.0
3245_1847,15975.0
3245_1848,15975.0
3246_553,999999.0
3246_1835,7988.0
3246_1836,7988.0
3247_553,999999.0
3247_1835,5018.0
3247_2045,5018.0
3248_554,999999.0
3248_1837,5258.0
3248_1838,4515.0
3249_554,999999.0
3249_1836,9165.0
3249_1845,9165.0
3250_555,999999.0
3250_1795,5018.0
3250_2994,7988.0
3251_555,999999.0
3251_1795,4515.0
3251_1796,4515.0
3252_555,999999.0
3252_2043,15975.0
3252_3508,15975.0
3253_557,999999.0
3253_1793,4515.0
3253_1840,4515.0
3254_557,999999.0
3254_1794,15660.0
3254_1839,15660.0
3255_1750,4515.0
3255_1793,5018.0
3255_1842,5018.0
3256_558,999999.0
3256_1799,7988.0
3256_2056,7988.0
3257_558,999999.0
3257_2112,14055.0
3257_2874,15975.0
3258_558,999999.0
3258_2057,5018.0
3258_2142,5018.0
3259_559,999999.0
3259_1799,7988.0
3259_1800,7988.0
3260_559,999999.0
3260_1799,5018.0
3260_12490,5018.0
3261_2052,4515.0
3261_12489,4515.0
3261_12490,4515.0
3262_560,999999.0
3262_1798,7988.0
3262_2052,7988.0
3263_560,999999.0
3263_1796,4515.0
3263_1797,4515.0
3264_560,999999.0
3264_2052,7988.0
3264_2994,7988.0
3265_561,999999.0
3265_1788,5018.0
3265_2042,5018.0
3266_561,999999.0
3266_1787,5018.0
3266_2042,5018.0
3267_561,999999.0
3267_1790,15975.0
3267_1791,14055.0
3268_562,999999.0
3268_1785,7988.0
3268_1787,7988.0
3269_562,999999.0
3269_1785,7988.0
3269_1786,7988.0
3270_562,999999.0
3270_1786,4515.0
3270_2042,4515.0
3271_563,999999.0
3271_1783,7988.0
3271_1784,7988.0
3272_563,999999.0
3272_1782,7988.0
3272_1800,7988.0
3273_563,999999.0
3273_1786,5018.0
3273_1800,5018.0
3274_564,999999.0
3274_1782,7988.0
3274_2054,7028.0
3275_564,999999.0
3275_1782,15975.0
3275_2053,15975.0
3276_564,999999.0
3276_2053,4515.0
3276_2054,4050.0
3277_565,999999.0
3277_2039,5018.0
3277_2084,5018.0
3278_566,999999.0
3278_1778,15975.0
3278_1779,14055.0
3279_566,999999.0
3279_1779,5018.0
3279_1781,5018.0
3280_567,999999.0
3280_1783,5018.0
3280_12488,5018.0
3281_566,999999.0
3281_2039,5018.0
3281_2040,5018.0
3282_567,999999.0
3282_2962,15975.0
3282_12486,15975.0
3283_568,999999.0
3283_1787,7028.0
3283_1791,7028.0
3284_568,999999.0
3284_1791,14055.0
3284_2041,14055.0
3285_568,999999.0
3285_2040,4358.0
3285_2041,4358.0
3286_569,999999.0
3286_1791,7988.0
3286_12101,7988.0
3287_570,999999.0
3287_1789,15975.0
3287_1790,15975.0
3288_570,999999.0
3288_1794,15660.0
3288_2968,15660.0
3289_571,999999.0
3289_1773,15975.0
3289_1774,15975.0
3290_571,999999.0
3290_1792,5018.0
3290_9089,5018.0
3291_571,999999.0
3291_1773,5018.0
3291_12484,5018.0
3292_572,999999.0
3292_2050,4515.0
3292_2061,4515.0
3293_572,999999.0
3293_2061,5018.0
3293_9090,5018.0
3294_572,999999.0
3294_1814,4515.0
3294_2050,4515.0
3295_572,999999.0
3295_2051,5018.0
3295_2057,5018.0
3296_573,999999.0
3296_2060,4515.0
3296_2061,4515.0
3297_573,999999.0
3297_2059,4515.0
3297_2065,5258.0
3298_2011,5258.0
3298_2985,18330.0
3298_2986,18330.0
3298_10405,5258.0
3299_502,999999.0
3299_1895,7028.0
3299_2829,7028.0
3300_3616,71760.0
3300_4290,3735.0
3301_189,999999.0
3301_4825,4358.0
3301_4826,999999.0
3302_176,999999.0
3302_4857,999999.0
3303_176,999999.0
3303_4859,999999.0
3304_4898,999999.0
3304_6038,4958.0
3305_2190,7988.0
3305_3323,5018.0
3305_12683,7988.0
3306_2955,7290.0
3306_3031,51728.0
3307_183,999999.0
3307_4892,999999.0
3308_201,999999.0
3308_4851,3165.0
3308_4863,999999.0
3309_2844,52223.0
3309_3306,51728.0
3310_1599,71040.0
3310_13330,71040.0
3311_193,999999.0
3311_4887,999999.0
3311_4888,14055.0
3312_179,999999.0
3312_4911,999999.0
3312_6049,10575.0
3313_102,999999.0
3313_3315,15975.0
3313_4060,15975.0
3314_211,999999.0
3314_4916,999999.0
3315_2914,24930.0
3315_3313,15975.0
3315_7735,15975.0
3315_9183,15975.0
3316_3318,9465.0
3316_3431,71040.0
3316_8554,71040.0
3317_224,999999.0
3317_5007,999999.0
3318_3316,9465.0
3318_3430,71760.0
3318_3536,71040.0
3319_223,999999.0
3319_3210,4358.0
3319_4997,999999.0
3320_223,999999.0
3320_4996,4050.0
3320_5003,999999.0
3321_3449,74400.0
3321_3489,34725.0
3322_227,999999.0
3322_5004,999999.0
3322_5005,14055.0
3323_2270,7988.0
3323_3305,5018.0
3323_3361,5018.0
3323_8940,7988.0
3324_4989,999999.0
3324_4993,14055.0
3325_4993,4358.0
3325_4997,999999.0
3326_220,999999.0
3326_4977,999999.0
3327_229,999999.0
3327_4970,999999.0
3327_5046,3165.0
3328_229,999999.0
3328_5040,999999.0
3328_5046,3165.0
3329_4960,3165.0
3329_4965,3645.0
3329_4966,999999.0
3330_210,999999.0
3330_4905,4358.0
3330_4915,999999.0
3331_219,999999.0
3331_4962,16493.0
3331_4963,999999.0
3332_219,999999.0
3332_4961,999999.0
3332_4962,6330.0
3333_216,999999.0
3333_4952,4358.0
3333_4953,999999.0
3334_218,999999.0
3334_4955,14055.0
3334_4957,999999.0
3335_5051,14055.0
3335_5052,999999.0
3336_2492,6240.0
3336_12898,5018.0
3336_12900,4515.0
3337_254,999999.0
3337_5055,999999.0
3338_232,999999.0
3338_4954,999999.0
3338_13286,7028.0
3339_5066,999999.0
3339_6185,8715.0
3340_246,999999.0
3340_5071,999999.0
3340_6207,7028.0
3341_2450,5258.0
3341_2509,5258.0
3341_3128,5258.0
3342_236,999999.0
3342_5077,999999.0
3342_5080,14055.0
3343_2552,4050.0
3343_2568,4050.0
3343_7639,4050.0
3343_11760,4515.0
3344_245,999999.0
3344_5072,4358.0
3344_5078,999999.0
3345_244,999999.0
3345_5082,999999.0
3345_5083,14055.0
3346_2434,6240.0
3346_9287,6240.0
3346_11847,4515.0
3346_12876,5258.0
3347_55,999999.0
3347_4398,4358.0
3347_4399,999999.0
3348_78,999999.0
3348_4404,8715.0
3348_4406,999999.0
3349_77,999999.0
3349_4395,999999.0
3350_77,999999.0
3350_4414,999999.0
3351_5788,6240.0
3351_11846,5018.0
3351_12876,5258.0
3352_63,999999.0
3352_4428,4358.0
3352_4446,999999.0
3353_3365,3848.0
3353_4017,16493.0
3353_4018,16493.0
3354_2316,999999.0
3354_11889,5018.0
3354_11896,5018.0
3355_77,999999.0
3355_4432,999999.0
3356_3451,34725.0
3357_590,999999.0
3357_2393,6240.0
3357_3383,6240.0
3358_74,999999.0
3358_4508,999999.0
3359_3365,3848.0
3359_4017,6330.0
3359_4024,6330.0
3360_3170,51728.0
3360_3406,5018.0
3360_11949,5018.0
3361_2270,4515.0
3361_3323,5018.0
3361_3368,5018.0
3361_8922,4515.0
3362_83,999999.0
3362_4434,999999.0
3363_76,999999.0
3363_4441,999999.0
3364_4466,4358.0
3364_13293,4358.0
3365_3367,3848.0
3366_87,999999.0
3366_4497,999999.0
3366_4498,4358.0
3367_3446,74400.0
3368_2265,4358.0
3368_3361,5018.0
3368_3419,4358.0
3368_11955,5018.0
3369_2378,5018.0
3369_3372,5018.0
3369_3573,5018.0
3370_99,999999.0
3370_2844,34260.0
3370_4457,999999.0
3371_3367,74400.0
3372_2128,5018.0
3372_2376,6240.0
3372_3369,5018.0
3372_3575,5018.0
3373_122,999999.0
3373_4583,4358.0
3373_4584,999999.0
3374_122,999999.0
3374_2907,999999.0
3374_4593,4050.0
3375_121,999999.0
3375_4586,999999.0
3375_5760,4358.0
3376_110,999999.0
3376_4563,15660.0
3376_4573,999999.0
3377_114,999999.0
3377_4570,999999.0
3377_13287,4358.0
3378_113,999999.0
3378_4570,4358.0
3378_4572,999999.0
3379_113,999999.0
3379_4576,999999.0
3379_5751,7028.0
3380_108,999999.0
3380_4555,15975.0
3380_4556,15975.0
3381_2885,4515.0
3381_4560,24930.0
3381_4561,999999.0
3381_5661,24930.0
3382_2389,5018.0
3382_2390,6240.0
3382_3383,6240.0
3382_3505,5018.0
3383_3357,6240.0
3383_3382,6240.0
3383_3506,6240.0
3384_128,999999.0
3384_4602,999999.0
3384_4603,4358.0
3385_425,999999.0
3385_5605,4515.0
3385_12896,4515.0
3386_139,999999.0
3386_4698,21915.0
3386_4721,999999.0
3387_2194,999999.0
3387_9057,9030.0
3387_11932,5018.0
3388_138,999999.0
3388_4626,999999.0
3388_4652,21915.0
3389_131,999999.0
3389_4647,999999.0
3389_4648,4050.0
3390_133,999999.0
3390_4639,999999.0
3390_4643,4358.0
3391_1867,5018.0
3391_2796,5018.0
3391_12471,5018.0
3392_2385,15975.0
3392_3505,5018.0
3392_3568,15975.0
3393_144,999999.0
3393_4665,14055.0
3393_4666,7470.0
3394_135,999999.0
3394_4667,999999.0
3394_5635,14055.0
3395_134,999999.0
3395_4642,999999.0
3395_4656,4358.0
3396_2819,17190.0
3397_147,999999.0
3397_4668,4358.0
3397_4671,999999.0
3398_1848,18330.0
3398_3081,6240.0
3398_3514,18330.0
3399_156,999999.0
3399_4690,4358.0
3399_4691,999999.0
3400_159,999999.0
3400_3197,4050.0
3400_4715,3735.0
3401_161,999999.0
3401_4711,14055.0
3401_4769,999999.0
3402_4712,999999.0
3402_5997,14055.0
3403_153,999999.0
3403_4688,999999.0
3403_6002,4050.0
3404_4777,999999.0
3404_5976,4050.0
3405_164,999999.0
3405_4773,4050.0
3405_4776,3735.0
3406_3170,7988.0
3406_3360,5018.0
3406_6965,24930.0
3407_166,999999.0
3407_5650,999999.0
3407_9044,4050.0
3408_167,999999.0
3408_4779,999999.0
3408_5969,15975.0
3409_2471,999999.0
3409_2552,4050.0
3409_7639,14055.0
3409_12881,4050.0
3410_267,999999.0
3410_5145,999999.0
3410_5183,5018.0
3411_273,999999.0
3411_5129,4358.0
3411_5130,999999.0
3412_300,999999.0
3412_5197,999999.0
3412_5200,4358.0
3413_2436,7988.0
3413_2437,7988.0
3413_3414,5018.0
3414_2432,5018.0
3414_2433,5018.0
3414_3413,5018.0
3415_3988,71760.0
3416_2269,7028.0
3416_3419,4358.0
3416_8939,7028.0
3417_2857,6330.0
3417_3496,6330.0
3418_4018,999999.0
3418_4926,14055.0
3419_2268,7028.0
3419_3368,4358.0
3419_3416,4358.0
3419_9056,7028.0
3420_280,999999.0
3420_5153,999999.0
3420_6301,6240.0
3421_289,999999.0
3421_5172,999999.0
3421_5173,5018.0
3422_314,999999.0
3422_5257,999999.0
3422_6376,7988.0
3423_316,999999.0
3423_5166,4733.0
3423_6318,7988.0
3424_2264,5018.0
3424_2271,5018.0
3424_3426,5018.0
3424_11955,5018.0
3425_260,999999.0
3425_5105,14055.0
3425_5106,999999.0
3426_2272,4515.0
3426_3424,5018.0
3426_8944,4515.0
3427_2276,4733.0
3427_11934,5018.0
3427_12621,5018.0
3428_5303,14055.0
3428_5304,999999.0
3428_5305,4050.0
3429_2277,7988.0
3429_10445,7988.0
3429_11934,5018.0
3430_2884,15975.0
3430_3318,71760.0
3430_5389,33480.0
3430_6462,15975.0
3431_2861,71040.0
3432_252,999999.0
3432_5380,8715.0
3432_5383,999999.0
3433_3456,34725.0
3434_3438,34725.0
3435_3954,34725.0
3436_3455,34725.0
3437_344,999999.0
3437_5334,999999.0
3437_6441,4358.0
3438_2809,34725.0
3438_3439,4013.0
3439_3440,4013.0
3440_3969,15480.0
3441_5336,21915.0
3441_5351,4358.0
3441_5357,999999.0
3442_5358,999999.0
3442_6442,4358.0
3443_2893,7028.0
3443_5369,3735.0
3444_347,999999.0
3444_5370,999999.0
3444_6448,4358.0
3445_3371,74400.0
3445_3435,34725.0
3446_3448,71760.0
3447_324,999999.0
3447_5250,999999.0
3447_5282,4050.0
3448_3300,71760.0
3449_3456,74400.0
3450_3434,34725.0
3451_3450,34725.0
3452_5403,999999.0
3452_5407,14055.0
3453_360,999999.0
3453_5406,999999.0
3453_6470,4358.0
3454_5491,999999.0
3454_6500,21915.0
3454_6502,45135.0
3455_3433,34725.0
3455_3446,34725.0
3456_3470,71760.0
3457_372,999999.0
3457_5451,14055.0
3457_5452,999999.0
3458_5454,999999.0
3458_6489,4358.0
3459_2571,4733.0
3459_3122,33150.0
3459_3124,33150.0
3460_1379,999999.0
3460_7555,7988.0
3460_7556,7988.0
3461_370,999999.0
3461_5483,999999.0
3461_5485,4358.0
3462_5489,4358.0
3462_5492,999999.0
3462_5527,21915.0
3463_3979,9915.0
3464_4099,74400.0
3465_404,999999.0
3465_5539,999999.0
3465_6546,5018.0
3466_1995,4050.0
3466_7048,14055.0
3466_7060,14055.0
3466_10557,4050.0
3467_409,999999.0
3467_5579,24930.0
3467_5580,999999.0
3468_426,999999.0
3468_5596,999999.0
3468_5613,5018.0
3469_359,999999.0
3469_5393,999999.0
3469_5403,14055.0
3470_3464,74400.0
3470_4358,3848.0
3471_358,999999.0
3471_5408,999999.0
3471_5415,7028.0
3472_3445,8535.0
3473_1606,71040.0
3474_1379,999999.0
3474_7585,5018.0
3474_7586,5018.0
3475_3963,2828.0
3475_4898,9878.0
3476_806,999999.0
3476_2217,5018.0
3476_3479,5018.0
3477_903,999999.0
3477_2430,15975.0
3477_11844,15975.0
3478_1157,999999.0
3478_2215,4050.0
3478_9014,4050.0
3479_2214,5018.0
3479_3053,5018.0
3479_3476,5018.0
3480_3979,5655.0
3481_1282,999999.0
3481_2213,5018.0
3481_3482,5018.0
3482_2214,5018.0
3482_3481,5018.0
3483_969,999999.0
3483_2565,7028.0
3483_7997,14055.0
3484_885,999999.0
3484_2523,4733.0
3484_7372,5018.0
3485_887,999999.0
3485_2539,10035.0
3485_8004,10035.0
3486_2206,7470.0
3486_10449,5018.0
3487_1379,999999.0
3487_7587,4515.0
3487_7589,4515.0
3488_4925,9878.0
3489_3356,34725.0
3489_3417,3848.0
3490_455,999999.0
3490_1721,4733.0
3490_12106,7988.0
3491_468,999999.0
3491_1713,5018.0
3491_2006,10035.0
3492_474,999999.0
3492_1738,5018.0
3492_2774,5018.0
3493_3496,3165.0
3493_4018,3165.0
3494_1379,999999.0
3494_7586,5018.0
3494_7587,5018.0
3495_3480,5655.0
3496_3418,6330.0
3496_3493,3165.0
3496_4928,3165.0
3497_1975,6240.0
3497_3561,6240.0
3497_10214,5258.0
3498_431,999999.0
3498_1757,999999.0
3498_2073,4358.0
3499_1723,4358.0
3499_2627,4358.0
3499_10410,7028.0
3500_437,999999.0
3500_1755,9465.0
3500_2411,15975.0
3501_440,999999.0
3501_1767,3735.0
3501_1768,7028.0
3502_1779,14055.0
3502_2534,4358.0
3502_2960,14055.0
3503_453,999999.0
3503_1724,3735.0
3503_2632,7028.0
3504_469,999999.0
3504_1728,7988.0
3504_12103,7988.0
3505_2386,5018.0
3505_3382,5018.0
3505_3392,5018.0
3505_3569,5018.0
3506_1808,18330.0
3506_2389,18330.0
3506_3383,6240.0
3507_541,999999.0
3507_1846,7028.0
3507_2023,7988.0
3508_1795,4515.0
3508_1826,15975.0
3508_3252,15975.0
3509_3436,34725.0
3509_3845,17190.0
3510_3983,5655.0
3510_3984,8025.0
3511_3436,4013.0
3511_3985,5655.0
3511_5664,26663.0
3512_1157,999999.0
3512_8332,4050.0
3512_8394,4050.0
3513_872,999999.0
3513_2294,5018.0
3513_5167,5018.0
3514_2972,18330.0
3514_3398,18330.0
3514_3515,33150.0
3514_3529,33150.0
3515_2971,14580.0
3515_2993,14580.0
3515_3514,33150.0
3515_3516,33150.0
3516_2043,15975.0
3516_2968,15975.0
3516_3515,33150.0
3516_3517,51728.0
3517_1590,999999.0
3517_1812,15975.0
3517_1813,15975.0
3517_3516,51728.0
3518_1624,15975.0
3518_2242,15975.0
3518_3047,23355.0
3518_3519,23355.0
3519_3518,23355.0
3519_3521,29940.0
3520_724,999999.0
3520_2329,7988.0
3520_2332,7988.0
3521_3025,23355.0
3521_3519,29940.0
3522_768,999999.0
3522_2258,3735.0
3522_2260,5018.0
3523_1378,999999.0
3523_7594,4515.0
3523_7600,4515.0
3524_7572,999999.0
3525_817,999999.0
3525_2232,5018.0
3525_2233,5018.0
3526_3524,4733.0
3526_6584,31260.0
3527_3850,22748.0
3528_740,999999.0
3528_11885,4050.0
3528_12709,4050.0
3529_1730,51728.0
3529_1867,15975.0
3529_2973,15975.0
3529_3514,33150.0
3530_734,999999.0
3530_2648,5018.0
3530_12662,5018.0
3531_2199,18330.0
3531_2201,18330.0
3531_5825,15975.0
3532_2207,7988.0
3532_2218,4515.0
3532_3095,4515.0
3533_1822,18330.0
3533_1823,5258.0
3533_3555,18330.0
3534_699,999999.0
3534_2697,4515.0
3534_2698,4515.0
3535_2363,15975.0
3535_3586,15975.0
3535_11962,5018.0
3536_3692,71040.0
3537_2709,5018.0
3537_8804,6240.0
3537_10322,6240.0
3538_3539,5018.0
3538_8907,4515.0
3538_11947,5018.0
3539_2276,7988.0
3539_3538,5018.0
3539_8905,4515.0
3540_2233,4515.0
3540_2280,4515.0
3540_8913,4515.0
3540_9794,4515.0
3541_574,999999.0
3541_1816,7988.0
3541_2049,7988.0
3542_574,999999.0
3542_1817,4515.0
3542_1818,4515.0
3543_574,999999.0
3543_1811,5018.0
3543_1817,5018.0
3544_575,999999.0
3544_1810,5018.0
3544_1811,5018.0
3545_575,999999.0
3545_1810,15975.0
3545_2062,15975.0
3546_575,999999.0
3546_1811,5018.0
3546_2062,5018.0
3547_576,999999.0
3547_1810,15975.0
3547_1812,15975.0
3548_576,999999.0
3548_1807,5018.0
3548_2046,5018.0
3549_576,999999.0
3549_1805,5258.0
3549_9027,4515.0
3550_576,999999.0
3550_2046,5018.0
3550_2063,6240.0
3551_577,999999.0
3551_1831,28598.0
3551_1953,18330.0
3552_577,999999.0
3552_1834,6240.0
3552_1952,6240.0
3553_578,999999.0
3553_1829,5018.0
3553_2048,5018.0
3554_579,999999.0
3554_1821,9165.0
3554_2665,9165.0
3555_579,999999.0
3555_1821,18330.0
3555_3533,18330.0
3556_579,999999.0
3556_1822,6240.0
3556_2664,6240.0
3557_550,999999.0
3557_2025,5018.0
3557_2066,5018.0
3558_580,999999.0
3558_1952,6240.0
3558_1953,6240.0
3559_529,999999.0
3559_1911,7988.0
3559_1970,7988.0
3560_585,999999.0
3560_1975,6240.0
3560_1976,6240.0
3561_585,999999.0
3561_1974,6240.0
3561_3497,6240.0
3562_586,999999.0
3562_5826,5018.0
3562_10417,5018.0
3563_586,999999.0
3563_2394,6240.0
3563_5828,4515.0
3564_3571,4050.0
3564_7046,7028.0
3564_9157,7028.0
3565_588,999999.0
3565_2366,15975.0
3565_2384,15975.0
3566_588,999999.0
3566_2384,7988.0
3566_2400,7988.0
3567_588,999999.0
3567_2364,5018.0
3567_2402,5018.0
3568_589,999999.0
3568_2384,15975.0
3568_3392,15975.0
3569_589,999999.0
3569_2397,5018.0
3569_3505,5018.0
3570_589,999999.0
3570_2397,5018.0
3570_2400,5018.0
3571_3564,4050.0
3571_7045,4050.0
3571_7046,7028.0
3571_7047,7028.0
3572_590,999999.0
3572_2393,5018.0
3572_2394,5018.0
3573_591,999999.0
3573_2377,5018.0
3573_3369,5018.0
3574_591,999999.0
3574_2378,5018.0
3574_2387,5018.0
3575_592,999999.0
3575_2377,5018.0
3575_3372,5018.0
3576_592,999999.0
3576_2373,5258.0
3576_2381,5258.0
3577_592,999999.0
3577_2373,9165.0
3577_2375,9165.0
3578_592,999999.0
3578_2376,6240.0
3578_2379,6240.0
3579_593,999999.0
3579_2343,5258.0
3579_2349,5258.0
3580_593,999999.0
3580_2346,5258.0
3580_2347,5258.0
3581_593,999999.0
3581_2338,5258.0
3581_2350,5258.0
3582_594,999999.0
3582_2355,6240.0
3582_2356,6240.0
3583_594,999999.0
3583_2352,5258.0
3583_2356,5258.0
3584_595,999999.0
3584_2364,4515.0
3584_2368,4515.0
3585_595,999999.0
3585_2362,5018.0
3585_2363,5018.0
3586_595,999999.0
3586_2361,15975.0
3586_3535,15975.0
3587_596,999999.0
3587_2355,4515.0
3587_2358,4515.0
3588_596,999999.0
3588_2357,5018.0
3588_2358,5018.0
3589_596,999999.0
3589_2356,5258.0
3589_2357,4515.0
3590_3,999999.0
3590_4052,5655.0
3591_3,999999.0
3591_4331,9915.0
3592_4,999999.0
3592_4109,5655.0
3593_4,999999.0
3593_4146,5655.0
3594_6,999999.0
3594_4144,9915.0
3595_6,999999.0
3595_4196,5655.0
3596_6,999999.0
3596_4196,7590.0
3597_4148,9915.0
3598_2400,6240.0
3598_3600,6240.0
3599_3089,50580.0
3600_2402,6240.0
3600_3598,6240.0
3600_3599,5258.0
3600_12229,5258.0
3601_2396,4733.0
3601_12230,51728.0
3602_2396,7988.0
3602_3091,4733.0
3602_10424,7988.0
3603_2395,7988.0
3603_3092,999999.0
3603_10424,7988.0
3603_11959,5018.0
3604_7,999999.0
3604_4192,7590.0
3605_8,999999.0
3605_4191,2828.0
3606_9,999999.0
3606_4233,5655.0
3607_9,999999.0
3607_4232,5655.0
3608_10,999999.0
3608_4156,9915.0
3609_11,999999.0
3609_4152,5655.0
3610_11,999999.0
3610_4096,8820.0
3611_13,999999.0
3611_4163,15480.0
3612_13,999999.0
3612_4177,8820.0
3613_3811,33480.0
3613_8277,999999.0
3614_3818,51728.0
3614_8244,999999.0
3615_3633,5018.0
3615_7463,999999.0
3615_7465,5018.0
3616_2859,71760.0
3617_2991,999999.0
3617_2992,14580.0
3618_3119,999999.0
3618_3660,33150.0
3619_3120,33480.0
3619_3121,999999.0
3620_3614,33150.0
3620_8286,999999.0
3621_3622,34725.0
3621_8279,7695.0
3622_8277,999999.0
3622_8278,34725.0
3623_8273,33480.0
3623_8274,999999.0
3624_3820,14940.0
3624_8250,999999.0
3625_3837,50580.0
3625_8228,999999.0
3626_8195,32415.0
3626_8217,999999.0
3627_8177,51728.0
3628_8210,999999.0
3628_8211,51728.0
3629_8205,999999.0
3629_8207,32415.0
3630_3833,33150.0
3630_8208,999999.0
3631_3833,4733.0
3631_7419,999999.0
3632_3831,51728.0
3632_8203,999999.0
3633_3641,4515.0
3634_8200,999999.0
3634_8201,51728.0
3635_3821,69450.0
3635_8196,999999.0
3636_3797,51728.0
3636_8172,999999.0
3637_8144,999999.0
3637_8145,88800.0
3638_7789,999999.0
3638_8249,7988.0
3639_7632,999999.0
3639_8195,16770.0
3640_3826,5018.0
3640_7465,999999.0
3641_3829,4515.0
3641_7461,999999.0
3642_3823,5018.0
3642_7461,999999.0
3643_3016,999999.0
3643_3017,33150.0
3644_2837,14055.0
3644_4755,999999.0
3645_2832,999999.0
3645_8405,34725.0
3646_2835,999999.0
3646_3206,34725.0
3647_3855,7290.0
3647_4900,6330.0
3648_2836,999999.0
3648_3893,7695.0
3648_8559,34725.0
3649_3139,999999.0
3649_3655,33150.0
3650_3126,999999.0
3650_3658,33150.0
3651_2982,52223.0
3652_2889,999999.0
3652_3701,52223.0
3653_2849,999999.0
3653_2850,33480.0
3653_3202,999999.0
3654_15,999999.0
3654_3952,21240.0
3655_2471,15975.0
3655_3127,32415.0
3656_2449,5018.0
3656_3159,4733.0
3657_3127,32415.0
3658_3657,33150.0
3658_3659,4733.0
3659_2452,7988.0
3659_3657,4733.0
3660_3619,33480.0
3661_1560,7470.0
3661_1921,7028.0
3661_3663,7028.0
3662_3663,3735.0
3662_3664,52223.0
3663_2828,7028.0
3663_3661,7028.0
3664_2977,52223.0
3664_2978,3735.0
3665_3617,14580.0
3665_3666,4733.0
3666_2025,5018.0
3666_3667,5018.0
3667_2992,4733.0
3667_3243,5018.0
3667_3666,5018.0
3668_2331,7988.0
3668_3669,7988.0
3669_2635,7988.0
3669_3668,7988.0
3669_3670,4733.0
3670_5805,32415.0
3671_2637,5018.0
3671_3672,5018.0
3672_3671,5018.0
3672_3673,4733.0
3672_5802,5018.0
3673_3675,33150.0
3674_3675,4733.0
3674_3676,4515.0
3674_8812,4515.0
3675_3042,33150.0
3676_2636,4515.0
3676_3674,4515.0
3677_3169,4515.0
3677_11940,4515.0
3678_3643,33150.0
3679_2846,33480.0
3679_4405,3735.0
3680_5727,10035.0
3680_9151,5018.0
3680_9272,10035.0
3681_2850,4733.0
3681_3680,5018.0
3681_4437,15975.0
3682_2919,15975.0
3683_3201,51728.0
3683_3687,3735.0
3684_4493,9030.0
3684_4496,9030.0
3685_2852,10035.0
3685_3686,4733.0
3685_4496,10035.0
3686_2887,71040.0
3687_2851,34260.0
3687_3683,3735.0
3687_5626,34260.0
3688_3689,7470.0
3688_5080,999999.0
3689_2858,71760.0
3690_3688,7470.0
3690_3689,71760.0
3691_5515,999999.0
3691_6524,15975.0
3692_3690,71760.0
3693_3694,3735.0
3693_3696,52223.0
3694_5409,4358.0
3694_6464,7028.0
3694_6465,4358.0
3695_2862,3735.0
3695_6198,4358.0
3695_6199,14055.0
3695_6465,4358.0
3696_3318,71760.0
3697_15,999999.0
3697_3951,5655.0
3698_15,999999.0
3698_4089,9915.0
3699_15,999999.0
3699_4089,5655.0
3700_4764,3735.0
3700_8572,33480.0
3701_3702,3735.0
3701_8545,52223.0
3702_3703,7028.0
3702_5118,7028.0
3703_2888,3735.0
3703_3702,7028.0
3703_5031,7028.0
3704_16,999999.0
3704_4008,9915.0
3705_17,999999.0
3705_4037,5655.0
3706_18,999999.0
3706_4217,5655.0
3707_18,999999.0
3707_4217,5655.0
3708_21,999999.0
3708_4279,5655.0
3709_21,999999.0
3709_4221,5655.0
3710_21,999999.0
3710_4222,5655.0
3711_21,999999.0
3711_4278,5655.0
3712_22,999999.0
3712_4226,6330.0
3713_4274,6330.0
3714_23,999999.0
3714_4305,6330.0
3715_23,999999.0
3715_4368,6330.0
3716_23,999999.0
3716_4367,8715.0
3717_23,999999.0
3717_4304,6330.0
3718_24,999999.0
3718_4226,6330.0
3719_25,999999.0
3719_4386,6330.0
3720_25,999999.0
3720_4229,6330.0
3721_25,999999.0
3721_4269,6330.0
3722_26,999999.0
3722_4190,2828.0
3723_26,999999.0
3723_4230,5655.0
3724_26,999999.0
3724_4190,7590.0
3725_26,999999.0
3725_4189,7590.0
3726_27,999999.0
3726_4229,5655.0
3727_4308,6330.0
3728_28,999999.0
3728_4308,6330.0
3729_28,999999.0
3729_4370,6330.0
3730_4370,6330.0
3731_29,999999.0
3731_4265,5655.0
3732_29,999999.0
3732_4310,5655.0
3733_29,999999.0
3733_4310,5655.0
3734_29,999999.0
3734_4265,9915.0
3734_4309,9915.0
3735_30,999999.0
3735_4261,5655.0
3736_30,999999.0
3736_4261,5655.0
3737_30,999999.0
3737_4237,5655.0
3738_32,999999.0
3738_4257,5655.0
3739_40,999999.0
3739_4169,16493.0
3740_32,999999.0
3740_4316,5655.0
3741_32,999999.0
3741_4317,5655.0
3742_32,999999.0
3742_4254,5655.0
3743_106,999999.0
3743_4564,5018.0
3743_5730,5018.0
3744_33,999999.0
3744_4243,16493.0
3745_33,999999.0
3745_4252,6330.0
3746_33,999999.0
3746_4243,6330.0
3747_34,999999.0
3747_4318,6330.0
3748_34,999999.0
3748_4317,6330.0
3749_34,999999.0
3749_4381,6330.0
3750_34,999999.0
3750_4380,6330.0
3751_37,999999.0
3751_4176,7290.0
3752_37,999999.0
3752_4176,6330.0
3753_37,999999.0
3753_4242,6330.0
3754_38,999999.0
3754_4174,7290.0
3755_38,999999.0
3755_4168,16493.0
3756_38,999999.0
3756_3739,16493.0
3757_40,999999.0
3757_4169,10575.0
3758_40,999999.0
3758_4084,16493.0
3759_40,999999.0
3759_4084,16493.0
3760_41,999999.0
3760_3943,9915.0
3760_8562,9915.0
3761_41,999999.0
3761_3896,15480.0
3762_41,999999.0
3762_3950,8820.0
3763_41,999999.0
3763_3949,9915.0
3763_3950,9915.0
3764_42,999999.0
3764_3900,6330.0
3765_42,999999.0
3765_3897,10575.0
3766_42,999999.0
3766_3899,7290.0
3767_42,999999.0
3767_3896,5655.0
3768_43,999999.0
3768_3911,5655.0
3769_43,999999.0
3769_3913,5655.0
3770_43,999999.0
3770_3175,16260.0
3771_46,999999.0
3771_3975,9915.0
3772_46,999999.0
3772_3993,15480.0
3773_47,999999.0
3773_3999,15480.0
3774_47,999999.0
3774_4056,9915.0
3775_48,999999.0
3775_4005,33975.0
3776_49,999999.0
3776_4036,5655.0
3777_50,999999.0
3777_4026,6330.0
3778_50,999999.0
3778_51,999999.0
3778_4026,5655.0
3779_51,999999.0
3779_4024,5655.0
3780_51,999999.0
3780_4023,9915.0
3780_4028,9915.0
3781_52,999999.0
3781_4291,6330.0
3782_52,999999.0
3782_4213,16493.0
3782_4292,16493.0
3783_52,999999.0
3783_4214,6330.0
3784_55,999999.0
3784_4325,4358.0
3784_4399,4358.0
3785_55,999999.0
3785_4324,14055.0
3785_4325,10575.0
3786_56,999999.0
3786_4377,8715.0
3787_56,999999.0
3787_4378,8715.0
3788_56,999999.0
3788_4341,4358.0
3789_56,999999.0
3789_4341,8715.0
3790_57,999999.0
3790_4367,4358.0
3791_57,999999.0
3791_4348,4358.0
3792_57,999999.0
3792_4349,4358.0
3793_57,999999.0
3793_4368,6330.0
3794_13352,16575.0
3794_13357,33150.0
3795_3796,4733.0
3795_3798,5018.0
3795_7258,5018.0
3796_3636,51728.0
3797_3798,4733.0
3797_8171,51728.0
3798_3795,5018.0
3798_12081,5018.0
3799_3801,5018.0
3799_13236,5018.0
3800_3637,88800.0
3801_3799,5018.0
3801_8145,4733.0
3801_8380,5018.0
3802_3799,4733.0
3802_3800,88800.0
3803_3804,4733.0
3803_3809,5018.0
3803_7278,5018.0
3804_3805,51728.0
3805_3806,4733.0
3805_8150,51728.0
3806_8308,10035.0
3806_13226,7988.0
3807_3808,51728.0
3808_3809,4733.0
3808_8149,51728.0
3809_3803,5018.0
3809_7284,5018.0
3810_3217,33480.0
3810_7752,3735.0
3811_3812,3735.0
3811_3815,33480.0
3812_3813,7028.0
3812_8032,7028.0
3813_3812,7028.0
3813_7859,7028.0
3813_8276,3735.0
3814_11295,6240.0
3814_11308,6240.0
3815_3816,3735.0
3815_3817,33480.0
3816_3815,3735.0
3816_7860,4050.0
3816_8033,4050.0
3817_3623,33480.0
3817_8159,33150.0
3818_3620,33150.0
3819_7777,7988.0
3819_8244,7988.0
3819_8318,7988.0
3820_3638,7988.0
3820_8248,14580.0
3821_3626,32415.0
3821_3639,16770.0
3822_3642,5018.0
3823_3824,4733.0
3823_3825,5018.0
3823_3827,4733.0
3824_3830,51728.0
3825_3640,5018.0
3826_3827,51728.0
3826_3828,5018.0
3827_3634,51728.0
3828_3822,5018.0
3828_3824,51728.0
3829_3830,4733.0
3829_3832,4515.0
3830_3632,51728.0
3831_3633,4733.0
3831_3826,51728.0
3832_3615,5018.0
3833_8206,33150.0
3834_3628,51728.0
3834_3835,4733.0
3835_3836,15975.0
3835_7396,7988.0
3836_3835,15975.0
3836_7281,7988.0
3836_8211,4733.0
3837_3838,5505.0
3837_8178,50580.0
3838_8223,18330.0
3838_8229,18330.0
3839_3625,50580.0
3840_58,999999.0
3840_4356,4358.0
3841_3842,5655.0
3841_4839,9915.0
3841_4843,9915.0
3842_3843,5655.0
3842_4842,5655.0
3843_3844,6330.0
3843_3906,28313.0
3843_4809,28313.0
3844_3899,6330.0
3844_3904,9878.0
3845_3846,54945.0
3846_3396,12510.0
3846_4007,999999.0
3847_5311,40088.0
3847_5336,999999.0
3847_6437,14055.0
3848_1378,999999.0
3848_7587,4515.0
3848_7597,4515.0
3849_58,999999.0
3849_4356,4358.0
3850_3856,4733.0
3850_6946,14580.0
3851_3852,5018.0
3851_3853,4733.0
3851_4767,7988.0
3852_3851,5018.0
3852_4766,7988.0
3853_2840,52223.0
3854_2841,51728.0
3854_3852,4733.0
3855_3845,9878.0
3856_11519,15975.0
3857_58,999999.0
3857_4361,4358.0
3858_1378,999999.0
3858_7542,10035.0
3858_7621,10035.0
3859_60,999999.0
3859_3902,21915.0
3859_4543,21915.0
3860_60,999999.0
3860_4542,4358.0
3860_4543,4358.0
3861_60,999999.0
3861_4357,4358.0
3861_4542,4358.0
3862_10466,33150.0
3862_10510,15975.0
3862_10686,15975.0
3862_10692,33150.0
3863_62,999999.0
3863_4478,4358.0
3864_62,999999.0
3864_4348,4358.0
3865_62,999999.0
3865_4477,6330.0
3866_62,999999.0
3866_4477,4358.0
3866_4478,4358.0
3867_63,999999.0
3867_4428,8715.0
3868_63,999999.0
3868_4342,8715.0
3869_63,999999.0
3869_4447,8715.0
3870_7091,999999.0
3870_11517,15975.0
3871_64,999999.0
3871_4397,8715.0
3871_4400,8715.0
3872_64,999999.0
3872_4400,8715.0
3872_4403,8715.0
3873_64,999999.0
3873_4396,4358.0
3874_64,999999.0
3874_4397,8715.0
3875_65,999999.0
3875_4412,4358.0
3876_65,999999.0
3876_4430,4358.0
3877_65,999999.0
3877_4426,8715.0
3877_4429,8715.0
3878_4430,4358.0
3879_65,999999.0
3879_4426,4358.0
3880_4445,4358.0
3881_66,999999.0
3881_4449,4358.0
3882_66,999999.0
3882_4472,4358.0
3883_66,999999.0
3883_4448,8715.0
3883_4473,8715.0
3884_66,999999.0
3884_4472,14055.0
3884_4473,14055.0
3885_67,999999.0
3885_4474,4358.0
3886_67,999999.0
3886_13292,4358.0
3887_4482,4358.0
3888_67,999999.0
3888_4479,8715.0
3888_4480,8715.0
3889_68,999999.0
3889_4480,8715.0
3889_4502,8715.0
3890_68,999999.0
3890_4503,4358.0
3891_68,999999.0
3891_4478,4358.0
3891_4503,4358.0
3892_68,999999.0
3892_4505,4358.0
3893_3894,10575.0
3893_3898,9878.0
3894_3895,10575.0
3894_3897,7290.0
3895_3948,9915.0
3896_3765,10575.0
3896_3895,5655.0
3897_3766,7290.0
3897_3898,16493.0
3898_3207,9878.0
3898_3844,9878.0
3899_3764,6330.0
3899_3903,7290.0
3900_3762,8820.0
3900_3767,5655.0
3901_3900,5655.0
3901_3903,5655.0
3901_3943,5655.0
3902_3859,21915.0
3902_4358,21915.0
3903_3901,5655.0
3903_3904,5655.0
3903_3909,3795.0
3904_3174,21240.0
3904_3903,5655.0
3904_3906,13590.0
3905_3174,8820.0
3905_3906,7590.0
3906_3843,28313.0
3906_3904,13590.0
3906_4842,5655.0
3907_3174,999999.0
3907_3175,21240.0
3907_3909,8820.0
3907_3914,5655.0
3908_3445,71760.0
3909_3770,16260.0
3909_3903,3795.0
3909_3910,5655.0
3910_43,999999.0
3910_3911,5655.0
3911_3901,5655.0
3911_3942,5655.0
3912_3768,5655.0
3912_3769,5655.0
3913_3175,999999.0
3913_3916,15480.0
3913_3917,21240.0
3914_3175,5655.0
3914_3915,5655.0
3914_3971,7590.0
3915_3916,5655.0
3915_3923,5655.0
3916_3917,5655.0
3916_3921,15480.0
3917_3176,21240.0
3917_3913,15480.0
3917_3918,5655.0
3918_3912,5655.0
3918_3940,5655.0
3919_3176,999999.0
3919_3918,5655.0
3919_3933,9915.0
3920_2809,4958.0
3920_4858,5655.0
3921_3922,5655.0
3921_3928,15480.0
3922_44,999999.0
3922_3923,5655.0
3923_3924,9915.0
3923_3970,8820.0
3924_44,999999.0
3924_3925,9915.0
3925_3927,8820.0
3925_3972,9915.0
3926_44,999999.0
3926_3929,8820.0
3927_3926,8820.0
3928_44,999999.0
3928_3929,15480.0
3929_3933,8820.0
3929_3987,15480.0
3930_3931,4013.0
3930_3968,15480.0
3930_3972,15480.0
3931_3932,4958.0
3932_3934,34725.0
3933_3919,9915.0
3933_3935,12090.0
3933_4071,4958.0
3934_3982,34725.0
3935_3938,21240.0
3935_3961,31860.0
3936_3977,9915.0
3937_3965,5655.0
3938_3919,12090.0
3938_3939,21240.0
3939_12,999999.0
3939_3940,21240.0
3940_3941,21240.0
3940_3955,5655.0
3941_3912,5655.0
3941_3942,21240.0
3942_3943,21240.0
3942_3952,5655.0
3943_3760,9915.0
3943_3901,5655.0
3943_3951,5655.0
3944_200,999999.0
3944_5476,8715.0
3945_3946,21240.0
3945_4082,10575.0
3945_4551,10575.0
3945_8563,16493.0
3946_8403,21240.0
3946_8562,9915.0
3947_3915,5655.0
3947_3971,7590.0
3948_3949,9915.0
3948_4083,10575.0
3948_8563,16493.0
3949_3761,15480.0
3949_3763,9915.0
3949_3948,9915.0
3950_3763,9915.0
3950_3951,9915.0
3950_4085,6330.0
3951_3654,21240.0
3951_3943,5655.0
3951_3950,9915.0
3952_3699,5655.0
3952_3953,21240.0
3953_3941,5655.0
3953_3956,21240.0
3954_3451,34725.0
3954_3488,10575.0
3955_12,999999.0
3955_3956,5655.0
3956_3957,21240.0
3956_4095,5655.0
3957_12,999999.0
3957_3958,21240.0
3958_3959,8820.0
3958_3961,21240.0
3959_12,999999.0
3959_3938,8820.0
3960_4166,15975.0
3960_8683,999999.0
3961_4076,31860.0
3962_5089,14055.0
3962_5270,4358.0
3962_6218,14055.0
3962_6219,4358.0
3963_3220,5288.0
3963_3964,22650.0
3964_3495,5655.0
3964_3965,9915.0
3965_3966,9915.0
3965_5617,5655.0
3966_3967,9915.0
3966_3975,5655.0
3967_3968,9915.0
3967_4878,5655.0
3968_3930,15480.0
3968_3969,9915.0
3968_4870,15480.0
3969_3925,8820.0
3969_3970,9915.0
3970_3215,17190.0
3970_3920,15480.0
3971_3905,7590.0
3972_3930,15480.0
3972_3974,9915.0
3972_3986,15480.0
3973_1378,999999.0
3973_7599,4515.0
3973_7600,4515.0
3974_3771,9915.0
3974_3967,5655.0
3975_3936,9915.0
3975_3992,5655.0
3976_1377,999999.0
3976_7597,10035.0
3976_7598,5018.0
3977_3463,9915.0
3977_3937,5655.0
3978_1376,999999.0
3978_3995,4515.0
3978_7580,4515.0
3979_3981,16493.0
3979_3999,5655.0
3980_3994,5018.0
3980_4106,4515.0
3980_7581,5018.0
3981_3983,15480.0
3982_3509,34725.0
3982_3510,8025.0
3983_3984,15480.0
3983_4004,6330.0
3984_3511,5655.0
3985_3647,6330.0
3986_3972,15480.0
3986_3987,15480.0
3987_3986,15480.0
3987_3989,15480.0
3987_4070,15480.0
3988_3908,71760.0
3988_5670,3735.0
3989_45,999999.0
3989_3990,15480.0
3990_3772,15480.0
3990_3991,5655.0
3991_46,999999.0
3991_3974,5655.0
3992_46,999999.0
3992_3993,5655.0
3993_3996,15480.0
3993_4061,5655.0
3994_1376,999999.0
3994_3980,5018.0
3994_7578,5018.0
3995_3978,4515.0
3995_3997,4515.0
3995_4074,4515.0
3996_3773,15480.0
3996_3977,5655.0
3997_1377,999999.0
3997_3995,4515.0
3997_7579,4515.0
3998_7482,4515.0
3998_7578,15975.0
3998_7579,15975.0
3999_4002,15480.0
3999_4335,5655.0
4000_96,999999.0
4000_4533,10035.0
4000_4534,10035.0
4001_96,999999.0
4001_4495,10035.0
4001_4533,10035.0
4002_3981,6330.0
4002_4004,16493.0
4003_96,999999.0
4003_4495,10035.0
4003_4496,10035.0
4004_3775,33975.0
4004_4051,6330.0
4005_3984,6330.0
4005_4006,22650.0
4006_4005,10575.0
4006_4007,31860.0
4007_3704,9915.0
4007_4042,8820.0
4008_3396,8025.0
4008_4009,5655.0
4009_3218,999999.0
4009_4011,5655.0
4010_4011,9878.0
4011_3776,6330.0
4011_4012,6330.0
4012_4013,6330.0
4012_4015,6330.0
4013_4010,6330.0
4013_4924,6330.0
4014_4013,6330.0
4014_4016,6330.0
4015_49,999999.0
4015_4016,6330.0
4016_3359,6330.0
4016_4025,6330.0
4017_3353,16493.0
4017_4019,16493.0
4018_3353,16493.0
4018_3418,999999.0
4018_3493,3165.0
4019_50,999999.0
4019_4017,16493.0
4019_4020,16493.0
4020_53,999999.0
4020_4019,16493.0
4020_4021,15480.0
4021_4020,15480.0
4021_4125,15480.0
4022_4028,4013.0
4023_3464,17363.0
4023_3779,5655.0
4023_3780,9915.0
4023_4123,2828.0
4024_3778,5655.0
4025_49,999999.0
4025_3777,6330.0
4026_4027,5655.0
4026_4032,6330.0
4027_51,999999.0
4027_4028,5655.0
4028_3780,9915.0
4028_4030,9915.0
4028_4122,5655.0
4029_1377,999999.0
4029_7627,5018.0
4029_7629,5018.0
4030_4028,9915.0
4030_4031,5655.0
4030_4037,9915.0
4031_17,999999.0
4031_4034,5655.0
4032_4033,6330.0
4033_17,999999.0
4033_4034,6330.0
4034_4035,6330.0
4034_4036,5655.0
4035_4012,6330.0
4036_3705,5655.0
4036_4040,5655.0
4037_4030,9915.0
4037_4038,9915.0
4037_4120,5655.0
4038_4037,9915.0
4038_4040,12090.0
4038_4048,9915.0
4039_1381,999999.0
4039_7629,15975.0
4039_7631,15975.0
4040_4044,15480.0
4040_13319,8820.0
4041_16,999999.0
4041_4009,8820.0
4042_4045,8820.0
4043_4081,4515.0
4043_8071,4515.0
4043_11636,4515.0
4044_16,999999.0
4044_4045,15480.0
4045_4048,12090.0
4045_4050,9915.0
4046_1335,999999.0
4046_7297,4515.0
4046_11636,4515.0
4047_1381,999999.0
4047_7627,5018.0
4047_8311,5018.0
4048_4038,9915.0
4048_4049,9915.0
4048_4118,8820.0
4049_4048,9915.0
4049_4050,5655.0
4049_4052,9915.0
4050_4006,5655.0
4050_4051,9915.0
4051_3590,5655.0
4051_3591,9915.0
4052_4049,9915.0
4052_4053,9915.0
4052_4116,5655.0
4053_3,999999.0
4053_4052,9915.0
4053_4054,9915.0
4054_4053,9915.0
4054_4055,5655.0
4054_4338,9915.0
4055_3,999999.0
4055_4331,5655.0
4056_4057,5655.0
4056_4059,9915.0
4057_47,999999.0
4057_3996,5655.0
4058_1381,999999.0
4058_7631,5018.0
4058_8311,5018.0
4059_2,999999.0
4059_4061,9915.0
4060_1597,4733.0
4060_3313,15975.0
4061_4062,5655.0
4061_4068,9915.0
4062_2,999999.0
4062_4065,5655.0
4063_2,999999.0
4063_4065,9915.0
4063_4339,9915.0
4064_1381,999999.0
4064_7493,15975.0
4064_7631,15975.0
4065_4063,9915.0
4065_4066,9915.0
4065_4107,5655.0
4066_4065,9915.0
4066_4067,5655.0
4066_4075,9915.0
4067_1,999999.0
4067_4068,5655.0
4068_4069,5655.0
4068_4073,9915.0
4069_45,999999.0
4069_3990,5655.0
4070_45,999999.0
4070_3987,15480.0
4070_4071,15480.0
4071_3933,9915.0
4071_4070,15480.0
4071_4080,15480.0
4072_45,999999.0
4072_4071,9915.0
4073_1,999999.0
4073_4072,9915.0
4074_1377,999999.0
4074_3995,4515.0
4074_7599,4515.0
4075_1,999999.0
4075_4066,9915.0
4075_4079,9915.0
4076_4077,21240.0
4076_4100,5655.0
4077_4078,26550.0
4077_4102,15480.0
4078_4079,21240.0
4079_4075,9915.0
4079_8400,26550.0
4080_3935,26550.0
4080_4071,15480.0
4081_4043,4515.0
4081_7579,15975.0
4081_7629,15975.0
4082_3945,10575.0
4082_4172,4958.0
4082_8565,22650.0
4083_3757,10575.0
4083_3758,16493.0
4084_3949,16493.0
4084_4085,10575.0
4085_4088,15480.0
4085_4167,6330.0
4086_7524,5018.0
4086_7559,5018.0
4087_1380,999999.0
4087_7556,7988.0
4087_7557,7988.0
4088_3697,5655.0
4088_3698,9915.0
4089_4090,8820.0
4089_4091,9915.0
4090_4162,8820.0
4091_14,999999.0
4091_4092,9915.0
4092_3953,5655.0
4093_7619,7988.0
4093_8212,4515.0
4093_8221,9165.0
4094_1380,999999.0
4094_4097,5018.0
4094_7585,5018.0
4095_4156,5655.0
4096_3958,8820.0
4097_1375,999999.0
4097_4094,5018.0
4097_7583,5018.0
4098_1380,999999.0
4098_4101,5018.0
4098_8314,5018.0
4099_3048,71760.0
4100_3609,5655.0
4101_4098,5018.0
4101_4153,4515.0
4101_7583,5018.0
4102_4077,15480.0
4102_4150,9915.0
4103_5897,5258.0
4103_7616,6240.0
4103_7900,6240.0
4104_4066,5655.0
4105_1375,999999.0
4105_7581,5018.0
4105_7583,10035.0
4106_1375,999999.0
4106_3980,4515.0
4106_4108,4515.0
4107_3593,5655.0
4108_1255,999999.0
4108_4106,4515.0
4108_4112,4515.0
4109_4339,5655.0
4110_9192,6240.0
4110_11681,6240.0
4110_11682,6240.0
4110_12405,6240.0
4111_4143,5655.0
4112_4108,4515.0
4112_4115,5018.0
4112_7583,4515.0
4113_4054,5655.0
4114_1258,999999.0
4114_7575,5258.0
4114_7614,5258.0
4115_1255,999999.0
4115_4112,5018.0
4115_7574,5018.0
4116_4117,9915.0
4116_4139,5655.0
4117_4049,5655.0
4117_4118,9915.0
4118_4119,15480.0
4118_4135,5655.0
4119_4038,8820.0
4119_4120,9915.0
4120_4121,9915.0
4120_4131,5655.0
4121_4030,5655.0
4121_4122,9915.0
4122_4123,9915.0
4122_4127,5655.0
4123_4023,2828.0
4123_4124,9915.0
4123_4126,2828.0
4124_4021,10575.0
4125_195,999999.0
4125_4021,15480.0
4125_4022,10575.0
4125_4207,16493.0
4126_4123,2828.0
4126_4127,9915.0
4126_4208,3165.0
4127_4128,5655.0
4127_4130,15480.0
4128_4127,5655.0
4128_4209,6330.0
4129_1255,999999.0
4129_7574,5018.0
4129_9222,5018.0
4130_4121,8820.0
4130_4131,9915.0
4131_3707,5655.0
4131_4133,9915.0
4132_19,999999.0
4132_4133,5655.0
4133_4119,5655.0
4133_4134,9915.0
4134_19,999999.0
4134_4135,9915.0
4135_4136,5655.0
4135_4137,9915.0
4136_19,999999.0
4136_4204,5655.0
4137_4117,5655.0
4137_4138,9915.0
4138_4139,9915.0
4139_4140,5655.0
4139_4141,9915.0
4140_5,999999.0
4140_4200,5655.0
4141_5,999999.0
4141_4142,9915.0
4142_4113,5655.0
4142_4143,9915.0
4143_3594,9915.0
4143_3595,5655.0
4144_3592,5655.0
4144_4145,9915.0
4145_4,999999.0
4145_4146,9915.0
4146_3597,9915.0
4146_4147,5655.0
4147_7,999999.0
4147_4192,5655.0
4148_4104,5655.0
4148_4149,9915.0
4149_8,999999.0
4149_4150,9915.0
4150_4102,9915.0
4150_4151,9915.0
4150_4152,9915.0
4151_8,999999.0
4151_4150,9915.0
4151_4188,9915.0
4152_4154,9915.0
4152_4187,5655.0
4153_1225,999999.0
4153_4101,4515.0
4153_8453,4515.0
4154_11,999999.0
4154_4155,9915.0
4155_3608,9915.0
4155_3610,8820.0
4156_4159,9915.0
4156_4181,5655.0
4157_4165,18330.0
4157_5523,5258.0
4157_10050,18330.0
4158_13,999999.0
4158_4159,5655.0
4159_4160,5655.0
4159_4161,15480.0
4160_14,999999.0
4160_4092,5655.0
4161_14,999999.0
4161_4162,15480.0
4162_3611,15480.0
4163_3612,8820.0
4163_4164,9915.0
4164_4088,5655.0
4164_4167,10575.0
4165_1435,999999.0
4165_4157,18330.0
4166_4193,7988.0
4166_4206,14580.0
4167_4168,10575.0
4167_4175,6330.0
4168_3756,16493.0
4168_3759,16493.0
4169_4170,10575.0
4169_4171,16493.0
4170_38,999999.0
4170_4173,10575.0
4171_39,999999.0
4171_8568,15480.0
4172_2833,15480.0
4172_3206,3848.0
4172_4082,4958.0
4173_39,999999.0
4173_3754,7290.0
4173_4244,5288.0
4174_3755,16493.0
4174_4175,7290.0
4175_3751,7290.0
4175_3753,6330.0
4176_4164,6330.0
4176_4177,7290.0
4177_4178,8820.0
4178_4179,11858.0
4178_4239,5655.0
4179_4180,5655.0
4180_4158,5655.0
4180_4182,7590.0
4181_10,999999.0
4181_4182,5655.0
4182_4183,7590.0
4182_4236,5655.0
4183_10,999999.0
4183_4184,7590.0
4184_4185,5655.0
4184_4186,7590.0
4185_10,999999.0
4185_4155,5655.0
4186_9,999999.0
4186_4187,7590.0
4187_3607,5655.0
4187_4188,7590.0
4188_3725,7590.0
4188_4151,9915.0
4188_4231,9915.0
4189_8,999999.0
4189_3724,7590.0
4190_3604,7590.0
4190_3605,2828.0
4191_7,999999.0
4191_4148,2828.0
4192_4194,7590.0
4192_4228,6330.0
4193_6946,7988.0
4193_9164,999999.0
4194_3596,7590.0
4194_4195,5655.0
4195_6,999999.0
4195_4144,5655.0
4196_4197,7590.0
4196_4225,5655.0
4197_4198,5655.0
4197_4199,7590.0
4198_5,999999.0
4198_4142,5655.0
4199_5,999999.0
4199_4200,7590.0
4200_4201,7590.0
4200_4222,5655.0
4201_4202,5655.0
4202_4137,5655.0
4202_4138,2828.0
4203_4201,5655.0
4203_4204,2828.0
4204_4220,5655.0
4205_18,999999.0
4205_4130,5655.0
4206_3526,22748.0
4207_4125,16493.0
4207_4208,6330.0
4207_4212,16493.0
4208_4126,3165.0
4208_4209,6330.0
4209_4128,6330.0
4209_4210,9878.0
4210_3783,6330.0
4210_4211,6330.0
4211_4210,6330.0
4211_4212,6330.0
4211_4291,3165.0
4212_4207,16493.0
4212_4213,16493.0
4213_54,999999.0
4213_3782,16493.0
4213_4212,16493.0
4214_4216,6330.0
4214_4289,3165.0
4215_4206,4733.0
4215_4224,15975.0
4216_3706,5655.0
4216_4205,5655.0
4217_4218,5655.0
4217_4285,6330.0
4218_4132,5655.0
4218_4219,5655.0
4219_19,999999.0
4219_4220,5655.0
4220_4221,5655.0
4220_4280,6330.0
4221_3710,5655.0
4221_4203,5655.0
4222_3711,5655.0
4222_4223,5655.0
4223_4197,5655.0
4223_4225,6330.0
4224_3856,15975.0
4224_8164,999999.0
4225_3712,6330.0
4225_4273,6330.0
4226_4194,6330.0
4226_4227,6330.0
4227_24,999999.0
4227_4228,6330.0
4228_3719,6330.0
4228_3720,6330.0
4229_3722,2828.0
4229_3723,5655.0
4230_27,999999.0
4230_4231,5655.0
4231_4188,9915.0
4231_4232,5655.0
4231_4264,9915.0
4232_3606,5655.0
4232_4263,5655.0
4233_4234,5655.0
4233_4236,5655.0
4234_9,999999.0
4234_4184,5655.0
4235_1393,999999.0
4235_5719,6240.0
4235_12505,6240.0
4236_3736,5655.0
4236_3737,5655.0
4237_4179,5655.0
4237_4239,5655.0
4238_4255,15975.0
4238_8288,4733.0
4239_4240,5655.0
4239_4257,5655.0
4240_3752,6330.0
4240_4241,6330.0
4241_37,999999.0
4241_4242,6330.0
4242_3746,6330.0
4242_4251,6330.0
4243_4174,16493.0
4243_4244,6330.0
4244_4245,5655.0
4244_4249,10575.0
4245_39,999999.0
4245_8401,5655.0
4246_4247,2828.0
4246_4248,5655.0
4247_36,999999.0
4247_4323,2828.0
4248_35,999999.0
4248_4249,6330.0
4249_4250,6330.0
4249_4320,10575.0
4250_3744,16493.0
4250_3745,6330.0
4251_33,999999.0
4251_4252,6330.0
4252_4254,6330.0
4252_4318,6330.0
4253_5851,15975.0
4253_8288,4733.0
4254_3738,5655.0
4254_4240,5655.0
4255_4258,4733.0
4255_7814,15975.0
4256_4253,15975.0
4257_3740,5655.0
4257_4259,5655.0
4258_4255,4733.0
4258_4256,4733.0
4258_8396,33150.0
4259_3735,5655.0
4259_4260,5655.0
4260_30,999999.0
4260_4237,5655.0
4261_4262,5655.0
4261_4313,6330.0
4262_4233,5655.0
4262_4263,5655.0
4263_3731,5655.0
4263_3732,5655.0
4264_27,999999.0
4264_4231,9915.0
4264_4265,9915.0
4265_3734,9915.0
4265_4264,9915.0
4265_4266,5655.0
4266_27,999999.0
4266_4267,5655.0
4267_3721,6330.0
4267_4268,5655.0
4268_25,999999.0
4268_3726,6330.0
4269_4270,6330.0
4269_4307,6330.0
4270_24,999999.0
4270_4271,6330.0
4271_3713,6330.0
4271_4272,6330.0
4272_22,999999.0
4272_3718,6330.0
4273_22,999999.0
4273_4274,6330.0
4274_4276,6330.0
4274_4305,6330.0
4275_4258,51728.0
4275_8287,999999.0
4276_4223,6330.0
4276_4278,5655.0
4277_5844,32415.0
4277_6898,999999.0
4278_3708,5655.0
4278_4303,5655.0
4279_3709,5655.0
4279_4280,6330.0
4280_4281,6330.0
4280_4282,6330.0
4281_20,999999.0
4281_4301,6330.0
4282_20,999999.0
4282_4284,6330.0
4283_20,999999.0
4283_4284,6330.0
4284_4218,6330.0
4284_4285,6330.0
4285_4287,6330.0
4285_4298,6330.0
4286_4288,8715.0
4286_4918,14055.0
4286_4919,14055.0
4287_4216,5655.0
4287_4289,6330.0
4288_4286,8715.0
4288_4332,8715.0
4288_6129,8715.0
4289_3781,6330.0
4289_4295,4358.0
4290_4938,21915.0
4291_4211,3165.0
4291_4294,3165.0
4292_3782,16493.0
4292_4293,16493.0
4293_4292,16493.0
4293_4359,16493.0
4293_6689,8535.0
4294_4291,3165.0
4294_4295,8715.0
4294_5665,4358.0
4295_4289,4358.0
4295_4296,8715.0
4295_4360,4358.0
4296_58,999999.0
4296_4297,8715.0
4297_4287,8715.0
4297_4298,8715.0
4298_4299,6330.0
4298_4362,6330.0
4299_4283,6330.0
4299_4300,6330.0
4300_20,999999.0
4300_4301,6330.0
4301_4302,6330.0
4301_4364,6330.0
4302_4279,5655.0
4302_4303,5655.0
4303_4304,6330.0
4303_4366,6330.0
4304_3714,6330.0
4304_4276,6330.0
4305_3715,6330.0
4305_4306,6330.0
4306_4271,6330.0
4306_4307,6330.0
4307_3727,6330.0
4307_3729,6330.0
4308_4267,6330.0
4308_4309,5655.0
4309_3733,5655.0
4309_3734,9915.0
4309_4372,9915.0
4310_4311,5655.0
4310_4373,5655.0
4311_4262,6330.0
4311_4312,6330.0
4312_31,999999.0
4312_4313,6330.0
4313_4314,6330.0
4313_4315,6330.0
4314_31,999999.0
4314_4377,6330.0
4315_4259,5655.0
4315_4316,5655.0
4316_3741,5655.0
4316_4379,5655.0
4317_3742,5655.0
4317_3747,6330.0
4318_3749,6330.0
4318_4319,6330.0
4319_4250,16493.0
4319_4321,6330.0
4320_35,999999.0
4320_4321,10575.0
4321_4322,6330.0
4321_4383,10575.0
4322_35,999999.0
4322_4323,6330.0
4323_4385,3165.0
4323_8402,5655.0
4324_3785,14055.0
4324_4385,14055.0
4324_8569,9915.0
4325_3784,4358.0
4325_3785,10575.0
4325_4326,5288.0
4325_4383,5288.0
4326_4327,3165.0
4326_4382,10575.0
4327_4328,3165.0
4327_4410,6330.0
4328_4329,3165.0
4328_4380,6330.0
4329_3867,8715.0
4329_4330,4358.0
4330_3787,8715.0
4330_3788,4358.0
4331_4002,5655.0
4331_4336,9915.0
4332_4288,8715.0
4332_4333,8715.0
4332_4959,4358.0
4333_4332,8715.0
4333_4334,8715.0
4333_4961,4358.0
4334_4333,8715.0
4334_4957,21915.0
4334_4962,21915.0
4335_47,999999.0
4335_4336,5655.0
4336_3774,9915.0
4336_4338,5655.0
4337_900,999999.0
4337_2472,4050.0
4337_7639,4050.0
4338_4054,9915.0
4338_4111,5655.0
4338_4339,9915.0
4339_4063,9915.0
4339_4338,9915.0
4339_4340,5655.0
4340_2,999999.0
4340_4056,5655.0
4341_4342,4358.0
4342_4343,3165.0
4342_4374,6330.0
4343_3869,8715.0
4343_4344,2828.0
4344_4345,3165.0
4344_4372,9915.0
4344_4476,14055.0
4345_4346,3165.0
4345_4371,6330.0
4346_3865,6330.0
4346_4347,3165.0
4347_3864,4358.0
4347_4369,3165.0
4348_3792,4358.0
4349_3790,4358.0
4349_4350,4358.0
4350_3863,4358.0
4350_4351,4358.0
4351_4352,3165.0
4351_4365,3165.0
4352_4353,3165.0
4352_4504,8715.0
4353_4354,6330.0
4353_4363,6330.0
4354_4353,3165.0
4354_4355,8715.0
4355_3840,4358.0
4355_3857,4358.0
4355_4354,4358.0
4356_4357,4358.0
4356_4521,4358.0
4357_3861,4358.0
4357_5665,4358.0
4358_3472,3848.0
4358_3902,21915.0
4358_4359,21915.0
4359_59,999999.0
4359_4293,16493.0
4359_4358,21915.0
4360_3849,4358.0
4360_4295,4358.0
4360_5665,8715.0
4361_4297,8715.0
4361_4360,8715.0
4362_4354,4358.0
4362_4361,8715.0
4363_4299,6330.0
4363_4362,6330.0
4364_4352,6330.0
4364_4363,6330.0
4365_4302,5655.0
4365_4364,6330.0
4366_4350,4358.0
4366_4365,8715.0
4367_3717,6330.0
4367_4366,8715.0
4368_3716,6330.0
4368_3791,4358.0
4369_3793,6330.0
4369_4306,6330.0
4370_4346,6330.0
4370_4369,6330.0
4371_3728,6330.0
4371_3730,6330.0
4372_4309,9915.0
4372_4344,9915.0
4372_4371,6330.0
4373_4343,5655.0
4373_4372,5655.0
4374_4373,6330.0
4374_4375,6330.0
4375_31,999999.0
4375_4311,6330.0
4376_31,999999.0
4376_4374,6330.0
4377_3789,8715.0
4377_4376,8715.0
4378_3786,8715.0
4378_4315,8715.0
4379_4329,5655.0
4379_4378,8715.0
4380_3748,6330.0
4380_4379,5655.0
4381_3750,6330.0
4381_4327,6330.0
4382_4319,16493.0
4382_4381,6330.0
4383_4325,5288.0
4383_4382,6330.0
4384_4533,24930.0
4384_4550,24930.0
4385_4383,10575.0
4386_24,999999.0
4386_4269,6330.0
4387_2849,21915.0
4387_4388,14055.0
4387_5708,14055.0
4388_4387,21915.0
4388_5701,8715.0
4388_5706,14055.0
4389_4390,4358.0
4389_4392,4358.0
4389_4409,8715.0
4389_5701,8715.0
4390_82,999999.0
4390_4389,4358.0
4390_5700,8715.0
4391_4392,8100.0
4391_4417,7028.0
4391_5706,14055.0
4392_4389,4358.0
4392_4416,4358.0
4392_5703,8715.0
4393_4394,8715.0
4393_4415,4358.0
4394_4406,4358.0
4394_5692,8715.0
4395_3349,999999.0
4395_4396,8715.0
4395_5691,4358.0
4396_3874,8715.0
4396_4412,4358.0
4397_3871,8715.0
4397_4398,8715.0
4397_4411,8715.0
4398_3347,4358.0
4398_4326,6330.0
4398_4410,4358.0
4399_3347,999999.0
4399_3784,4358.0
4399_4400,4358.0
4399_5649,4358.0
4400_3871,8715.0
4400_3872,8715.0
4400_4399,4358.0
4400_4401,8715.0
4401_4400,8715.0
4401_5649,4358.0
4401_5695,8715.0
4402_2847,3735.0
4402_5694,4358.0
4402_5696,8715.0
4403_3872,8715.0
4403_3873,4358.0
4403_4404,8715.0
4404_3348,8715.0
4404_4403,8715.0
4404_5629,4358.0
4405_3679,3735.0
4405_4402,12645.0
4406_3348,999999.0
4406_4407,4358.0
4406_4409,8715.0
4407_4405,8715.0
4408_5699,8715.0
4408_5702,4358.0
4409_4389,8715.0
4409_4406,8715.0
4409_5693,4358.0
4410_4398,4358.0
4410_4411,4358.0
4410_4427,4358.0
4411_3875,4358.0
4411_4397,8715.0
4411_4426,8715.0
4412_4413,4358.0
4412_5689,4358.0
4413_3350,4358.0
4413_4395,4358.0
4414_3350,999999.0
4414_4394,4358.0
4414_4415,4358.0
4415_4416,4358.0
4415_5704,4358.0
4416_4392,4358.0
4416_4417,4358.0
4416_5705,4358.0
4417_4391,7028.0
4417_4420,7028.0
4418_5726,10035.0
4418_5727,10035.0
4418_5728,10035.0
4419_4436,14055.0
4419_5707,8715.0
4419_5708,14055.0
4419_9272,10035.0
4420_4417,7028.0
4420_4421,4358.0
4420_4435,7028.0
4421_4422,4358.0
4421_4434,4358.0
4421_5705,4358.0
4422_4423,4358.0
4422_4433,4358.0
4423_4424,4358.0
4423_5690,4358.0
4424_4413,4358.0
4424_4425,4358.0
4425_3876,4358.0
4425_3879,4358.0
4426_3877,8715.0
4426_4411,8715.0
4426_4427,4358.0
4427_4328,6330.0
4427_4410,4358.0
4427_4428,4358.0
4428_3352,4358.0
4428_4427,4358.0
4428_4429,4358.0
4429_3877,8715.0
4429_3878,4358.0
4429_4445,8715.0
4430_4431,4358.0
4430_4444,4358.0
4431_3355,4358.0
4431_4424,4358.0
4432_3355,999999.0
4432_4423,4358.0
4432_4433,4358.0
4433_3362,4358.0
4433_3363,4358.0
4434_3198,4358.0
4434_3362,999999.0
4434_4421,4358.0
4434_4435,4358.0
4435_3198,14055.0
4435_4420,7028.0
4435_4436,4358.0
4436_4419,14055.0
4436_4437,8715.0
4436_4439,14055.0
4437_4438,15975.0
4437_9272,15975.0
4438_4437,15975.0
4438_4439,4358.0
4438_4456,14055.0
4439_4436,14055.0
4439_4455,14055.0
4439_5628,4358.0
4440_3198,999999.0
4440_4441,4358.0
4440_4453,14055.0
4440_4454,4358.0
4441_3363,999999.0
4441_4442,4358.0
4441_4452,4358.0
4442_4432,4358.0
4442_4443,4358.0
4443_4431,4358.0
4443_4444,4358.0
4444_3880,4358.0
4444_4449,4358.0
4445_4429,8715.0
4445_4446,4358.0
4445_4448,8715.0
4446_3352,999999.0
4446_3868,8715.0
4446_4447,4358.0
4447_4446,4358.0
4447_4448,4358.0
4447_4476,4358.0
4448_3881,4358.0
4448_3883,8715.0
4448_4445,8715.0
4449_3882,4358.0
4449_4450,4358.0
4450_4451,4358.0
4450_5687,4358.0
4451_4452,4358.0
4451_5688,4358.0
4452_4453,4358.0
4452_4465,4358.0
4453_4440,14055.0
4453_4454,4050.0
4453_4464,14055.0
4454_4440,4358.0
4454_4463,4358.0
4454_5709,4358.0
4455_4439,14055.0
4455_4456,14055.0
4456_4438,14055.0
4456_4455,14055.0
4456_4459,14055.0
4457_3370,999999.0
4457_4492,10035.0
4457_5724,34260.0
4457_5726,10035.0
4458_94,999999.0
4458_5724,34260.0
4458_9151,34260.0
4459_4456,14055.0
4459_4460,14055.0
4459_4461,14055.0
4459_5626,21915.0
4460_4456,7028.0
4460_4459,21915.0
4460_5710,14055.0
4461_4459,14055.0
4461_4491,14055.0
4461_5711,4358.0
4462_3364,4358.0
4462_4463,4358.0
4462_5712,4358.0
4463_4454,4358.0
4463_4462,4358.0
4463_4464,14055.0
4463_5710,14055.0
4464_3364,4358.0
4464_4453,14055.0
4464_4463,14055.0
4464_4465,14055.0
4465_4464,14055.0
4465_4468,14055.0
4465_5683,3165.0
4466_4467,3165.0
4466_4487,3165.0
4467_4468,3165.0
4467_4470,3165.0
4468_4451,4358.0
4468_4465,14055.0
4468_5686,14055.0
4469_4450,4358.0
4469_4472,14055.0
4469_5686,14055.0
4470_4469,3165.0
4470_4471,3165.0
4471_3885,3165.0
4471_5682,3165.0
4472_3884,14055.0
4472_4469,14055.0
4472_4471,3165.0
4473_3883,8715.0
4473_3884,14055.0
4473_4474,8715.0
4473_4476,14055.0
4474_4473,8715.0
4474_4475,4358.0
4474_4479,8715.0
4475_4345,6330.0
4475_4476,4358.0
4475_4477,4358.0
4476_4344,14055.0
4476_4447,4358.0
4476_4473,14055.0
4476_4475,4358.0
4477_3866,4358.0
4477_4475,4358.0
4477_4479,4358.0
4478_3866,4358.0
4478_3891,4358.0
4478_4480,4358.0
4479_3888,8715.0
4479_4474,8715.0
4479_4481,4358.0
4480_3887,4358.0
4480_3888,8715.0
4480_3889,8715.0
4481_3886,3165.0
4481_4483,3165.0
4482_4484,4358.0
4482_5679,4358.0
4483_4485,3165.0
4483_5685,3165.0
4484_4486,4358.0
4484_5630,4358.0
4485_4487,3165.0
4485_5684,3645.0
4486_4488,4358.0
4486_5631,4358.0
4487_13293,999999.0
4487_13294,999999.0
4488_4490,4358.0
4488_4499,4358.0
4489_5627,4358.0
4489_5712,4358.0
4489_5713,4358.0
4490_4498,4358.0
4490_5713,4358.0
4491_4461,14055.0
4491_5722,14055.0
4492_4457,10035.0
4492_4495,10035.0
4492_5725,15660.0
4493_3684,9030.0
4493_5723,8715.0
4493_5725,15660.0
4493_9151,4515.0
4494_5714,14055.0
4494_5722,14055.0
4494_5723,8715.0
4495_4001,10035.0
4495_4003,10035.0
4495_4492,10035.0
4496_2912,10035.0
4496_3684,9030.0
4496_3685,10035.0
4496_4003,10035.0
4497_3366,999999.0
4497_4511,14055.0
4497_5714,14055.0
4497_13289,8715.0
4498_4490,4358.0
4498_4499,4358.0
4498_4510,4358.0
4499_4500,4358.0
4499_4509,4358.0
4500_4501,4358.0
4500_5680,4358.0
4501_4484,4358.0
4501_5646,4358.0
4502_3889,8715.0
4502_3890,4358.0
4502_4505,8715.0
4503_3891,4358.0
4503_4351,4358.0
4503_4504,4358.0
4504_3892,4358.0
4504_4503,4358.0
4504_4520,4358.0
4505_4502,8715.0
4505_4506,4358.0
4505_4519,8715.0
4506_4507,4358.0
4506_4518,4358.0
4507_3358,4358.0
4507_4501,4358.0
4508_3358,999999.0
4508_4500,4358.0
4508_4509,4358.0
4509_4510,4358.0
4509_4515,4358.0
4510_4498,4358.0
4510_4514,4358.0
4510_5715,4358.0
4511_4497,14055.0
4511_4512,15975.0
4512_4511,15975.0
4512_4513,15975.0
4512_13290,4358.0
4513_4512,15975.0
4513_5716,5018.0
4513_5720,15975.0
4514_4510,4358.0
4514_4515,4358.0
4514_4532,4358.0
4515_4516,4358.0
4515_4530,4358.0
4516_4508,4358.0
4516_5678,4358.0
4517_4507,4358.0
4517_4518,4358.0
4518_4519,4358.0
4518_4524,4358.0
4519_4505,8715.0
4519_4520,4358.0
4519_4522,13590.0
4520_4353,8715.0
4520_4504,4358.0
4520_4521,4358.0
4521_4520,4358.0
4521_4523,4358.0
4521_5669,4358.0
4522_4519,13590.0
4522_4523,13590.0
4522_5667,8100.0
4523_4522,13590.0
4523_4525,4358.0
4523_5666,13590.0
4524_4526,8100.0
4524_5667,8100.0
4524_5673,4358.0
4525_4527,4358.0
4525_4540,4358.0
4526_4517,4358.0
4526_4524,8100.0
4526_5677,8100.0
4527_4529,4358.0
4527_5674,4358.0
4528_4516,4358.0
4528_4530,8100.0
4528_5677,8100.0
4529_4531,4358.0
4529_5675,4358.0
4530_4528,8100.0
4530_4532,8100.0
4530_5676,4358.0
4531_4537,4358.0
4532_4514,4358.0
4532_4530,8100.0
4532_4536,4358.0
4533_4000,10035.0
4533_4001,10035.0
4533_4384,24930.0
4534_97,999999.0
4534_2912,10035.0
4534_4000,10035.0
4534_13318,10035.0
4535_4550,15975.0
4535_5717,5018.0
4535_5720,15975.0
4535_5721,10035.0
4536_4532,4358.0
4536_4549,4358.0
4536_5717,4358.0
4537_4536,4358.0
4538_4529,4358.0
4538_4537,4358.0
4539_4527,4358.0
4539_4540,8715.0
4539_5672,4358.0
4540_4539,8715.0
4540_4541,8715.0
4540_4545,4358.0
4541_4540,8715.0
4541_4542,4358.0
4541_4544,13590.0
4541_5666,13590.0
4542_3860,4358.0
4542_3861,4358.0
4542_4541,4358.0
4542_5669,4358.0
4543_61,999999.0
4543_3859,21915.0
4543_3860,4358.0
4543_5668,14055.0
4544_70,999999.0
4544_4541,13590.0
4544_4545,14055.0
4544_5668,14055.0
4545_71,999999.0
4545_4544,14055.0
4545_5670,15975.0
4546_4539,4050.0
4546_5670,15975.0
4546_5671,15975.0
4547_72,999999.0
4547_4538,4358.0
4547_4548,15975.0
4547_5671,15975.0
4548_2856,3735.0
4548_4547,15975.0
4548_4549,15975.0
4549_4536,4358.0
4549_4548,15975.0
4549_5718,15975.0
4550_4384,24930.0
4550_4535,15975.0
4550_5622,15975.0
4551_3945,10575.0
4551_4754,10575.0
4551_4761,10575.0
4552_3202,14055.0
4552_8579,15975.0
4553_4566,10035.0
4553_5754,15975.0
4553_8579,15975.0
4554_5732,15975.0
4554_5754,15975.0
4554_5755,7988.0
4555_3380,15975.0
4555_5732,15975.0
4555_5734,5018.0
4556_3380,15975.0
4556_5731,15975.0
4556_9258,15975.0
4557_1699,24930.0
4557_4558,15975.0
4557_5731,15975.0
4557_9256,24930.0
4558_1609,24930.0
4558_4557,15975.0
4558_9206,15975.0
4559_8620,5018.0
4560_107,999999.0
4560_1609,24930.0
4560_3381,24930.0
4561_2952,15975.0
4561_3381,999999.0
4561_5730,5018.0
4562_3193,8715.0
4562_5648,4358.0
4562_6219,4358.0
4562_6221,8715.0
4563_3376,15660.0
4563_5661,24930.0
4563_5733,24930.0
4563_5735,24930.0
4564_3743,5018.0
4564_4571,4358.0
4564_5729,7988.0
4564_5735,24930.0
4565_2953,7028.0
4565_4567,7028.0
4565_4570,4358.0
4565_5729,7988.0
4566_119,999999.0
4566_4553,10035.0
4566_4587,8715.0
4567_4565,7028.0
4567_4568,7028.0
4567_4569,8100.0
4568_4567,7028.0
4568_4569,4358.0
4568_5744,7028.0
4568_12481,7988.0
4569_4568,4358.0
4569_5740,4358.0
4569_5742,4358.0
4570_3377,999999.0
4570_3378,4358.0
4570_4565,4358.0
4570_5740,4358.0
4571_111,999999.0
4571_4564,4358.0
4571_4572,4358.0
4572_3378,999999.0
4572_4571,4358.0
4572_5736,4358.0
4572_13288,4358.0
4573_3376,999999.0
4573_5734,5018.0
4573_5736,4358.0
4573_5737,13590.0
4574_5737,13590.0
4574_5738,7028.0
4574_5755,7028.0
4574_5756,8715.0
4575_5738,7028.0
4575_5751,7028.0
4575_5752,4358.0
4575_6053,4358.0
4576_3379,999999.0
4576_5748,7028.0
4576_5750,4358.0
4576_13287,4358.0
4577_5741,7028.0
4577_5748,7028.0
4577_5749,4358.0
4578_5741,7028.0
4578_5742,4358.0
4578_5743,7028.0
4579_1987,7028.0
4579_5743,7028.0
4579_5744,7028.0
4579_5745,7028.0
4580_4581,7028.0
4580_5745,7028.0
4580_5747,4358.0
4581_4580,7028.0
4581_4582,7028.0
4581_4583,7028.0
4581_10101,7028.0
4582_4581,7028.0
4582_4637,14055.0
4582_5765,4358.0
4583_3373,4358.0
4583_4581,7028.0
4583_4594,7028.0
4583_5765,4358.0
4584_3373,999999.0
4584_5746,4358.0
4584_5747,4358.0
4584_5763,4358.0
4585_4586,4358.0
4585_5746,4358.0
4585_5749,4358.0
4585_5762,4358.0
4586_3375,999999.0
4586_4585,4358.0
4586_5750,4358.0
4586_5757,4358.0
4587_4566,8715.0
4587_4588,8715.0
4587_5756,8715.0
4588_4587,8715.0
4588_5752,4358.0
4588_5753,8715.0
4589_5753,8715.0
4589_5757,4358.0
4589_5758,8715.0
4590_5758,8715.0
4590_5759,4050.0
4590_5774,8715.0
4591_4598,4358.0
4591_5759,4050.0
4591_5760,4358.0
4591_5761,4050.0
4592_4593,4050.0
4592_4597,4358.0
4592_5761,4050.0
4592_5762,4358.0
4593_3374,4050.0
4593_4592,4050.0
4593_4596,4358.0
4593_5763,4358.0
4594_122,999999.0
4594_4583,7028.0
4594_5764,7028.0
4595_2907,7028.0
4595_4633,7028.0
4595_4634,4050.0
4595_5766,4358.0
4596_4593,4358.0
4596_4597,4358.0
4596_5766,4358.0
4596_5767,4358.0
4597_4592,4358.0
4597_4596,4358.0
4597_4598,4358.0
4597_4600,4358.0
4598_4591,4358.0
4598_4597,4358.0
4598_5773,4358.0
4599_4604,4358.0
4599_5772,4358.0
4599_5774,8715.0
4600_4597,4358.0
4600_4601,4050.0
4600_5770,4358.0
4600_5771,4050.0
4601_4600,4050.0
4601_4602,4358.0
4601_5767,4358.0
4601_5768,4050.0
4602_3384,999999.0
4602_4601,4358.0
4602_5916,4050.0
4602_5917,4358.0
4603_3384,4358.0
4603_4613,4358.0
4603_5771,4050.0
4604_4599,4358.0
4604_4605,4358.0
4604_5770,4358.0
4604_5773,4358.0
4605_2910,4358.0
4605_4604,4358.0
4605_4606,8715.0
4606_4605,8715.0
4606_4607,8715.0
4606_5772,7028.0
4607_4606,8715.0
4607_4613,4358.0
4607_8577,21915.0
4608_5695,8715.0
4608_5696,8715.0
4608_5697,8715.0
4608_5698,21915.0
4609_4764,8715.0
4609_5775,8715.0
4609_5778,14055.0
4610_4614,14055.0
4610_4615,14055.0
4610_5775,8715.0
4611_4612,4358.0
4611_4615,8715.0
4612_4611,4358.0
4612_5780,4050.0
4612_5781,4358.0
4613_2910,4358.0
4613_4603,4358.0
4613_4607,4358.0
4613_5781,4358.0
4614_4610,14055.0
4614_4615,14055.0
4614_4723,13590.0
4615_4610,14055.0
4615_4614,14055.0
4615_4616,14055.0
4616_4615,14055.0
4616_4617,7028.0
4617_4616,7028.0
4617_4697,4050.0
4617_5779,7028.0
4617_5780,4050.0
4618_4619,8100.0
4618_4628,4358.0
4618_5779,7028.0
4619_4620,8100.0
4619_4627,4358.0
4619_4697,4358.0
4620_4621,8100.0
4620_4626,21915.0
4621_4622,8100.0
4621_4699,21915.0
4622_4623,8100.0
4622_4624,14055.0
4622_4700,14055.0
4623_4624,4050.0
4623_4701,4050.0
4624_4622,14055.0
4624_4623,4050.0
4624_4625,8100.0
4624_5954,14055.0
4625_4621,21915.0
4625_4626,8100.0
4626_3388,999999.0
4626_4627,8100.0
4627_4619,4358.0
4627_4628,14055.0
4627_5935,4358.0
4628_4618,4358.0
4628_4629,7028.0
4629_4628,7028.0
4629_5915,7028.0
4629_5916,4050.0
4630_4631,7028.0
4630_5915,7028.0
4630_5918,4050.0
4630_5919,4050.0
4631_4630,7028.0
4631_4632,7028.0
4631_5917,4358.0
4632_4631,7028.0
4632_4648,4050.0
4632_5768,4050.0
4632_5769,7028.0
4633_4595,7028.0
4633_4634,7028.0
4633_5769,7028.0
4634_4595,4050.0
4634_4633,7028.0
4634_4635,7028.0
4634_4647,4358.0
4635_2907,4050.0
4635_2931,7028.0
4635_4634,7028.0
4636_2931,7028.0
4636_4637,7028.0
4636_5926,4358.0
4637_4582,14055.0
4637_4636,7028.0
4637_4638,7028.0
4637_4639,7028.0
4638_1723,7028.0
4638_4637,7028.0
4638_4639,4050.0
4639_3390,999999.0
4639_4637,7028.0
4639_4638,4050.0
4639_8387,14055.0
4640_4641,14055.0
4640_4643,4050.0
4640_8387,14055.0
4641_1759,4358.0
4641_4640,14055.0
4641_5928,4358.0
4641_5929,14055.0
4642_3395,999999.0
4642_4643,4358.0
4642_4645,4358.0
4642_5928,4358.0
4643_3390,4358.0
4643_4640,4050.0
4643_4642,4358.0
4643_5927,4050.0
4644_5924,4358.0
4644_5925,4050.0
4644_5926,4358.0
4644_5927,4050.0
4645_4642,4358.0
4645_4655,4358.0
4645_5633,4358.0
4645_5924,4358.0
4646_4654,4358.0
4646_5633,4358.0
4646_5922,4358.0
4646_5923,4358.0
4647_3389,999999.0
4647_4634,4358.0
4647_5922,4358.0
4647_5925,4050.0
4648_3389,4050.0
4648_4632,4050.0
4648_5918,4050.0
4648_5920,4050.0
4649_4653,4050.0
4649_5920,4050.0
4649_5921,4358.0
4649_5923,4358.0
4650_4651,4358.0
4650_4652,4050.0
4650_5921,4358.0
4651_4650,4358.0
4651_5919,4050.0
4651_5935,4358.0
4652_5932,4050.0
4652_5934,21915.0
4653_4649,4050.0
4653_4654,21915.0
4653_4662,4050.0
4654_2908,21915.0
4654_4646,4358.0
4654_4661,4358.0
4655_4645,4358.0
4655_4656,21915.0
4655_5931,4358.0
4656_3395,4358.0
4656_4659,4358.0
4656_5930,21915.0
4657_4658,14055.0
4657_5929,14055.0
4658_4657,14055.0
4658_4659,21915.0
4658_4669,14055.0
4659_4656,4358.0
4659_4660,21915.0
4659_4668,4358.0
4660_2909,21915.0
4660_4667,4358.0
4660_5931,4358.0
4661_4654,4358.0
4661_4662,21915.0
4661_4666,4358.0
4662_4653,4050.0
4662_4665,4050.0
4662_5933,21915.0
4663_4625,21915.0
4663_4664,4050.0
4663_5932,4050.0
4664_4663,4050.0
4664_4665,14055.0
4664_5953,4358.0
4664_5954,14055.0
4665_3393,14055.0
4665_4662,4050.0
4665_4664,14055.0
4665_5955,8100.0
4666_2929,8715.0
4666_3393,7470.0
4666_4661,4358.0
4666_5956,4358.0
4667_3394,999999.0
4667_4660,4358.0
4667_4668,14055.0
4667_5958,4358.0
4668_3397,4358.0
4668_4659,4358.0
4668_4667,14055.0
4668_5963,14055.0
4669_1760,21915.0
4669_4658,14055.0
4669_5963,14055.0
4669_5971,14055.0
4670_5962,14055.0
4670_5964,4050.0
4670_5971,14055.0
4671_3397,999999.0
4671_4679,4358.0
4671_5960,4050.0
4671_5964,4050.0
4672_5636,4050.0
4672_5958,4358.0
4672_5959,4358.0
4672_5960,4050.0
4673_2084,15975.0
4673_5967,14055.0
4673_5968,14055.0
4673_5970,14055.0
4674_5965,18330.0
4674_5966,9165.0
4674_6320,9165.0
4675_3195,999999.0
4675_5973,18330.0
4675_6011,5258.0
4675_9044,4050.0
4676_4679,4050.0
4676_5962,14055.0
4676_5972,14055.0
4677_5972,14055.0
4677_5973,7028.0
4677_5974,14055.0
4677_5975,4358.0
4678_4679,4358.0
4678_4680,4358.0
4678_5975,4358.0
4679_4671,4358.0
4679_4676,4050.0
4679_4678,4358.0
4679_4680,4050.0
4680_4678,4358.0
4680_4679,4050.0
4680_4681,4050.0
4680_4682,4358.0
4681_4680,4050.0
4681_4682,4050.0
4681_4683,4050.0
4681_5977,4358.0
4682_4680,4358.0
4682_4681,4050.0
4682_5961,4358.0
4683_4681,4050.0
4683_5978,4358.0
4683_6002,4050.0
4683_6003,4358.0
4684_5959,4358.0
4684_5961,4358.0
4684_5978,4358.0
4684_5979,4358.0
4685_4686,4358.0
4685_5979,4358.0
4685_5980,8100.0
4686_3208,999999.0
4686_4685,4358.0
4686_5636,4050.0
4686_5956,4358.0
4687_3208,4358.0
4687_4691,4050.0
4687_5981,4358.0
4688_3403,999999.0
4688_4689,4050.0
4688_4772,4358.0
4688_5981,4358.0
4689_4688,4050.0
4689_4690,14055.0
4689_6001,14055.0
4690_3399,4358.0
4690_4689,14055.0
4690_4710,14055.0
4690_6000,7028.0
4691_3399,999999.0
4691_4687,4050.0
4691_4709,4050.0
4691_5982,4358.0
4692_4694,4358.0
4692_5982,4358.0
4692_5984,4050.0
4692_5985,4050.0
4693_5955,8100.0
4693_5957,4358.0
4693_5983,4358.0
4694_4692,4358.0
4694_4695,4358.0
4694_5983,4358.0
4695_4694,4358.0
4695_4696,4358.0
4695_5953,4358.0
4696_4695,4358.0
4696_5951,4358.0
4696_5988,4358.0
4697_4617,4050.0
4697_4619,4358.0
4697_4722,4358.0
4697_5936,4050.0
4698_4620,21915.0
4698_4699,4050.0
4698_5936,4050.0
4699_4698,4050.0
4699_4700,4050.0
4699_4720,21915.0
4700_4622,14055.0
4700_4699,4050.0
4700_4701,4050.0
4700_4719,14055.0
4701_4623,4050.0
4701_4700,4050.0
4701_4718,4050.0
4701_5952,4050.0
4702_4703,4050.0
4702_4717,4050.0
4702_5952,4050.0
4703_3197,4358.0
4703_4702,4050.0
4703_5951,4358.0
4703_5989,4358.0
4704_3197,7028.0
4704_4705,7028.0
4704_5989,4358.0
4705_4704,7028.0
4705_4706,14055.0
4705_4715,4050.0
4705_5987,4050.0
4706_4705,14055.0
4706_4707,14055.0
4707_4706,14055.0
4707_4709,4050.0
4707_4710,14055.0
4708_5985,4050.0
4708_5986,4358.0
4708_5987,4050.0
4708_5988,4358.0
4709_4691,4050.0
4709_4707,4050.0
4709_4710,4358.0
4709_5986,4358.0
4710_4690,14055.0
4710_4707,14055.0
4710_4709,4358.0
4710_5991,14055.0
4711_3180,999999.0
4711_3401,14055.0
4711_5991,14055.0
4711_6000,7028.0
4712_3402,999999.0
4712_4713,4050.0
4712_5998,8715.0
4712_6034,14055.0
4713_4712,4050.0
4713_5990,4050.0
4713_5993,4050.0
4714_4715,4050.0
4714_5990,4050.0
4714_5992,4050.0
4715_3400,3735.0
4715_4714,4050.0
4715_4732,4050.0
4716_3197,999999.0
4716_4717,8100.0
4716_4728,14055.0
4717_4702,4050.0
4717_4718,8100.0
4717_4728,4050.0
4718_4701,4050.0
4718_4719,8100.0
4718_5949,4050.0
4719_4700,14055.0
4719_4720,8100.0
4719_5938,14055.0
4720_4721,8100.0
4720_4725,21915.0
4721_3386,999999.0
4721_4722,8100.0
4722_4616,8100.0
4722_4697,4358.0
4722_5939,4358.0
4723_4614,13590.0
4723_4724,21915.0
4723_5777,4358.0
4723_5939,4358.0
4724_4721,21915.0
4724_4723,21915.0
4724_5937,21915.0
4725_4726,21915.0
4725_4740,21915.0
4725_5937,21915.0
4726_4725,21915.0
4726_4727,21915.0
4726_4739,14055.0
4726_5938,14055.0
4727_4726,21915.0
4727_4729,21915.0
4727_4730,4358.0
4727_5949,4358.0
4728_4716,14055.0
4728_4717,4050.0
4728_5948,8715.0
4728_5950,14055.0
4729_4727,21915.0
4729_4730,8715.0
4729_5948,8715.0
4730_4727,4358.0
4730_4729,8715.0
4730_4737,4358.0
4730_4738,8715.0
4731_159,999999.0
4731_4714,4050.0
4732_4734,4050.0
4732_6033,4050.0
4733_3203,21915.0
4733_6034,14055.0
4733_6035,14055.0
4734_4732,4050.0
4734_4735,14055.0
4734_6035,14055.0
4735_4736,14055.0
4735_5637,7028.0
4736_4737,14055.0
4736_5944,14055.0
4737_4730,4358.0
4737_4738,14055.0
4737_5946,4358.0
4738_4730,8715.0
4738_4739,10575.0
4738_4748,8100.0
4739_4726,14055.0
4739_4747,10575.0
4739_5942,10575.0
4740_4741,10575.0
4740_4746,16493.0
4741_4724,21915.0
4741_4742,10575.0
4742_4744,8715.0
4742_5776,14055.0
4742_5777,4358.0
4743_4744,14055.0
4743_5778,14055.0
4744_2832,9915.0
4744_4742,8715.0
4744_4745,10575.0
4745_4741,16493.0
4745_4746,10575.0
4746_5941,22650.0
4746_5943,10575.0
4747_4739,10575.0
4747_4748,10575.0
4747_4761,10575.0
4748_4738,8100.0
4748_4749,14055.0
4749_4757,4358.0
4749_5945,14055.0
4749_5946,4358.0
4750_4751,14055.0
4750_4756,7028.0
4751_4735,14055.0
4751_5996,7028.0
4752_5994,14055.0
4753_4751,14055.0
4753_4756,8715.0
4753_5995,8715.0
4754_2833,9915.0
4754_2834,21240.0
4755_3644,999999.0
4755_4753,14055.0
4755_4756,7028.0
4756_4750,7028.0
4756_4755,7028.0
4756_5947,8715.0
4757_4749,4358.0
4757_4758,8715.0
4758_4755,8715.0
4758_4760,4358.0
4759_4551,22650.0
4759_4760,10575.0
4760_4758,4358.0
4760_4759,10575.0
4760_4761,6330.0
4761_4551,10575.0
4761_4747,10575.0
4761_4760,6330.0
4761_5940,3165.0
4762_4754,22650.0
4762_4763,3165.0
4762_5940,3165.0
4763_4745,16493.0
4763_4762,3165.0
4764_2830,3735.0
4764_4609,8715.0
4764_8575,8715.0
4765_4805,14055.0
4765_4810,14055.0
4765_8551,7028.0
4765_8553,7028.0
4766_3852,7988.0
4766_4805,15975.0
4766_4806,15975.0
4767_174,999999.0
4767_3851,7988.0
4767_4768,7988.0
4768_4767,7988.0
4768_4769,14055.0
4768_4794,15975.0
4769_3401,999999.0
4769_4768,14055.0
4769_5998,8715.0
4769_5999,8715.0
4770_4771,8715.0
4770_4791,8715.0
4770_5999,8715.0
4771_2886,8715.0
4771_4770,8715.0
4771_6022,4358.0
4772_2886,8715.0
4772_3196,999999.0
4772_4688,4358.0
4772_6001,14055.0
4773_3405,4050.0
4773_6003,4358.0
4773_6004,4050.0
4773_6006,4358.0
4774_6005,7028.0
4774_6006,4358.0
4774_6007,7028.0
4775_4783,8715.0
4775_6007,7028.0
4775_6008,14055.0
4775_6010,4358.0
4776_3405,3735.0
4776_5976,4050.0
4776_5977,4358.0
4776_6010,4358.0
4777_3404,999999.0
4777_5974,14055.0
4777_6011,4050.0
4777_6012,14055.0
4778_4780,4515.0
4778_5651,14055.0
4778_6013,15975.0
4778_6014,15975.0
4779_3408,999999.0
4779_4780,15975.0
4779_6014,15975.0
4779_9007,15975.0
4780_2087,5018.0
4780_4778,4515.0
4780_4779,15975.0
4780_6017,15975.0
4781_4787,15975.0
4781_5662,15975.0
4781_6015,5018.0
4782_4785,5018.0
4782_4786,4515.0
4782_6015,5018.0
4782_6016,5018.0
4783_4775,8715.0
4783_5638,4358.0
4783_6018,4050.0
4784_6018,4050.0
4784_6019,4358.0
4784_6022,4358.0
4785_4782,5018.0
4785_6019,4358.0
4785_6021,5018.0
4785_6024,5018.0
4786_4782,4515.0
4786_4787,5018.0
4786_6024,5018.0
4787_4781,15975.0
4787_4786,5018.0
4787_6023,15975.0
4787_8969,4515.0
4788_6023,15975.0
4788_6025,5018.0
4788_6027,15975.0
4789_2093,7028.0
4789_4799,24930.0
4789_6027,15975.0
4790_6020,4358.0
4790_6021,4358.0
4790_6025,5018.0
4790_6028,8715.0
4791_4770,8715.0
4791_4792,8715.0
4791_6020,4358.0
4792_4791,8715.0
4792_4793,8715.0
4792_6028,8715.0
4793_4792,8715.0
4793_4794,4358.0
4794_4768,15975.0
4794_4793,4358.0
4794_6032,15975.0
4795_4796,14055.0
4795_4804,5018.0
4795_6032,14055.0
4796_4792,8715.0
4796_4795,14055.0
4796_4797,14055.0
4797_4796,14055.0
4797_4798,14055.0
4797_4803,4358.0
4798_4797,14055.0
4798_4802,14055.0
4798_6026,14055.0
4799_4789,24930.0
4799_4800,21915.0
4799_6026,14055.0
4799_8963,7988.0
4800_2095,7028.0
4800_4799,21915.0
4800_4802,14055.0
4800_8962,21915.0
4801_4808,30090.0
4801_6029,8715.0
4801_8962,21915.0
4802_4798,14055.0
4802_4800,14055.0
4802_4803,8715.0
4803_4797,4358.0
4803_4802,8715.0
4803_6029,8715.0
4803_6030,4358.0
4804_4795,5018.0
4804_6030,4358.0
4804_6031,5018.0
4805_2839,3735.0
4805_4765,14055.0
4805_4766,15975.0
4806_4766,15975.0
4806_4807,14055.0
4806_6031,4358.0
4806_8547,5018.0
4807_4806,14055.0
4807_8541,14055.0
4807_13279,4358.0
4808_2843,30090.0
4808_4801,30090.0
4808_13279,4358.0
4809_3204,33975.0
4809_3843,28313.0
4809_4839,26550.0
4810_3204,999999.0
4810_4765,14055.0
4810_4813,21915.0
4811_3204,16493.0
4811_4838,21915.0
4811_8556,14055.0
4812_5299,14055.0
4812_6429,14055.0
4812_6430,4358.0
4812_6431,4358.0
4813_4810,21915.0
4813_4814,21915.0
4813_4830,8100.0
4814_4813,21915.0
4814_4815,14055.0
4814_4817,14055.0
4815_4814,14055.0
4815_4816,14055.0
4816_4815,14055.0
4816_4821,14055.0
4816_4827,4358.0
4817_4814,14055.0
4817_4818,21915.0
4817_6112,14580.0
4817_8549,21915.0
4818_4815,8715.0
4818_4817,21915.0
4818_4819,21915.0
4819_4818,21915.0
4819_4820,8100.0
4819_4821,21915.0
4820_4819,8100.0
4820_4821,14055.0
4820_6076,14055.0
4821_2894,14055.0
4821_4816,14055.0
4821_4819,21915.0
4821_4820,14055.0
4822_4824,4050.0
4822_6076,14055.0
4822_6109,15975.0
4823_4824,4358.0
4823_6109,15975.0
4823_6110,7988.0
4824_4822,4050.0
4824_4823,4358.0
4824_4825,4358.0
4824_5013,4050.0
4825_3301,4358.0
4825_4824,4358.0
4825_6107,4358.0
4825_6108,4358.0
4826_2894,7028.0
4826_3301,999999.0
4826_4827,4358.0
4826_6077,7028.0
4827_4816,4358.0
4827_4826,4358.0
4827_6078,4358.0
4828_4829,4050.0
4828_4834,7028.0
4828_6077,7028.0
4829_4833,4358.0
4829_6074,8100.0
4829_6078,4358.0
4830_4813,8100.0
4830_4831,4050.0
4830_4832,4050.0
4831_4830,4050.0
4831_4832,8100.0
4831_4838,8100.0
4832_4830,4050.0
4832_6073,4050.0
4832_6075,4050.0
4833_4829,4358.0
4833_4835,14055.0
4833_6081,14055.0
4834_4828,7028.0
4834_6079,7028.0
4834_6081,14055.0
4835_4833,14055.0
4835_6072,8715.0
4835_6084,7028.0
4836_4841,8715.0
4836_6071,4050.0
4837_4838,8100.0
4837_4840,4050.0
4837_6075,4050.0
4838_4811,21915.0
4838_4831,4050.0
4838_4839,9915.0
4839_3841,9915.0
4839_4838,9915.0
4839_6066,13590.0
4840_4837,4050.0
4840_4844,4050.0
4840_6067,8715.0
4841_4845,8715.0
4842_4857,5655.0
4842_6037,5655.0
4843_3841,9915.0
4843_6064,9915.0
4843_6065,8715.0
4844_4840,4050.0
4844_6063,4050.0
4844_6069,8715.0
4845_4846,8715.0
4845_6068,8715.0
4846_4853,7028.0
4846_6084,7028.0
4847_4852,7028.0
4847_6079,7028.0
4847_6082,4358.0
4848_6080,4358.0
4848_6082,4358.0
4848_6083,4358.0
4849_4850,4358.0
4849_5011,4358.0
4849_6080,4358.0
4849_6108,4358.0
4850_4848,4358.0
4850_4849,4358.0
4850_6105,4358.0
4851_3308,3165.0
4851_5000,8715.0
4851_6105,4358.0
4852_2895,7028.0
4852_4847,7028.0
4852_6083,4358.0
4853_4846,7028.0
4853_4854,8715.0
4853_5640,7028.0
4854_6070,8715.0
4854_13296,8715.0
4855_4860,4050.0
4855_6062,8715.0
4855_6063,4050.0
4856_3302,5655.0
4856_6036,9915.0
4856_6064,9915.0
4857_3302,999999.0
4857_3905,5655.0
4857_4858,5655.0
4858_3303,5655.0
4858_4869,5655.0
4859_3303,999999.0
4859_4860,6330.0
4859_4868,9915.0
4859_6036,9915.0
4860_4855,4050.0
4860_4861,6330.0
4860_4867,3645.0
4861_6060,3165.0
4861_6061,6330.0
4861_13296,4358.0
4862_5640,7028.0
4862_6085,7028.0
4862_6087,8715.0
4863_3308,999999.0
4863_4864,3165.0
4863_5641,6330.0
4864_4863,3165.0
4864_4877,3165.0
4864_6088,3165.0
4865_4876,7028.0
4865_6085,7028.0
4865_13295,8715.0
4866_4867,6330.0
4866_4873,3165.0
4866_6060,3165.0
4867_4860,3645.0
4867_4868,6330.0
4867_4873,3645.0
4868_4859,9915.0
4868_4869,5655.0
4868_4871,9915.0
4869_3440,5655.0
4869_4870,5655.0
4870_3968,15480.0
4870_4871,15480.0
4871_4868,9915.0
4871_4870,15480.0
4871_4872,16493.0
4871_4879,9915.0
4872_4871,16493.0
4872_4873,3165.0
4872_4874,16493.0
4872_4880,3165.0
4873_4866,3165.0
4873_4867,3645.0
4873_4872,3165.0
4874_4872,16493.0
4874_4873,3645.0
4874_6059,16493.0
4875_4876,16493.0
4875_4881,6330.0
4875_6059,16493.0
4876_2896,21915.0
4876_4865,7028.0
4876_4875,16493.0
4876_4882,14055.0
4877_2896,21915.0
4877_4864,3165.0
4877_4883,4358.0
4877_6122,16493.0
4878_4870,5655.0
4878_4879,5655.0
4879_3221,9915.0
4879_4871,9915.0
4879_4880,5655.0
4880_3181,2828.0
4880_4872,3165.0
4880_4881,8715.0
4881_4882,8715.0
4881_4890,8715.0
4882_4876,14055.0
4882_4889,14055.0
4882_6101,8715.0
4883_4877,4358.0
4883_4884,4358.0
4883_4979,8715.0
4884_4883,4358.0
4884_5476,4358.0
4884_6102,8715.0
4885_4886,4358.0
4885_5476,4358.0
4885_6103,4358.0
4886_4885,4358.0
4886_6097,4358.0
4886_6098,4358.0
4887_3311,999999.0
4887_4892,8715.0
4887_4903,14055.0
4888_3311,14055.0
4888_6089,4358.0
4888_9156,14055.0
4889_4882,14055.0
4889_4890,8715.0
4889_9156,14055.0
4890_6058,8715.0
4890_9155,8715.0
4891_3307,12645.0
4891_6056,8715.0
4892_3307,999999.0
4892_4902,8100.0
4892_6054,8715.0
4893_4894,10575.0
4893_4899,6330.0
4893_4901,10575.0
4894_178,999999.0
4894_4893,10575.0
4894_4895,9915.0
4895_4894,9915.0
4895_6039,5655.0
4895_6057,9915.0
4896_3181,999999.0
4896_3221,999999.0
4896_9152,4958.0
4896_9153,9915.0
4897_3966,5655.0
4897_4878,5655.0
4898_3220,999999.0
4898_3304,999999.0
4898_5617,5655.0
4899_3475,8820.0
4899_5664,3165.0
4900_6042,9878.0
4900_6043,6330.0
4901_4893,10575.0
4901_4908,10575.0
4901_6055,6330.0
4902_4892,8100.0
4902_4903,8715.0
4902_4907,8100.0
4903_4887,14055.0
4903_4906,14055.0
4903_6099,4358.0
4904_4905,4358.0
4904_6097,4358.0
4904_6127,4358.0
4905_4904,4358.0
4905_6100,8715.0
4906_4903,14055.0
4906_4907,8715.0
4906_4913,14055.0
4907_4902,8100.0
4907_4912,8100.0
4907_6052,8715.0
4908_4901,10575.0
4908_4911,10575.0
4908_6044,6330.0
4909_3855,9878.0
4909_4900,13590.0
4910_4909,13590.0
4910_6045,6330.0
4911_3312,999999.0
4911_4908,10575.0
4911_6050,6330.0
4912_4907,8100.0
4912_4913,8715.0
4912_6051,4050.0
4913_2898,8715.0
4913_4906,14055.0
4913_4918,14055.0
4914_198,999999.0
4914_4915,8715.0
4915_3330,999999.0
4915_4960,8715.0
4916_3314,999999.0
4916_4288,8715.0
4916_4917,14055.0
4916_6131,14055.0
4917_198,999999.0
4917_4916,14055.0
4917_4919,14055.0
4918_198,999999.0
4918_4286,14055.0
4918_4913,14055.0
4919_4286,14055.0
4919_4917,14055.0
4919_4920,8715.0
4919_4933,14055.0
4920_194,999999.0
4920_4921,8715.0
4921_4922,8715.0
4921_6090,4050.0
4922_6047,6330.0
4922_6048,10575.0
4922_6049,10575.0
4923_180,999999.0
4923_2857,6330.0
4924_6046,9878.0
4925_4010,6330.0
4925_4910,13590.0
4926_180,999999.0
4926_197,999999.0
4926_3418,14055.0
4926_4927,14055.0
4927_181,999999.0
4927_4926,14055.0
4927_4928,21915.0
4927_4930,14055.0
4928_3496,3165.0
4928_4927,21915.0
4928_4929,4358.0
4928_6048,14055.0
4929_4928,4358.0
4929_4930,8100.0
4929_4932,4358.0
4930_4927,14055.0
4930_4931,14055.0
4931_2938,4358.0
4931_4930,14055.0
4931_6093,14055.0
4932_194,999999.0
4932_4929,4358.0
4932_4933,4358.0
4933_4919,14055.0
4933_4932,4358.0
4933_4936,14055.0
4933_6096,7028.0
4934_6095,8715.0
4934_6096,7028.0
4934_6132,4358.0
4935_4934,4358.0
4935_4936,4358.0
4935_6133,7028.0
4936_2938,4358.0
4936_4933,14055.0
4936_4935,4358.0
4936_6134,14055.0
4937_6091,8100.0
4937_6092,8715.0
4937_6134,14055.0
4938_6093,21915.0
4938_6094,21915.0
4939_2995,3735.0
4939_3222,14055.0
4939_5241,14055.0
4940_4956,14055.0
4940_5243,21915.0
4940_6092,8715.0
4941_4944,14055.0
4941_5440,14055.0
4941_6137,8715.0
4942_214,999999.0
4942_5079,4358.0
4942_6138,13590.0
4942_6139,14055.0
4943_5075,8715.0
4943_6138,13590.0
4943_6141,13590.0
4944_4941,14055.0
4944_4945,21915.0
4944_5074,14055.0
4944_6141,13590.0
4945_215,999999.0
4945_4944,21915.0
4945_4946,21915.0
4946_4945,21915.0
4946_6140,7028.0
4946_6143,14055.0
4946_6190,7028.0
4947_216,999999.0
4947_6140,7028.0
4947_13297,7028.0
4948_4949,7028.0
4948_13297,7028.0
4949_4948,7028.0
4949_5658,4050.0
4949_6133,7028.0
4950_4951,4050.0
4950_4952,4050.0
4951_5659,4358.0
4951_6145,4358.0
4952_3333,4358.0
4952_6145,4358.0
4952_6149,4358.0
4953_3333,999999.0
4953_6144,4358.0
4953_6148,8715.0
4954_3338,999999.0
4954_4955,14055.0
4954_6143,14055.0
4954_6144,4358.0
4955_3334,14055.0
4955_4954,14055.0
4955_13298,8715.0
4956_4940,14055.0
4956_6139,4358.0
4957_3334,999999.0
4957_4334,21915.0
4957_6150,14055.0
4957_13299,14055.0
4958_4333,4358.0
4958_6146,14055.0
4958_6150,14055.0
4959_6130,4358.0
4959_6131,14055.0
4959_6146,14055.0
4960_2899,4358.0
4960_6147,6330.0
4961_3332,999999.0
4961_6151,3165.0
4962_3331,16493.0
4962_4334,21915.0
4962_13300,8715.0
4963_3331,999999.0
4963_6152,6330.0
4963_6154,16493.0
4964_3182,4358.0
4964_4965,6330.0
4965_3329,3645.0
4965_4966,6330.0
4965_4968,3165.0
4966_3329,999999.0
4966_6126,6330.0
4967_4966,3165.0
4967_4968,3165.0
4968_3182,4358.0
4968_4965,3165.0
4969_3182,999999.0
4969_4971,4358.0
4969_4974,3165.0
4969_6153,4358.0
4970_3327,999999.0
4970_4971,4050.0
4970_4975,14055.0
4970_6154,21915.0
4971_4969,4358.0
4971_4970,4050.0
4971_4972,4358.0
4972_3326,4358.0
4972_4973,4358.0
4973_4974,3165.0
4973_6124,3165.0
4974_6125,3165.0
4974_6128,3165.0
4975_4970,14055.0
4975_4976,14055.0
4976_4975,14055.0
4976_4981,14055.0
4976_6156,4358.0
4977_3326,999999.0
4977_4978,8715.0
4977_6155,4358.0
4978_3216,4358.0
4978_4884,8715.0
4979_4980,8715.0
4979_6123,4358.0
4980_4991,4358.0
4980_6157,4358.0
4981_4976,14055.0
4981_4982,14055.0
4981_6177,3165.0
4982_4981,14055.0
4982_4984,14055.0
4982_5038,16493.0
4982_6158,21915.0
4983_4984,4358.0
4983_4990,4358.0
4983_5038,4358.0
4984_4982,14055.0
4984_4989,14055.0
4984_6160,8715.0
4985_4986,4358.0
4985_6159,4358.0
4986_5418,4358.0
4986_6104,4358.0
4986_6120,4358.0
4987_4999,4358.0
4987_6119,8715.0
4987_6120,4358.0
4988_4998,4358.0
4988_6161,8715.0
4989_3324,999999.0
4989_4984,14055.0
4989_4990,8715.0
4990_4983,4358.0
4990_4992,4358.0
4991_4985,4358.0
4991_6121,21915.0
4991_6158,21915.0
4992_4990,4358.0
4992_4993,4358.0
4992_5037,8715.0
4993_3324,14055.0
4993_3325,4358.0
4993_4992,4358.0
4993_4994,14055.0
4994_4993,14055.0
4994_4995,14055.0
4994_4996,4358.0
4994_6175,4358.0
4995_4994,14055.0
4995_4996,4050.0
4995_5004,14055.0
4996_3320,4050.0
4996_4994,4358.0
4996_4995,4050.0
4996_4997,4358.0
4997_3319,999999.0
4997_3325,999999.0
4997_4996,4358.0
4998_4997,8715.0
4998_6162,4358.0
4999_4987,4358.0
4999_6117,8715.0
4999_6118,4358.0
5000_202,999999.0
5000_4999,8715.0
5001_5010,4358.0
5001_6106,8715.0
5001_6118,4358.0
5002_3210,999999.0
5002_5008,8715.0
5002_6116,8715.0
5003_3210,4358.0
5003_3320,999999.0
5003_5004,4358.0
5003_5008,4358.0
5004_3322,999999.0
5004_4995,14055.0
5004_5003,4358.0
5004_6172,4358.0
5005_224,999999.0
5005_3322,14055.0
5005_5006,14055.0
5006_5005,14055.0
5006_5027,14055.0
5006_6163,4358.0
5006_6173,4358.0
5007_3317,999999.0
5007_5017,4358.0
5007_5026,4358.0
5007_6163,4358.0
5008_3317,8715.0
5008_5003,4358.0
5008_5009,4358.0
5009_5008,4358.0
5009_5010,4358.0
5009_5015,4358.0
5009_6115,4358.0
5010_5001,4358.0
5010_5009,4358.0
5010_6113,4050.0
5011_203,999999.0
5011_4849,4358.0
5011_5012,4358.0
5012_5011,4358.0
5012_5013,4050.0
5012_5015,4358.0
5012_6113,4050.0
5013_4824,4050.0
5013_5012,4050.0
5013_5014,4358.0
5013_6107,4358.0
5014_5013,4358.0
5014_5015,4358.0
5014_5016,4358.0
5015_5009,4358.0
5015_5012,4358.0
5015_5014,4358.0
5015_5016,4358.0
5016_5014,4358.0
5016_5015,4358.0
5016_5018,4358.0
5016_6114,4358.0
5017_5007,4358.0
5017_5018,4358.0
5017_6114,4358.0
5017_6115,4358.0
5018_3183,4358.0
5018_5016,4358.0
5018_5017,4358.0
5018_5019,4358.0
5019_5018,4358.0
5019_5020,7028.0
5019_6110,7988.0
5020_3183,14055.0
5020_5019,7028.0
5020_5021,8715.0
5021_5020,8715.0
5021_5023,14055.0
5021_5652,8715.0
5022_5023,10035.0
5022_5029,14940.0
5022_6112,14580.0
5022_8547,5018.0
5023_5021,14055.0
5023_5022,10035.0
5023_5652,8715.0
5024_5023,14055.0
5025_5024,14055.0
5025_5028,14055.0
5025_5653,14055.0
5026_3183,999999.0
5026_5027,4358.0
5026_5653,14055.0
5027_5006,14055.0
5027_5026,4358.0
5027_5028,14055.0
5028_5025,14055.0
5028_5027,14055.0
5028_5030,14055.0
5029_5022,14940.0
5029_5030,7028.0
5029_5119,14940.0
5030_3194,14055.0
5030_5028,14055.0
5030_5029,7028.0
5030_5031,14055.0
5031_3703,7028.0
5031_5030,14055.0
5031_6164,14055.0
5032_5632,14055.0
5032_6168,4358.0
5032_6169,14055.0
5032_6173,4358.0
5033_5034,14055.0
5033_6169,14055.0
5033_6170,4358.0
5033_6171,4358.0
5034_5033,14055.0
5034_6174,14055.0
5034_6253,4358.0
5034_13280,4358.0
5035_5036,4358.0
5035_5103,4358.0
5035_6174,14055.0
5035_6251,14055.0
5036_228,999999.0
5036_5035,4358.0
5036_5037,4358.0
5037_4992,8715.0
5037_5036,4358.0
5037_6175,4358.0
5038_4982,16493.0
5038_4983,4358.0
5038_5039,3165.0
5038_5042,16493.0
5039_5038,3165.0
5039_5040,3165.0
5040_3328,999999.0
5040_5039,3165.0
5040_5041,3165.0
5040_6176,3165.0
5041_5040,3165.0
5041_5045,3165.0
5041_6246,3165.0
5042_5038,16493.0
5042_5043,16493.0
5042_6246,3165.0
5043_5042,16493.0
5043_6247,16493.0
5043_6249,10575.0
5043_6251,10575.0
5044_5045,10575.0
5044_5100,6330.0
5044_6249,10575.0
5045_5041,3165.0
5045_5044,10575.0
5045_5046,3165.0
5045_6178,10575.0
5046_3327,3165.0
5046_3328,3165.0
5046_5045,3165.0
5046_6179,3165.0
5047_5048,14055.0
5047_5050,4358.0
5047_6179,4358.0
5047_6180,14055.0
5048_5047,14055.0
5048_6178,10575.0
5048_6244,4358.0
5048_6245,4358.0
5049_5050,8715.0
5049_5054,4358.0
5049_6244,4358.0
5050_5047,4358.0
5050_5051,8715.0
5050_5053,4358.0
5051_3335,14055.0
5051_6180,8715.0
5051_6181,8715.0
5052_2928,14055.0
5052_3335,999999.0
5052_5053,8715.0
5053_5050,4358.0
5053_5054,8715.0
5053_5055,4358.0
5054_3184,4358.0
5054_5049,4358.0
5054_5094,8715.0
5055_3184,4358.0
5055_3337,999999.0
5055_5053,4358.0
5055_6230,8715.0
5056_2928,14055.0
5056_5057,14055.0
5056_5058,14055.0
5057_231,999999.0
5057_5056,14055.0
5057_13299,14055.0
5058_254,999999.0
5058_5056,14055.0
5058_5059,14055.0
5059_5058,14055.0
5059_6183,14055.0
5059_6229,8715.0
5060_231,999999.0
5060_5059,8715.0
5061_3337,4358.0
5061_5092,8715.0
5062_5061,4358.0
5062_5091,8715.0
5062_6184,8715.0
5062_6185,8715.0
5063_5642,14055.0
5063_6183,14055.0
5063_6184,8715.0
5064_5065,4358.0
5064_6187,7028.0
5064_6188,7028.0
5064_13285,4050.0
5065_5068,14055.0
5065_5642,14055.0
5065_6186,8715.0
5066_3339,999999.0
5066_6220,8715.0
5066_6221,8715.0
5067_3193,999999.0
5067_5089,4050.0
5067_6208,7028.0
5067_6209,4358.0
5068_5065,14055.0
5068_5648,7028.0
5068_6187,7028.0
5068_6189,14055.0
5069_234,999999.0
5069_6190,7028.0
5069_13285,7028.0
5070_5071,7028.0
5070_6189,14055.0
5070_6191,14055.0
5070_13285,7028.0
5071_3340,999999.0
5071_5070,7028.0
5071_6205,4358.0
5071_6209,4358.0
5072_3344,4358.0
5072_5073,14055.0
5072_6203,14055.0
5072_6205,4358.0
5073_5072,14055.0
5073_6191,14055.0
5073_6192,14055.0
5073_6193,14055.0
5074_235,999999.0
5074_4944,14055.0
5074_6192,14055.0
5075_236,999999.0
5075_5076,8715.0
5076_235,999999.0
5076_5077,8715.0
5077_3342,999999.0
5077_5078,8715.0
5077_6193,14055.0
5078_3344,999999.0
5078_5081,4358.0
5078_6201,8715.0
5079_236,999999.0
5079_4942,4358.0
5079_6194,4358.0
5080_3342,14055.0
5080_3688,999999.0
5080_5081,4358.0
5080_6194,4358.0
5081_239,999999.0
5081_5078,4358.0
5081_5080,4358.0
5081_6195,4358.0
5082_2922,5018.0
5082_3345,999999.0
5082_5643,5018.0
5082_6195,4358.0
5083_3345,14055.0
5083_6202,14055.0
5084_5433,15975.0
5084_6202,14055.0
5084_6203,14055.0
5084_6204,14055.0
5085_5434,7028.0
5085_6204,14055.0
5085_6206,14055.0
5085_6207,7028.0
5086_5088,14055.0
5086_6206,14055.0
5086_6208,7028.0
5086_6210,7028.0
5087_5088,14055.0
5087_5387,7028.0
5087_6210,7028.0
5087_9145,8715.0
5088_5086,14055.0
5088_5087,14055.0
5088_5089,14055.0
5088_5386,14055.0
5089_3962,14055.0
5089_5067,4050.0
5089_5088,14055.0
5089_5385,4050.0
5090_5384,8715.0
5090_6218,14055.0
5090_6220,8715.0
5090_6223,14055.0
5091_5062,8715.0
5091_5092,14055.0
5091_5383,8715.0
5091_6223,14055.0
5092_5061,8715.0
5092_5091,14055.0
5092_5382,8715.0
5092_6231,14055.0
5093_2900,14055.0
5093_3184,999999.0
5093_5345,4358.0
5093_6231,14055.0
5094_2900,14055.0
5094_5095,14055.0
5094_5342,8715.0
5095_5094,14055.0
5095_5096,14055.0
5095_6243,8715.0
5096_5095,14055.0
5096_5097,14055.0
5096_5341,4358.0
5096_6242,4358.0
5097_5096,14055.0
5097_5098,4358.0
5097_5104,14055.0
5097_6241,4358.0
5098_5097,4358.0
5098_5099,4358.0
5098_6242,4358.0
5098_6245,4358.0
5099_5098,4358.0
5099_5100,3165.0
5099_5102,3165.0
5099_5104,3165.0
5100_5044,6330.0
5100_5099,3165.0
5100_5102,6330.0
5101_6247,16493.0
5101_6248,3165.0
5101_6250,16493.0
5102_3209,3165.0
5102_5099,3165.0
5102_5100,6330.0
5102_6248,3165.0
5103_261,999999.0
5103_5035,4358.0
5103_5106,4358.0
5104_5097,14055.0
5104_5099,3165.0
5104_6255,8715.0
5104_6256,14055.0
5105_3209,999999.0
5105_3425,14055.0
5105_5236,7028.0
5105_5307,21915.0
5106_3425,999999.0
5106_5103,4358.0
5106_5189,4358.0
5106_6252,14055.0
5107_5108,14055.0
5107_6252,14055.0
5107_6253,4358.0
5107_6261,14055.0
5108_5107,14055.0
5108_5109,14055.0
5108_5188,8715.0
5109_5108,14055.0
5109_5111,4358.0
5109_6167,14055.0
5109_6170,4358.0
5110_5632,14055.0
5110_6167,14055.0
5110_6168,4358.0
5111_2889,8715.0
5111_5109,4358.0
5111_5188,4358.0
5111_6166,8715.0
5112_5113,14055.0
5112_6165,14055.0
5112_6166,8715.0
5113_5112,14055.0
5113_5116,14055.0
5114_2889,4358.0
5114_6264,4515.0
5114_6267,5018.0
5115_5116,5018.0
5115_6266,5018.0
5115_6267,10035.0
5116_5113,14055.0
5116_5115,5018.0
5116_5117,4358.0
5116_5144,14055.0
5117_5116,4358.0
5117_6268,4358.0
5117_6269,4358.0
5118_3702,7028.0
5118_5119,8715.0
5118_5120,7028.0
5118_6268,4358.0
5119_5029,14940.0
5119_5118,8715.0
5119_5121,14055.0
5120_5118,7028.0
5120_5121,7028.0
5120_5123,7028.0
5121_5119,14055.0
5121_5120,7028.0
5121_6271,14055.0
5121_8541,14055.0
5122_5123,14055.0
5122_6271,14055.0
5123_3185,999999.0
5123_5120,7028.0
5123_6270,4358.0
5124_3185,7028.0
5124_5125,14055.0
5124_5639,14055.0
5124_5654,14055.0
5125_5124,14055.0
5125_5128,7028.0
5125_6274,14055.0
5126_6274,14055.0
5126_6275,7028.0
5126_6278,4050.0
5127_5128,4358.0
5127_6277,4358.0
5127_6278,4050.0
5127_8656,4050.0
5128_5125,7028.0
5128_5127,4358.0
5128_6287,7028.0
5129_3411,4358.0
5129_5132,4358.0
5129_6287,7028.0
5129_8537,14055.0
5130_3411,999999.0
5130_5131,4050.0
5130_6284,4358.0
5130_6286,4050.0
5131_5130,4050.0
5131_6285,4050.0
5131_6288,4050.0
5132_5129,4358.0
5132_6288,4050.0
5132_6289,4358.0
5133_5134,5018.0
5133_6289,4358.0
5133_6293,4050.0
5134_5133,5018.0
5134_6292,4515.0
5134_8386,5018.0
5135_5136,7988.0
5135_6299,15975.0
5136_5135,7988.0
5136_6295,7988.0
5136_6297,4515.0
5136_8386,5018.0
5137_5139,4515.0
5137_6291,7988.0
5137_6292,4515.0
5137_6295,7988.0
5138_6290,7028.0
5138_6291,7988.0
5138_6293,4050.0
5139_5137,4515.0
5139_6294,4515.0
5139_6297,4515.0
5140_6282,7028.0
5140_6283,4050.0
5140_6285,4050.0
5140_6290,7028.0
5141_6276,7028.0
5141_6282,7028.0
5141_6284,4358.0
5142_5143,7028.0
5142_6276,7028.0
5142_6277,4358.0
5142_6279,4358.0
5143_5142,7028.0
5143_6275,7028.0
5143_6281,4358.0
5144_5116,14055.0
5144_5145,15975.0
5144_6269,4358.0
5145_3410,999999.0
5145_5144,15975.0
5145_5146,21915.0
5145_6270,4358.0
5146_5145,21915.0
5146_6280,21915.0
5146_6281,4358.0
5147_5148,14055.0
5147_6279,4358.0
5147_6280,21915.0
5147_6303,8715.0
5148_271,999999.0
5148_5147,14055.0
5148_5149,14055.0
5149_5148,14055.0
5149_6283,4050.0
5149_6302,18330.0
5150_6294,4515.0
5150_6302,18330.0
5150_9045,15975.0
5151_6296,15975.0
5151_6298,15975.0
5152_6296,15975.0
5152_6299,15975.0
5152_6300,15975.0
5153_3420,999999.0
5153_5154,15975.0
5153_8390,5258.0
5153_9046,15975.0
5154_281,999999.0
5154_5153,15975.0
5154_12697,15975.0
5155_6305,7988.0
5155_6306,4515.0
5155_8897,7988.0
5156_1621,4515.0
5156_6306,4515.0
5156_6307,5018.0
5156_9121,5018.0
5157_2391,5018.0
5157_9024,5018.0
5158_2405,4515.0
5158_9023,4515.0
5159_6301,6240.0
5159_6304,9165.0
5159_6305,7988.0
5159_6308,6240.0
5160_6307,5018.0
5160_6308,5018.0
5160_6309,7988.0
5161_3223,999999.0
5161_6309,7988.0
5161_6310,7988.0
5161_6312,15975.0
5162_5890,4515.0
5162_6304,9165.0
5162_6311,7988.0
5162_6314,4515.0
5163_5890,7988.0
5163_6311,7988.0
5163_6313,7988.0
5164_283,999999.0
5164_6314,4515.0
5164_6315,4515.0
5165_6315,4515.0
5165_6317,4515.0
5165_6319,4515.0
5166_3423,4733.0
5166_6313,7988.0
5166_6319,4515.0
5166_6381,5018.0
5167_3513,5018.0
5167_6381,5018.0
5167_6382,15975.0
5167_11891,15975.0
5168_5259,15975.0
5168_6380,5018.0
5168_6382,15975.0
5169_5170,7988.0
5169_6318,7988.0
5169_6321,5018.0
5169_6380,5018.0
5170_5169,7988.0
5170_6323,5018.0
5170_6379,7988.0
5171_6322,4358.0
5171_6323,4358.0
5171_6324,8715.0
5172_3421,999999.0
5172_5212,4358.0
5172_6321,5018.0
5172_6322,4358.0
5173_3421,5018.0
5173_6327,4515.0
5173_6328,5018.0
5173_8384,5258.0
5174_5175,9030.0
5174_5177,4515.0
5174_6329,4515.0
5174_6330,9030.0
5175_294,999999.0
5175_5174,9030.0
5175_5176,9030.0
5176_5175,9030.0
5176_5177,10035.0
5176_6303,8715.0
5177_5174,4515.0
5177_5176,10035.0
5177_5178,7988.0
5177_5179,4515.0
5178_298,999999.0
5178_5177,7988.0
5178_5203,7988.0
5179_5177,4515.0
5179_5180,15975.0
5179_5181,5018.0
5179_6340,15975.0
5180_5179,15975.0
5180_5181,4515.0
5180_6272,15975.0
5181_5179,5018.0
5181_5180,4515.0
5181_5202,4515.0
5181_6273,5018.0
5182_5183,4358.0
5182_5199,4358.0
5182_6273,4358.0
5183_3410,5018.0
5183_5182,4358.0
5183_5185,4358.0
5183_6341,4358.0
5184_299,999999.0
5184_5185,4358.0
5184_5195,4358.0
5185_5183,4358.0
5185_5184,4358.0
5185_6265,5018.0
5185_6266,5018.0
5186_6265,5018.0
5186_6348,4050.0
5186_6349,10035.0
5187_2943,8715.0
5187_6264,4515.0
5187_6349,8715.0
5188_2943,8715.0
5188_5108,8715.0
5188_5111,4358.0
5188_6263,4358.0
5189_5106,4358.0
5189_5236,14055.0
5189_6261,14055.0
5189_6262,8715.0
5190_5191,8715.0
5190_5235,4358.0
5190_6262,8715.0
5191_2950,4358.0
5191_5190,8715.0
5191_6350,4358.0
5191_6351,4358.0
5192_5234,4358.0
5192_6351,4358.0
5192_6352,4358.0
5193_6346,4050.0
5193_6347,4358.0
5193_6352,4358.0
5193_6353,4050.0
5194_5195,4358.0
5194_6346,4050.0
5194_6348,4050.0
5194_6350,4358.0
5195_5184,4358.0
5195_5194,4358.0
5195_6342,4358.0
5196_5197,4358.0
5196_6345,8715.0
5196_6347,4358.0
5197_3412,999999.0
5197_5196,4358.0
5197_6344,4358.0
5198_5197,4358.0
5198_5199,4358.0
5198_6341,4358.0
5198_6342,4358.0
5199_5182,4358.0
5199_5198,4358.0
5199_5200,4358.0
5199_5202,4358.0
5200_3412,4358.0
5200_5199,4358.0
5200_5201,4358.0
5200_6343,4358.0
5201_5200,4358.0
5201_5202,4050.0
5201_6337,4358.0
5202_5181,4515.0
5202_5199,4358.0
5202_5203,5018.0
5203_5178,7988.0
5203_5202,5018.0
5203_5204,5018.0
5204_5203,5018.0
5204_5205,4358.0
5204_5207,10035.0
5205_5204,4358.0
5205_5206,4358.0
5205_6337,4358.0
5205_6339,4358.0
5206_5205,4358.0
5206_5210,5018.0
5206_6333,5018.0
5207_5204,10035.0
5207_5208,4515.0
5207_5209,10035.0
5208_5207,4515.0
5208_5209,15975.0
5208_6330,9030.0
5208_6340,15975.0
5209_5207,10035.0
5209_5208,15975.0
5209_6331,15975.0
5210_5206,5018.0
5210_6331,15975.0
5210_6332,15975.0
5211_6328,5018.0
5211_6332,15975.0
5211_6334,14055.0
5212_5172,4358.0
5212_5213,14055.0
5212_6334,14055.0
5213_5212,14055.0
5213_6324,8715.0
5213_6325,7028.0
5214_5215,7028.0
5214_6326,7028.0
5214_6379,7028.0
5215_5214,7028.0
5215_6377,7988.0
5215_6378,5018.0
5216_6371,7988.0
5216_6372,7028.0
5216_6376,7988.0
5216_6377,7988.0
5217_6325,7028.0
5217_6326,7028.0
5217_6335,7028.0
5217_6371,7028.0
5218_6333,4358.0
5218_6335,7028.0
5218_6373,4358.0
5218_7617,7028.0
5219_5892,7028.0
5219_6372,7028.0
5219_6373,4358.0
5219_6375,14055.0
5220_5249,7028.0
5220_5892,7028.0
5220_6365,7028.0
5220_6369,7028.0
5221_6336,7028.0
5221_6339,4358.0
5221_6369,7028.0
5221_7617,7028.0
5222_5223,7028.0
5222_6336,7028.0
5222_6338,4050.0
5222_6370,4050.0
5223_5222,7028.0
5223_5229,7028.0
5223_6343,4358.0
5223_6358,4358.0
5224_6357,4358.0
5224_6358,4358.0
5224_6360,4358.0
5225_307,999999.0
5225_6365,7028.0
5225_6368,7028.0
5226_5248,4358.0
5226_6360,4358.0
5226_6362,7028.0
5226_6368,7028.0
5227_2901,14055.0
5227_5284,4358.0
5227_6361,4358.0
5227_6362,7028.0
5228_5238,8715.0
5228_6354,4358.0
5228_6355,4358.0
5228_6361,4358.0
5229_5223,7028.0
5229_6344,4358.0
5229_6359,7028.0
5230_5196,8715.0
5230_6356,7028.0
5230_6359,7028.0
5231_5232,7028.0
5231_6353,4050.0
5231_6356,7028.0
5232_5231,7028.0
5232_5234,7028.0
5232_6355,4358.0
5233_306,999999.0
5233_6354,4358.0
5233_6357,4358.0
5234_5192,4358.0
5234_5232,7028.0
5234_5235,7028.0
5235_5190,4358.0
5235_5234,7028.0
5235_6260,7028.0
5235_6430,4358.0
5236_5105,7028.0
5236_5189,14055.0
5236_6259,14055.0
5236_6260,7028.0
5237_5238,8715.0
5237_5295,14055.0
5237_6429,14055.0
5238_5228,8715.0
5238_5237,8715.0
5238_5239,4358.0
5239_2901,14055.0
5239_5238,4358.0
5239_5240,14055.0
5240_5239,14055.0
5240_5242,14055.0
5240_5295,14055.0
5240_6428,7028.0
5241_4939,14055.0
5241_4956,14055.0
5241_5657,14055.0
5242_337,999999.0
5242_338,999999.0
5242_5240,14055.0
5242_5245,14055.0
5243_5264,7470.0
5243_5440,14055.0
5244_336,999999.0
5244_5245,14055.0
5244_5290,14055.0
5245_2902,14055.0
5245_5242,14055.0
5245_5244,14055.0
5245_6427,14055.0
5246_2902,8715.0
5246_5247,4358.0
5246_5250,14055.0
5246_5282,4358.0
5247_5246,4358.0
5247_5284,4358.0
5247_6363,4358.0
5247_6364,4358.0
5248_307,999999.0
5248_5226,4358.0
5248_6363,4358.0
5249_310,999999.0
5249_5220,7028.0
5249_5253,7028.0
5250_3447,999999.0
5250_5246,14055.0
5250_6364,4050.0
5250_6395,7028.0
5251_308,999999.0
5251_6366,7028.0
5251_6395,7028.0
5252_5253,7028.0
5252_5275,7028.0
5252_6366,7028.0
5252_6367,7028.0
5253_309,999999.0
5253_5249,7028.0
5253_5252,7028.0
5254_5891,14055.0
5254_5892,4358.0
5254_6375,14055.0
5255_313,999999.0
5255_5256,14055.0
5255_5891,14055.0
5256_5255,14055.0
5256_6367,7028.0
5256_6390,14055.0
5256_9047,7028.0
5257_3422,999999.0
5257_5266,4358.0
5257_6374,7028.0
5257_6389,7028.0
5258_5265,7988.0
5258_6378,5018.0
5258_6383,7988.0
5258_6389,7988.0
5259_5168,15975.0
5259_6383,7988.0
5259_11890,5018.0
5260_318,999999.0
5260_5261,4358.0
5260_6384,5018.0
5261_2294,10035.0
5261_5260,4358.0
5261_6385,8715.0
5262_3038,14055.0
5262_5263,7028.0
5262_6385,8715.0
5262_8882,14055.0
5263_318,999999.0
5263_5262,7028.0
5263_5889,7028.0
5264_3616,7470.0
5265_317,999999.0
5265_5258,7988.0
5265_5889,7988.0
5266_320,999999.0
5266_5257,4358.0
5266_5267,4358.0
5267_5266,4358.0
5267_5889,4358.0
5267_6387,4358.0
5267_6391,4358.0
5268_6387,4358.0
5268_6388,14055.0
5268_8882,14055.0
5269_2903,15975.0
5269_3037,5018.0
5269_6386,4050.0
5269_6388,14055.0
5270_3962,4358.0
5270_5384,8715.0
5270_6216,8715.0
5270_6217,4358.0
5271_6386,4050.0
5271_6393,14055.0
5272_5273,4358.0
5272_6390,14055.0
5272_6391,4358.0
5272_6393,14055.0
5273_322,999999.0
5273_5272,4358.0
5273_5274,4358.0
5274_5273,4358.0
5274_5275,7028.0
5274_5276,4358.0
5274_5277,7028.0
5275_323,999999.0
5275_5252,7028.0
5275_5274,7028.0
5276_5274,4358.0
5276_5277,14055.0
5276_6394,14055.0
5277_5274,7028.0
5277_5276,14055.0
5277_5278,7028.0
5277_6392,14055.0
5278_3205,14055.0
5278_5277,7028.0
5278_8876,14055.0
5278_8877,14055.0
5279_6397,8100.0
5279_6398,14055.0
5279_8876,14055.0
5279_11880,4515.0
5280_324,999999.0
5280_3186,14055.0
5280_6394,14055.0
5281_3186,999999.0
5281_6396,8715.0
5281_6400,4050.0
5281_6401,14055.0
5282_3447,4050.0
5282_5246,4358.0
5282_5283,4050.0
5282_6396,8715.0
5283_5282,4050.0
5283_6401,14055.0
5283_6402,4050.0
5283_6427,14055.0
5284_338,999999.0
5284_5227,4358.0
5284_5247,4358.0
5285_5286,14055.0
5285_6398,14055.0
5285_6399,14055.0
5286_3036,14055.0
5286_5285,14055.0
5286_5287,14055.0
5286_6405,15975.0
5287_328,999999.0
5287_5286,14055.0
5287_6403,14055.0
5288_6399,14055.0
5288_6400,4050.0
5288_6406,14055.0
5289_3224,999999.0
5289_6402,4050.0
5289_6406,14055.0
5289_6426,14055.0
5290_5244,14055.0
5290_6424,8715.0
5290_6425,21915.0
5290_6426,14055.0
5291_337,999999.0
5291_5292,21915.0
5291_6425,21915.0
5292_5291,21915.0
5292_5293,21915.0
5292_5320,7028.0
5292_6428,7028.0
5293_340,999999.0
5293_5292,21915.0
5293_5294,21915.0
5294_5293,21915.0
5294_5296,21915.0
5294_5317,4050.0
5295_340,999999.0
5295_5237,14055.0
5295_5240,14055.0
5296_5294,21915.0
5296_5297,4358.0
5296_5300,21915.0
5296_6431,4358.0
5297_5296,4358.0
5297_5298,8715.0
5297_6435,4358.0
5298_342,999999.0
5298_5297,8715.0
5298_5301,8715.0
5299_4812,14055.0
5299_5300,7028.0
5299_6257,14055.0
5300_5296,21915.0
5300_5299,7028.0
5300_5301,14055.0
5300_5302,21915.0
5301_2736,8715.0
5301_5298,8715.0
5301_5300,14055.0
5301_6436,14055.0
5302_2736,8715.0
5302_2947,21915.0
5302_5300,21915.0
5302_6257,14055.0
5303_3428,14055.0
5303_5306,21915.0
5303_5656,14055.0
5303_6258,21915.0
5304_2736,8100.0
5304_2737,3735.0
5304_3428,999999.0
5305_3428,4050.0
5305_5306,7028.0
5305_5308,4050.0
5305_5310,7028.0
5306_5303,21915.0
5306_5305,7028.0
5306_5307,21915.0
5306_5656,14055.0
5307_5105,21915.0
5307_5306,21915.0
5307_6254,4358.0
5308_5305,4050.0
5308_5309,4358.0
5308_6254,4358.0
5308_6255,8715.0
5309_5308,4358.0
5309_5310,4358.0
5309_6240,4358.0
5309_6241,4358.0
5310_5305,7028.0
5310_5309,4358.0
5310_6237,14055.0
5310_6238,4358.0
5311_2743,8715.0
5311_2745,40088.0
5311_5312,4358.0
5312_5311,4358.0
5312_5313,4358.0
5312_6436,14055.0
5312_6437,14055.0
5313_343,999999.0
5313_5312,4358.0
5313_6439,4358.0
5314_342,999999.0
5314_5315,4358.0
5314_6439,4358.0
5315_5314,4358.0
5315_5316,4358.0
5315_6440,4358.0
5316_5315,4358.0
5316_5317,4050.0
5316_6435,4358.0
5317_5294,4050.0
5317_5316,4050.0
5317_6433,4358.0
5317_6434,4050.0
5318_5319,4050.0
5318_5331,4050.0
5318_6434,4050.0
5319_5318,4050.0
5319_5330,7028.0
5319_6432,7028.0
5320_5292,7028.0
5320_5321,4358.0
5320_6432,7028.0
5320_6433,4358.0
5321_335,999999.0
5321_5320,4358.0
5321_6423,4358.0
5322_6409,4358.0
5322_6410,8715.0
5322_6423,4358.0
5322_6424,8715.0
5323_6404,4358.0
5323_6408,5018.0
5323_6409,5018.0
5324_328,999999.0
5324_6405,15975.0
5324_8878,15975.0
5325_6407,5018.0
5325_8878,15975.0
5325_12723,15975.0
5326_6407,5018.0
5326_6408,5018.0
5326_6411,5018.0
5326_6414,5018.0
5327_6410,8715.0
5327_6411,5018.0
5327_6412,8715.0
5327_6422,4358.0
5328_334,999999.0
5328_5329,4358.0
5328_5330,4358.0
5329_5328,4358.0
5329_6420,4358.0
5329_6421,4358.0
5329_6422,4358.0
5330_5319,7028.0
5330_5328,4358.0
5330_5331,4358.0
5330_5332,7028.0
5331_5318,4050.0
5331_5330,4358.0
5331_5333,4050.0
5332_5330,7028.0
5332_5333,4358.0
5332_5645,7028.0
5332_6420,4358.0
5333_5331,4050.0
5333_5332,4358.0
5333_5334,4358.0
5333_5359,4050.0
5334_3437,999999.0
5334_5333,4358.0
5334_5358,4050.0
5334_6440,4358.0
5335_2925,8715.0
5335_5336,14055.0
5335_5337,8715.0
5335_5357,14055.0
5336_3441,21915.0
5336_3847,999999.0
5336_5335,14055.0
5336_6438,4358.0
5337_5335,8715.0
5337_6438,7028.0
5337_6443,8715.0
5337_6444,14055.0
5338_256,999999.0
5338_5339,8715.0
5338_6443,8715.0
5339_5338,8715.0
5339_6232,14055.0
5339_6233,8715.0
5339_6237,14055.0
5340_5342,4358.0
5340_5343,4358.0
5340_6233,8715.0
5340_6240,4358.0
5341_5095,8715.0
5341_5096,4358.0
5341_6239,4358.0
5342_5340,4358.0
5342_5343,4358.0
5342_6239,4358.0
5343_5340,4358.0
5343_5342,4358.0
5343_6234,8715.0
5344_5346,4050.0
5344_6234,8715.0
5344_6235,8715.0
5345_5093,4358.0
5345_5382,8715.0
5345_6235,8715.0
5345_6236,4358.0
5346_5344,8100.0
5346_5347,14055.0
5346_5348,8100.0
5346_6232,14055.0
5347_5346,14055.0
5347_5348,4358.0
5347_5381,14055.0
5347_6236,4358.0
5348_5346,8100.0
5348_5347,4358.0
5348_5349,4358.0
5349_346,999999.0
5349_5348,4358.0
5349_5350,4358.0
5350_5349,4358.0
5350_5351,4050.0
5350_5352,14055.0
5351_3441,4358.0
5351_5350,4050.0
5351_5352,14055.0
5351_6444,14055.0
5352_5350,14055.0
5352_5351,14055.0
5352_5353,14055.0
5352_5354,7028.0
5353_5352,14055.0
5353_5354,4358.0
5353_6228,4358.0
5353_6446,7028.0
5354_5352,7028.0
5354_5353,4358.0
5354_5356,4358.0
5354_6445,4358.0
5355_2893,7028.0
5355_5356,45135.0
5355_5370,45135.0
5355_6445,4358.0
5356_5354,4358.0
5356_5355,45135.0
5356_5357,45135.0
5357_3441,999999.0
5357_5335,14055.0
5357_5356,45135.0
5357_6442,4358.0
5358_3442,999999.0
5358_5334,4050.0
5358_5359,4358.0
5358_5369,4358.0
5359_5333,4050.0
5359_5358,4358.0
5359_5360,4358.0
5359_5368,4050.0
5360_5359,4358.0
5360_5645,7028.0
5360_6418,7028.0
5360_6419,4358.0
5361_5362,4358.0
5361_5366,4358.0
5361_6419,4358.0
5361_6421,4358.0
5362_5361,4358.0
5362_5365,8715.0
5362_6412,8715.0
5362_6413,5018.0
5363_6413,5018.0
5363_6414,5018.0
5363_6415,5018.0
5364_6415,5018.0
5364_8868,14055.0
5364_8869,5018.0
5364_12723,15975.0
5365_331,999999.0
5365_2879,14055.0
5365_5362,8715.0
5366_5361,4358.0
5366_6417,4358.0
5367_2880,7028.0
5367_6418,7028.0
5367_6450,7028.0
5368_5359,4050.0
5368_5369,7028.0
5368_6449,7028.0
5368_6450,7028.0
5369_3443,3735.0
5369_5358,4358.0
5369_5368,7028.0
5369_5370,4358.0
5370_2881,45135.0
5370_3444,999999.0
5370_5355,45135.0
5370_5369,4358.0
5371_6446,7028.0
5371_6447,7028.0
5371_6448,4358.0
5372_5373,7028.0
5372_5459,8715.0
5372_6227,8715.0
5372_6447,7028.0
5373_5372,7028.0
5373_5379,8715.0
5373_5625,14055.0
5374_5375,14055.0
5374_5411,4358.0
5374_5625,14055.0
5375_2883,7028.0
5375_5374,14055.0
5375_6213,14055.0
5376_5386,14055.0
5376_6211,14055.0
5376_6213,14055.0
5376_9144,14055.0
5377_6211,14055.0
5377_6214,14055.0
5377_6215,4050.0
5378_5379,8715.0
5378_5644,14055.0
5378_6222,8715.0
5378_6225,14055.0
5379_348,999999.0
5379_5373,8715.0
5379_5378,8715.0
5380_3432,8715.0
5380_6225,14055.0
5380_6226,14055.0
5380_6227,8715.0
5381_5347,14055.0
5381_5382,8715.0
5381_6226,14055.0
5381_6228,4358.0
5382_5092,8715.0
5382_5345,8715.0
5382_5381,8715.0
5382_5383,8715.0
5383_3432,999999.0
5383_5091,8715.0
5383_5382,8715.0
5383_6224,8715.0
5384_5090,8715.0
5384_5270,8715.0
5384_6222,8715.0
5384_6224,8715.0
5385_5089,4050.0
5385_6212,4358.0
5385_6215,4050.0
5385_6216,8715.0
5386_5088,14055.0
5386_5376,14055.0
5386_5387,4358.0
5386_6212,4358.0
5387_5087,7028.0
5387_5386,4358.0
5387_9144,7028.0
5388_5389,14055.0
5388_6457,7028.0
5388_9145,8715.0
5388_9146,7028.0
5389_3430,33480.0
5389_5388,14055.0
5389_6459,14055.0
5389_6460,7028.0
5390_6455,7028.0
5390_6457,7028.0
5390_6458,7028.0
5391_5392,8100.0
5391_6456,7028.0
5391_6458,7028.0
5391_9140,4050.0
5392_353,999999.0
5392_5393,8100.0
5393_3469,999999.0
5393_5394,8100.0
5393_6459,14055.0
5394_5402,7028.0
5394_6460,7028.0
5394_6461,8100.0
5395_5396,9030.0
5395_5401,14055.0
5395_6462,14055.0
5396_5398,9030.0
5397_240,999999.0
5397_5398,5018.0
5397_6200,5018.0
5398_5397,5018.0
5398_6197,5018.0
5399_241,999999.0
5399_5400,9030.0
5399_5412,5018.0
5399_6197,5018.0
5400_240,999999.0
5400_3187,9030.0
5401_3187,999999.0
5401_5395,14055.0
5401_5402,4050.0
5401_6463,21915.0
5402_5394,7028.0
5402_5403,4050.0
5402_5410,7028.0
5403_3452,999999.0
5403_3469,14055.0
5403_6472,8100.0
5404_6456,7028.0
5404_6473,4050.0
5404_9142,999999.0
5405_5547,5018.0
5405_5548,5018.0
5405_6474,4515.0
5406_3453,999999.0
5406_6468,8715.0
5406_6471,7028.0
5406_6509,7028.0
5407_3452,14055.0
5407_5408,14055.0
5407_5409,4358.0
5407_6470,4358.0
5408_3471,999999.0
5408_5407,14055.0
5408_5409,14055.0
5408_6467,21915.0
5409_3694,4358.0
5409_5407,4358.0
5409_5408,14055.0
5409_6469,21915.0
5410_5402,7028.0
5410_6463,21915.0
5410_6464,7028.0
5410_6469,21915.0
5411_5374,4358.0
5411_6454,4358.0
5412_243,999999.0
5412_5399,5018.0
5412_6198,4358.0
5413_356,999999.0
5413_5414,14055.0
5413_6199,14055.0
5414_357,999999.0
5414_5413,14055.0
5414_6466,4358.0
5414_6516,15975.0
5415_3471,7028.0
5415_6466,4358.0
5415_6513,4358.0
5415_6514,7028.0
5416_6467,21915.0
5416_6507,21915.0
5416_6513,4358.0
5417_3191,999999.0
5417_5423,21915.0
5417_5424,14055.0
5417_6507,21915.0
5418_4979,4358.0
5418_4986,4358.0
5418_6121,21915.0
5418_6122,21915.0
5419_362,999999.0
5419_5420,8715.0
5419_6468,8715.0
5420_378,999999.0
5420_5419,8715.0
5420_5421,8715.0
5421_5420,8715.0
5421_5422,8715.0
5421_6505,8100.0
5421_6506,8100.0
5422_3188,14055.0
5422_5421,8715.0
5422_6504,14055.0
5423_5417,21915.0
5423_5424,14055.0
5423_5431,21915.0
5424_5417,14055.0
5424_5430,14055.0
5424_6512,14055.0
5425_5428,24930.0
5425_5429,7028.0
5425_6514,7028.0
5426_383,999999.0
5426_5427,15975.0
5426_5660,10035.0
5426_6516,15975.0
5427_5426,15975.0
5427_5512,15975.0
5427_5660,10035.0
5428_5429,21915.0
5428_6517,15975.0
5429_5425,7028.0
5429_5510,7028.0
5429_6515,21915.0
5430_5424,14055.0
5430_5431,21915.0
5430_6511,14055.0
5431_5423,21915.0
5431_6500,21915.0
5431_6503,21915.0
5432_3188,999999.0
5432_6494,14055.0
5432_6502,45135.0
5433_248,999999.0
5433_2884,15975.0
5433_5084,15975.0
5434_248,999999.0
5434_5085,7028.0
5434_9146,7028.0
5435_3188,45135.0
5435_5422,8715.0
5435_5436,45135.0
5436_5435,45135.0
5436_5437,45135.0
5436_6491,4050.0
5436_6506,8100.0
5437_378,999999.0
5437_5436,45135.0
5437_5438,45135.0
5438_5437,45135.0
5438_5439,14055.0
5438_5450,21915.0
5439_3189,999999.0
5439_5438,14055.0
5439_5451,14055.0
5439_5455,7028.0
5440_4941,14055.0
5440_5657,14055.0
5441_361,999999.0
5441_5443,8715.0
5441_9142,4358.0
5442_5444,4515.0
5442_11884,5018.0
5442_12715,5018.0
5443_362,999999.0
5443_3189,8715.0
5443_5441,8715.0
5444_407,999999.0
5444_5442,4515.0
5444_13281,4515.0
5445_361,999999.0
5445_3189,14055.0
5445_9141,7028.0
5446_5447,14055.0
5446_9140,7028.0
5446_9141,7028.0
5447_5446,14055.0
5447_5448,4050.0
5447_5458,14055.0
5447_6454,4358.0
5448_5447,4050.0
5448_5458,37613.0
5448_6475,37613.0
5449_5450,37613.0
5449_6475,37613.0
5450_3189,21915.0
5450_5438,21915.0
5450_5449,37613.0
5451_3457,14055.0
5451_5439,14055.0
5451_6490,8100.0
5451_6491,4050.0
5452_3457,999999.0
5452_5453,7028.0
5452_6488,14055.0
5453_5452,7028.0
5453_6484,7028.0
5453_6485,4358.0
5453_6489,4358.0
5454_3458,999999.0
5454_5455,8715.0
5454_5471,8100.0
5454_6490,8100.0
5455_2877,7028.0
5455_5439,7028.0
5455_5454,4358.0
5455_5456,4358.0
5456_363,999999.0
5456_5455,4358.0
5456_5457,4358.0
5457_364,999999.0
5457_5456,4358.0
5457_5458,8715.0
5458_5447,14055.0
5458_5448,37613.0
5458_5457,8715.0
5458_6453,45135.0
5459_351,999999.0
5459_2881,45135.0
5459_5372,8715.0
5459_5460,45135.0
5460_5459,45135.0
5460_5461,14055.0
5460_6453,45135.0
5461_5460,14055.0
5461_6449,7028.0
5461_6451,14055.0
5461_6452,14055.0
5462_2879,7028.0
5462_2880,7028.0
5462_5463,7028.0
5462_6451,7028.0
5463_350,999999.0
5463_5462,7028.0
5463_5464,7028.0
5464_365,999999.0
5464_5463,7028.0
5464_5466,7028.0
5465_366,999999.0
5465_2305,7028.0
5465_5466,7028.0
5466_5464,7028.0
5466_5465,7028.0
5466_5467,7028.0
5466_6478,7028.0
5467_366,999999.0
5467_5466,7028.0
5467_5470,7028.0
5468_364,999999.0
5468_5469,7028.0
5468_6452,7028.0
5469_365,999999.0
5469_5468,7028.0
5469_5470,7028.0
5470_5467,7028.0
5470_5469,7028.0
5470_6476,7028.0
5471_2877,7028.0
5471_5454,8100.0
5471_5472,7028.0
5472_5471,7028.0
5472_6476,7028.0
5472_6483,7028.0
5472_6484,7028.0
5473_5474,4358.0
5473_5482,4358.0
5473_6482,7028.0
5473_6483,7028.0
5474_5473,4358.0
5474_6478,7028.0
5474_6481,7028.0
5475_6480,7988.0
5475_6542,5018.0
5475_6543,7988.0
5475_8865,5018.0
5476_3216,8715.0
5476_4884,4358.0
5476_4885,4358.0
5477_3192,999999.0
5477_5478,14055.0
5477_6480,7028.0
5477_6540,14055.0
5478_401,999999.0
5478_5477,14055.0
5478_5479,14055.0
5479_368,999999.0
5479_2876,14055.0
5479_5478,14055.0
5480_2876,14055.0
5480_5481,14055.0
5480_5533,4358.0
5480_9143,4358.0
5481_5480,14055.0
5481_6486,4358.0
5481_6487,14055.0
5482_368,999999.0
5482_5473,4358.0
5482_9143,4358.0
5483_3461,999999.0
5483_6485,4358.0
5483_6486,4358.0
5483_9143,4358.0
5484_373,999999.0
5484_5485,14055.0
5484_6488,14055.0
5485_3461,4358.0
5485_5484,14055.0
5485_6495,14055.0
5485_6496,4358.0
5486_5487,14055.0
5486_5532,14055.0
5486_6487,14055.0
5486_6495,14055.0
5487_374,999999.0
5487_5486,14055.0
5487_5488,14055.0
5488_5487,14055.0
5488_5493,14055.0
5488_5528,14055.0
5488_6497,14055.0
5489_3462,4358.0
5489_6493,14055.0
5489_6496,4358.0
5489_6497,14055.0
5490_5491,14055.0
5490_6493,14055.0
5490_6494,14055.0
5491_3454,999999.0
5491_5490,14055.0
5491_6501,14055.0
5492_3462,999999.0
5492_5494,21915.0
5492_5498,8715.0
5492_6501,14055.0
5493_5488,14055.0
5493_5494,14055.0
5494_5492,21915.0
5494_5493,14055.0
5494_5527,21915.0
5494_6498,14055.0
5495_395,999999.0
5495_5496,14055.0
5495_6498,14055.0
5496_5495,14055.0
5496_5497,4358.0
5496_5504,14055.0
5496_5522,4358.0
5497_375,999999.0
5497_5496,4358.0
5497_5499,4358.0
5498_375,999999.0
5498_5492,8715.0
5498_5499,8715.0
5499_5497,4358.0
5499_5498,8715.0
5499_5502,8715.0
5499_6499,4358.0
5500_5501,14055.0
5500_6499,4358.0
5500_6511,14055.0
5501_380,999999.0
5501_5500,14055.0
5501_5502,14055.0
5502_5499,8715.0
5502_5501,14055.0
5502_5503,14055.0
5502_5516,8715.0
5503_5502,14055.0
5503_6521,4050.0
5503_6522,14055.0
5504_5496,14055.0
5504_5505,14055.0
5504_5519,14055.0
5504_6522,14055.0
5505_388,999999.0
5505_5504,14055.0
5505_6529,14055.0
5506_6520,14055.0
5506_6529,14055.0
5506_6530,8715.0
5507_5508,14055.0
5507_5514,9465.0
5507_6520,14055.0
5507_6521,4050.0
5508_5507,14055.0
5508_5509,14055.0
5508_5516,8715.0
5509_5508,14055.0
5509_6518,4050.0
5509_6519,7028.0
5510_384,999999.0
5510_5429,7028.0
5510_6519,7028.0
5511_384,999999.0
5511_6510,21915.0
5512_385,999999.0
5512_5427,15975.0
5512_5513,15975.0
5513_386,999999.0
5513_5512,15975.0
5513_5514,15975.0
5513_6518,4515.0
5514_390,999999.0
5514_1595,9465.0
5514_5513,15975.0
5514_5515,15975.0
5515_3691,999999.0
5515_5506,15975.0
5515_5514,15975.0
5516_387,999999.0
5516_5502,8715.0
5516_5508,8715.0
5517_5566,14055.0
5517_6523,5018.0
5517_6524,15975.0
5518_6523,4358.0
5518_6527,4358.0
5518_6528,4358.0
5518_6530,8715.0
5519_393,999999.0
5519_5504,14055.0
5519_5520,14055.0
5520_392,999999.0
5520_5519,14055.0
5520_5521,14055.0
5521_5520,14055.0
5521_6528,4358.0
5521_6531,14055.0
5521_6532,4358.0
5522_395,999999.0
5522_5496,4358.0
5522_5524,4358.0
5523_4157,5258.0
5523_5719,5258.0
5523_6508,5258.0
5524_5522,4358.0
5524_5525,4358.0
5524_5563,4358.0
5524_6532,4358.0
5525_3225,999999.0
5525_5524,4358.0
5525_6534,45135.0
5525_6535,4358.0
5526_396,999999.0
5526_6533,45135.0
5526_6534,45135.0
5527_3462,21915.0
5527_5494,21915.0
5527_6533,37613.0
5528_398,999999.0
5528_5488,14055.0
5528_5529,14055.0
5529_397,999999.0
5529_5528,14055.0
5529_5530,14055.0
5530_5529,14055.0
5530_5531,4358.0
5530_5553,14055.0
5530_6535,4358.0
5531_5530,4358.0
5531_5532,14055.0
5531_6536,4358.0
5531_6537,14055.0
5532_398,999999.0
5532_5486,14055.0
5532_5531,14055.0
5533_398,999999.0
5533_5480,4358.0
5533_5534,5018.0
5534_2875,4358.0
5534_5533,5018.0
5534_5546,4358.0
5534_6536,4358.0
5535_403,999999.0
5535_2875,5018.0
5535_5536,5018.0
5536_5535,5018.0
5536_5537,5018.0
5536_6544,5018.0
5536_6545,4358.0
5537_5536,5018.0
5537_6540,15975.0
5537_6541,7988.0
5538_5539,7028.0
5538_6541,7988.0
5538_6542,5018.0
5539_3465,999999.0
5539_5538,7028.0
5539_5903,15975.0
5539_6545,4358.0
5540_6547,10035.0
5540_11696,5018.0
5540_12715,5018.0
5541_418,999999.0
5541_5542,10035.0
5541_6547,10035.0
5542_5541,10035.0
5542_5585,10035.0
5542_6548,10035.0
5542_13281,10035.0
5543_407,999999.0
5543_6474,10035.0
5543_13281,10035.0
5544_406,999999.0
5544_5545,12480.0
5544_6474,10035.0
5545_405,999999.0
5545_5544,12480.0
5545_6544,5018.0
5546_400,999999.0
5546_5534,4358.0
5546_6539,4358.0
5547_406,999999.0
5547_5405,5018.0
5547_6539,4358.0
5548_2872,10035.0
5548_5405,5018.0
5548_6565,5018.0
5548_13282,10035.0
5549_2872,15975.0
5549_5550,15975.0
5549_6549,10035.0
5549_6564,15975.0
5550_2872,5018.0
5550_5549,15975.0
5550_5551,15975.0
5550_5581,5018.0
5551_408,999999.0
5551_5550,15975.0
5551_5552,15975.0
5552_5551,15975.0
5552_5553,14055.0
5552_6538,5018.0
5553_5530,14055.0
5553_5552,14055.0
5553_6537,14055.0
5554_3225,21915.0
5554_5555,21915.0
5554_5560,14055.0
5555_3225,21915.0
5555_5554,21915.0
5555_5556,45135.0
5556_410,999999.0
5556_5555,45135.0
5556_5557,51390.0
5557_2873,51390.0
5557_5556,51390.0
5557_5581,5018.0
5557_6550,5018.0
5558_5559,4358.0
5558_5576,4358.0
5558_6550,5018.0
5559_410,999999.0
5559_5558,4358.0
5559_5562,4358.0
5560_396,999999.0
5560_5554,14055.0
5560_5561,14055.0
5561_410,999999.0
5561_5560,14055.0
5561_5562,14055.0
5562_3190,999999.0
5562_5559,4358.0
5562_5561,14055.0
5562_5563,4358.0
5563_394,999999.0
5563_5524,4358.0
5563_5562,4358.0
5563_9139,4358.0
5564_5565,4050.0
5564_5573,14055.0
5564_9139,14055.0
5565_5564,4050.0
5565_6525,4515.0
5565_6527,4358.0
5565_6554,7028.0
5566_5517,14055.0
5566_6525,4515.0
5566_6526,15975.0
5567_6526,15975.0
5567_6555,4515.0
5567_6556,15975.0
5568_1555,7028.0
5568_6555,4050.0
5568_6559,4050.0
5569_5570,4515.0
5569_5572,7028.0
5569_6558,7988.0
5569_6559,4050.0
5570_5569,4515.0
5570_5571,15975.0
5570_5575,15975.0
5570_6552,15975.0
5571_5570,15975.0
5571_5572,14055.0
5571_5575,15975.0
5572_1596,33480.0
5572_5569,7028.0
5572_5571,14055.0
5572_5573,14055.0
5573_412,999999.0
5573_5564,14055.0
5573_5572,14055.0
5574_411,999999.0
5574_3190,14055.0
5574_5575,15975.0
5575_5570,15975.0
5575_5571,15975.0
5575_5574,15975.0
5575_5576,5018.0
5576_5558,4358.0
5576_5575,5018.0
5576_5577,4050.0
5576_6551,4050.0
5577_411,999999.0
5577_5576,4050.0
5577_5578,4515.0
5578_5577,4515.0
5578_5579,24930.0
5578_5621,24930.0
5579_409,999999.0
5579_3467,24930.0
5579_5578,24930.0
5580_2873,51390.0
5580_3467,999999.0
5580_5603,51390.0
5580_6549,10035.0
5581_408,999999.0
5581_5550,5018.0
5581_5557,5018.0
5582_5583,15975.0
5582_6563,9030.0
5582_6564,15975.0
5583_2871,15975.0
5583_5582,15975.0
5583_6565,5018.0
5584_419,999999.0
5584_6566,10035.0
5584_11695,10035.0
5585_2871,10035.0
5585_5542,10035.0
5585_6566,10035.0
5585_6567,5018.0
5586_2871,15975.0
5586_5587,15975.0
5586_6567,5018.0
5587_421,999999.0
5587_5586,15975.0
5587_6568,15975.0
5588_2937,15975.0
5588_5589,15975.0
5588_5593,5018.0
5589_5588,15975.0
5589_5591,15975.0
5589_5594,5018.0
5590_2728,5018.0
5590_5591,7988.0
5590_6569,4515.0
5590_7532,7988.0
5591_5589,15975.0
5591_5590,7988.0
5591_5902,5018.0
5591_6920,15975.0
5592_2430,15975.0
5592_6920,15975.0
5592_7646,7988.0
5593_427,999999.0
5593_5588,5018.0
5593_5594,5018.0
5594_5589,5018.0
5594_5593,5018.0
5594_5595,5018.0
5594_13284,5018.0
5595_427,999999.0
5595_5594,5018.0
5595_6918,5018.0
5596_2868,51390.0
5596_3468,999999.0
5596_6918,5018.0
5596_6919,51390.0
5597_2868,51390.0
5597_6574,51390.0
5597_9049,5018.0
5598_6573,51390.0
5598_6574,51390.0
5598_13283,9030.0
5599_5601,4515.0
5599_5602,51390.0
5599_6573,51390.0
5600_422,999999.0
5600_5601,10035.0
5600_6572,10035.0
5601_5599,4515.0
5601_5600,10035.0
5601_5602,10035.0
5601_6563,9030.0
5602_5599,51390.0
5602_5601,10035.0
5602_5603,51390.0
5602_6562,4515.0
5603_417,999999.0
5603_5580,51390.0
5603_5602,51390.0
5604_416,999999.0
5604_5609,15975.0
5604_5621,15975.0
5605_3385,4515.0
5605_5613,5018.0
5605_5614,5018.0
5606_415,999999.0
5606_5607,15975.0
5606_5621,15975.0
5607_5606,15975.0
5607_5608,15975.0
5607_6557,7988.0
5607_6558,15975.0
5608_5607,15975.0
5608_5620,15975.0
5608_6560,4515.0
5609_5604,15975.0
5609_6560,4515.0
5609_6561,15975.0
5610_3473,71040.0
5611_416,999999.0
5611_6561,15975.0
5611_6915,15975.0
5612_6914,15975.0
5612_6915,15975.0
5612_9050,9030.0
5613_425,999999.0
5613_3468,5018.0
5613_5605,5018.0
5614_2867,15975.0
5614_5605,5018.0
5614_5616,5018.0
5614_6916,15975.0
5615_5616,15975.0
5615_6916,15975.0
5615_6917,15975.0
5616_2866,15975.0
5616_5614,5018.0
5616_5615,15975.0
5616_7379,5018.0
5617_6041,5655.0
5617_9152,5655.0
5618_424,999999.0
5618_2866,15975.0
5618_5619,15975.0
5619_415,999999.0
5619_5618,15975.0
5619_5620,15975.0
5620_5608,15975.0
5620_5619,15975.0
5620_9148,7988.0
5620_12895,15975.0
5621_5578,24930.0
5621_5604,15975.0
5621_5606,15975.0
5621_6552,15975.0
5622_90,999999.0
5622_4550,15975.0
5622_5718,15975.0
5623_98,999999.0
5623_2844,34260.0
5624_93,999999.0
5624_2845,4515.0
5625_5373,14055.0
5625_5374,14055.0
5625_5644,4358.0
5626_92,999999.0
5626_3687,34260.0
5626_4459,21915.0
5627_86,999999.0
5627_4491,4358.0
5628_85,999999.0
5628_3198,4050.0
5629_79,999999.0
5629_4405,4358.0
5630_4483,3165.0
5630_13292,4358.0
5631_4485,3645.0
5631_5630,4358.0
5632_3194,999999.0
5632_5032,14055.0
5632_5110,14055.0
5632_6165,14055.0
5633_132,999999.0
5633_4645,4358.0
5633_4646,4358.0
5634_135,999999.0
5634_4655,21915.0
5635_145,999999.0
5635_2929,14055.0
5635_3394,14055.0
5636_145,999999.0
5636_4672,4050.0
5636_4686,4050.0
5637_159,999999.0
5637_4716,7028.0
5638_169,999999.0
5638_4783,4358.0
5638_6016,5018.0
5639_268,999999.0
5639_5124,14055.0
5639_6272,15975.0
5640_2895,7028.0
5640_4853,7028.0
5640_4862,7028.0
5640_13296,4358.0
5641_4987,8715.0
5642_5063,14055.0
5642_5065,14055.0
5643_238,999999.0
5643_5082,5018.0
5643_6200,5018.0
5644_5378,14055.0
5644_5625,4358.0
5644_6214,14055.0
5644_6217,4358.0
5645_333,999999.0
5645_5332,7028.0
5645_5360,7028.0
5646_4502,4358.0
5646_4506,4358.0
5647_1601,15975.0
5647_9206,15975.0
5648_3193,7028.0
5648_4562,4358.0
5648_5068,7028.0
5649_55,999999.0
5649_4399,4358.0
5649_4401,4358.0
5650_3407,999999.0
5650_6009,4050.0
5650_6012,14055.0
5650_6013,14055.0
5651_4778,14055.0
5651_6008,14055.0
5651_6009,4050.0
5652_5021,8715.0
5652_5024,14055.0
5652_5653,14055.0
5653_5025,14055.0
5653_5026,14055.0
5654_5124,14055.0
5654_5655,14055.0
5655_5122,14055.0
5655_8539,21915.0
5656_5303,14055.0
5656_5306,14055.0
5656_6259,14055.0
5657_5241,14055.0
5657_5440,14055.0
5657_6136,8100.0
5658_6135,4050.0
5658_6142,4050.0
5659_4949,4050.0
5659_4951,4358.0
5659_6132,4358.0
5660_5426,10035.0
5660_5427,10035.0
5660_6517,15975.0
5660_8586,33150.0
5661_3381,24930.0
5661_4563,24930.0
5661_6111,4515.0
5662_4781,15975.0
5662_6017,15975.0
5662_8968,4515.0
5663_1541,7028.0
5663_1552,3735.0
5664_3434,7695.0
5664_3510,5655.0
5664_3963,9915.0
5665_4294,4358.0
5665_4357,4358.0
5666_69,999999.0
5666_4523,13590.0
5666_4541,13590.0
5667_69,999999.0
5667_4522,8100.0
5667_4524,8100.0
5668_69,999999.0
5668_4543,14055.0
5668_4544,14055.0
5669_69,999999.0
5669_4521,4358.0
5669_4542,4358.0
5670_4545,15975.0
5670_4546,15975.0
5671_71,999999.0
5671_4546,15975.0
5671_4547,15975.0
5672_71,999999.0
5672_4538,4358.0
5673_73,999999.0
5673_4525,4358.0
5674_4526,4358.0
5675_73,999999.0
5675_4528,4358.0
5676_73,999999.0
5676_4531,4358.0
5677_4526,8100.0
5677_4528,8100.0
5678_73,999999.0
5678_4517,4358.0
5679_74,999999.0
5679_5646,4358.0
5680_74,999999.0
5680_4486,4358.0
5681_74,999999.0
5681_4488,4358.0
5682_75,999999.0
5682_4481,3165.0
5683_75,999999.0
5683_4466,3165.0
5684_75,999999.0
5684_4467,3645.0
5685_75,999999.0
5685_4470,3165.0
5686_76,999999.0
5686_4468,14055.0
5686_4469,14055.0
5687_76,999999.0
5687_4443,4358.0
5688_76,999999.0
5688_4442,4358.0
5689_4425,4358.0
5690_77,999999.0
5690_4414,4358.0
5691_78,999999.0
5691_4404,4358.0
5692_78,999999.0
5692_3349,8715.0
5693_78,999999.0
5693_4393,4358.0
5694_79,999999.0
5694_4403,4358.0
5695_79,999999.0
5695_4401,8715.0
5695_4608,8715.0
5696_80,999999.0
5696_4402,8715.0
5696_4608,8715.0
5697_80,999999.0
5697_4608,8715.0
5697_8575,8715.0
5698_80,999999.0
5698_4608,21915.0
5698_8577,21915.0
5699_81,999999.0
5699_4407,8715.0
5700_81,999999.0
5700_4408,10035.0
5701_82,999999.0
5701_4388,8715.0
5701_4389,8715.0
5702_82,999999.0
5702_4409,4358.0
5703_83,999999.0
5703_4393,8715.0
5704_83,999999.0
5704_4422,4358.0
5705_83,999999.0
5705_4416,4358.0
5705_4421,4358.0
5706_84,999999.0
5706_4388,14055.0
5706_4391,14055.0
5707_84,999999.0
5707_4420,8715.0
5708_84,999999.0
5708_4387,14055.0
5708_4419,14055.0
5709_85,999999.0
5709_4455,4358.0
5710_85,999999.0
5710_4460,14055.0
5710_4463,14055.0
5711_86,999999.0
5711_4462,4358.0
5712_86,999999.0
5712_4462,4358.0
5712_4489,4358.0
5713_87,999999.0
5713_4489,4358.0
5713_4490,4358.0
5714_87,999999.0
5714_4494,14055.0
5714_4497,14055.0
5715_87,999999.0
5715_4511,4358.0
5716_88,999999.0
5716_4514,4358.0
5717_88,999999.0
5717_4535,5018.0
5717_4536,4358.0
5718_89,999999.0
5718_4549,15975.0
5718_5622,15975.0
5719_4235,6240.0
5719_5523,5258.0
5719_6708,5258.0
5720_91,999999.0
5720_4513,15975.0
5720_4535,15975.0
5721_91,999999.0
5721_2974,10035.0
5721_4535,10035.0
5722_92,999999.0
5722_4491,14055.0
5722_4494,14055.0
5723_92,999999.0
5723_4493,8715.0
5723_4494,8715.0
5724_95,999999.0
5724_4457,34260.0
5724_4458,34260.0
5725_95,999999.0
5725_4492,15660.0
5725_4493,15660.0
5726_100,999999.0
5726_4418,10035.0
5726_4457,10035.0
5727_94,999999.0
5727_101,999999.0
5727_3680,10035.0
5727_4418,10035.0
5728_101,999999.0
5728_2919,10035.0
5728_4418,10035.0
5729_106,999999.0
5729_4564,7988.0
5729_4565,7988.0
5730_107,999999.0
5730_3743,5018.0
5730_4561,5018.0
5731_108,999999.0
5731_4556,15975.0
5731_4557,15975.0
5732_109,999999.0
5732_4554,15975.0
5732_4555,15975.0
5733_110,999999.0
5733_4563,24930.0
5733_9256,24930.0
5734_110,999999.0
5734_4555,5018.0
5734_4573,5018.0
5735_111,999999.0
5735_4563,24930.0
5735_4564,24930.0
5736_111,999999.0
5736_4572,4358.0
5736_4573,4358.0
5737_112,999999.0
5737_4573,13590.0
5737_4574,13590.0
5738_112,999999.0
5738_4574,7028.0
5738_4575,7028.0
5739_112,999999.0
5739_6053,4358.0
5739_13288,4358.0
5740_114,999999.0
5740_4569,4358.0
5740_4570,4358.0
5741_114,999999.0
5741_4577,7028.0
5741_4578,7028.0
5742_115,999999.0
5742_4569,4358.0
5742_4578,4358.0
5743_115,999999.0
5743_4578,7028.0
5743_4579,7028.0
5744_115,999999.0
5744_4568,7028.0
5744_4579,7028.0
5745_116,999999.0
5745_4579,7028.0
5745_4580,7028.0
5746_116,999999.0
5746_4584,4358.0
5746_4585,4358.0
5747_116,999999.0
5747_4580,4358.0
5747_4584,4358.0
5748_117,999999.0
5748_4576,7028.0
5748_4577,7028.0
5749_117,999999.0
5749_4577,4358.0
5749_4585,4358.0
5750_117,999999.0
5750_4576,4358.0
5750_4586,4358.0
5751_118,999999.0
5751_3379,7028.0
5751_4575,7028.0
5752_118,999999.0
5752_4575,4358.0
5752_4588,4358.0
5753_118,999999.0
5753_4588,8715.0
5753_4589,8715.0
5754_119,999999.0
5754_4553,15975.0
5754_4554,15975.0
5755_119,999999.0
5755_4554,7988.0
5755_4574,7028.0
5756_119,999999.0
5756_4574,8715.0
5756_4587,8715.0
5757_120,999999.0
5757_4586,4358.0
5757_4589,4358.0
5758_120,999999.0
5758_4589,8715.0
5758_4590,8715.0
5759_120,999999.0
5759_4590,4050.0
5759_4591,4050.0
5760_121,999999.0
5760_3375,4358.0
5760_4591,4358.0
5761_121,999999.0
5761_4591,4050.0
5761_4592,4050.0
5762_121,999999.0
5762_4585,4358.0
5762_4592,4358.0
5763_122,999999.0
5763_4584,4358.0
5763_4593,4358.0
5764_123,999999.0
5764_2907,7028.0
5764_4594,7028.0
5765_123,999999.0
5765_4582,4358.0
5765_4583,4358.0
5766_124,999999.0
5766_4595,4358.0
5766_4596,4358.0
5767_124,999999.0
5767_4596,4358.0
5767_4601,4358.0
5768_124,999999.0
5768_4601,4050.0
5768_4632,4050.0
5769_124,999999.0
5769_4632,7028.0
5769_4633,7028.0
5770_125,999999.0
5770_4600,4358.0
5770_4604,4358.0
5771_125,999999.0
5771_4600,4050.0
5771_4603,4050.0
5772_126,999999.0
5772_4599,4358.0
5772_4606,7028.0
5773_126,999999.0
5773_4598,4358.0
5773_4604,4358.0
5774_126,999999.0
5774_4590,8715.0
5774_4599,8715.0
5775_127,999999.0
5775_4609,8715.0
5775_4610,8715.0
5776_127,999999.0
5776_4743,14055.0
5777_127,999999.0
5777_4723,4358.0
5777_4742,4358.0
5778_127,999999.0
5778_4609,14055.0
5778_4743,14055.0
5779_128,999999.0
5779_4617,7028.0
5779_4618,7028.0
5780_128,999999.0
5780_4612,4050.0
5780_4617,4050.0
5781_128,999999.0
5781_4612,4358.0
5781_4613,4358.0
5782_2719,15975.0
5782_11904,15975.0
5782_12850,4515.0
5783_9378,5258.0
5783_9379,6240.0
5783_11050,6240.0
5784_960,999999.0
5784_9319,5258.0
5784_9327,5258.0
5785_2549,5258.0
5785_2551,5258.0
5785_12868,5258.0
5786_1299,999999.0
5786_2458,7988.0
5786_9275,7988.0
5787_7984,6240.0
5787_11434,9165.0
5787_11435,9165.0
5788_3351,6240.0
5788_9289,6240.0
5788_12860,5258.0
5789_2426,5018.0
5789_12860,4515.0
5789_12861,5018.0
5790_1133,999999.0
5790_8236,4515.0
5790_9591,4515.0
5791_913,999999.0
5791_2418,4515.0
5791_7654,4515.0
5792_914,999999.0
5792_9297,5018.0
5792_9298,5018.0
5793_910,999999.0
5793_2716,15975.0
5793_8794,15975.0
5794_911,999999.0
5794_2414,15975.0
5794_9300,15975.0
5795_1132,999999.0
5795_7055,4515.0
5795_11474,4515.0
5796_1290,999999.0
5796_2730,4515.0
5796_9304,4515.0
5797_11497,6240.0
5797_11501,6240.0
5797_11516,5258.0
5798_704,999999.0
5798_2713,15975.0
5798_8803,15975.0
5799_703,999999.0
5799_8804,6240.0
5799_9679,6240.0
5800_726,999999.0
5800_2330,4515.0
5800_9689,5258.0
5801_1277,999999.0
5801_9053,18330.0
5801_9684,18330.0
5802_726,999999.0
5802_2331,5018.0
5802_3672,5018.0
5803_1277,999999.0
5803_2635,9165.0
5803_9686,6240.0
5804_2634,5018.0
5804_7079,7988.0
5804_8333,7988.0
5805_3045,32415.0
5805_9690,32415.0
5806_8805,7988.0
5806_9692,9165.0
5806_9693,4515.0
5807_7100,24930.0
5807_8335,4515.0
5808_1239,999999.0
5808_8335,4515.0
5808_13327,4515.0
5809_715,999999.0
5809_9760,4515.0
5809_12631,4515.0
5810_9808,7988.0
5810_9809,7988.0
5810_12606,4515.0
5811_762,999999.0
5811_2273,5258.0
5811_12615,5258.0
5812_2262,18330.0
5812_9777,15975.0
5812_12617,5258.0
5813_762,999999.0
5813_8909,5018.0
5813_9780,5018.0
5814_766,999999.0
5814_2259,4515.0
5814_9780,4515.0
5815_766,999999.0
5815_8928,15975.0
5815_9793,15975.0
5816_775,999999.0
5816_2240,5018.0
5816_9793,5018.0
5817_769,999999.0
5817_2239,5018.0
5817_12623,4358.0
5818_770,999999.0
5818_2233,5018.0
5818_9796,5018.0
5819_817,999999.0
5819_2231,7988.0
5819_9797,7988.0
5820_9034,5258.0
5820_9035,7988.0
5820_9943,9165.0
5821_818,999999.0
5821_2231,6240.0
5821_9947,5018.0
5822_680,999999.0
5822_10982,5258.0
5822_11010,5258.0
5823_2227,5018.0
5823_9949,6240.0
5823_12679,4515.0
5824_807,999999.0
5824_2199,10035.0
5824_2207,4515.0
5825_806,999999.0
5825_3171,15975.0
5825_3531,15975.0
5826_3562,5018.0
5826_5827,6240.0
5827_5826,6240.0
5827_10416,6240.0
5827_10434,5258.0
5828_3563,4515.0
5828_10417,5018.0
5828_12226,5018.0
5829_12810,4515.0
5829_12812,5258.0
5830_9483,5258.0
5830_9486,4515.0
5831_9481,9165.0
5831_9484,5258.0
5831_9485,9165.0
5832_626,999999.0
5832_2352,5258.0
5832_12186,5258.0
5833_624,999999.0
5833_10251,15975.0
5833_10252,15975.0
5834_623,999999.0
5834_10480,5018.0
5834_11029,5018.0
5835_10252,4515.0
5835_10254,10035.0
5835_10255,5018.0
5836_10208,5258.0
5836_10237,6240.0
5836_10326,6240.0
5837_10115,32415.0
5837_10147,32415.0
5838_534,999999.0
5838_1963,5258.0
5838_6967,5258.0
5839_1897,7028.0
5839_2921,7028.0
5839_12248,4050.0
5840_2987,18330.0
5840_10173,5258.0
5840_10197,18330.0
5841_584,999999.0
5841_10174,5258.0
5841_10214,5258.0
5842_584,999999.0
5842_10177,6240.0
5842_10182,6240.0
5843_1975,6240.0
5843_8595,6240.0
5843_10383,6240.0
5844_12380,50580.0
5845_1398,999999.0
5845_1977,5018.0
5846_1397,999999.0
5846_1901,7988.0
5847_1396,999999.0
5847_1902,15975.0
5848_7767,4515.0
5848_9178,4515.0
5848_9179,4515.0
5849_1023,999999.0
5849_5852,4515.0
5849_7814,4515.0
5850_7818,7988.0
5850_8056,7988.0
5850_11107,4515.0
5851_4238,15975.0
5851_11115,15975.0
5852_5849,4515.0
5852_7842,5018.0
5852_8285,5018.0
5853_1016,999999.0
5853_7846,7988.0
5853_8373,7988.0
5854_7867,5018.0
5854_7871,4515.0
5854_7902,5018.0
5855_8046,4515.0
5855_11185,15975.0
5855_11186,15975.0
5856_7871,4515.0
5856_7873,5018.0
5856_9175,5018.0
5857_5858,4515.0
5857_7865,5018.0
5857_8046,5018.0
5858_1006,999999.0
5858_5857,4515.0
5858_12923,4515.0
5859_6903,5018.0
5859_6905,5018.0
5859_13014,4515.0
5860_6903,5018.0
5860_6904,5018.0
5860_6907,5018.0
5861_11233,5258.0
5861_11245,6240.0
5861_11247,5258.0
5861_13013,6240.0
5862_7973,5018.0
5862_11247,5258.0
5862_13012,5258.0
5862_13013,5258.0
5863_1075,999999.0
5863_6906,5018.0
5863_12374,6240.0
5864_1075,999999.0
5864_6899,6240.0
5864_12375,6240.0
5865_1074,999999.0
5865_6882,18330.0
5865_11318,18330.0
5866_1068,999999.0
5866_6786,5018.0
5866_8095,6240.0
5867_1069,999999.0
5867_6807,5018.0
5867_6808,5018.0
5868_1069,999999.0
5868_6798,4515.0
5868_6799,4515.0
5869_1309,999999.0
5869_6801,5018.0
5870_1094,999999.0
5870_6733,6240.0
5870_8099,6240.0
5871_1089,999999.0
5871_6835,7988.0
5871_6836,7988.0
5872_5873,4515.0
5872_8100,9165.0
5872_8729,7988.0
5873_5872,4515.0
5873_5874,4515.0
5873_6720,5018.0
5873_6721,5018.0
5874_1091,999999.0
5874_5873,4515.0
5874_8730,4515.0
5875_1319,999999.0
5875_8100,9165.0
5875_11398,9165.0
5876_8950,4050.0
5876_9158,4358.0
5876_9159,4358.0
5876_10304,4050.0
5877_1354,999999.0
5877_6702,5018.0
5877_6704,5018.0
5878_1108,999999.0
5878_6711,6240.0
5878_6712,6240.0
5879_1118,999999.0
5879_6587,6240.0
5879_11402,6240.0
5880_1327,999999.0
5880_8756,18330.0
5880_10374,18330.0
5881_1328,999999.0
5881_11419,6240.0
5881_13020,5018.0
5882_1328,999999.0
5882_6576,5258.0
5882_11420,5258.0
5883_7345,6240.0
5883_9259,6240.0
5883_11553,6240.0
5884_5885,18330.0
5884_7345,18330.0
5884_7356,18330.0
5884_11555,18330.0
5885_5884,18330.0
5885_11567,18330.0
5885_11569,6240.0
5886_1231,999999.0
5886_9234,7988.0
5886_13160,7988.0
5887_1231,999999.0
5887_7355,4515.0
5887_11528,4515.0
5888_7308,12480.0
5888_11627,12480.0
5889_5263,7028.0
5889_5265,7988.0
5889_5267,4358.0
5890_5162,4515.0
5890_5163,7988.0
5890_6310,7988.0
5891_310,999999.0
5891_5254,14055.0
5891_5255,14055.0
5892_5219,7028.0
5892_5220,7028.0
5892_5254,4358.0
5892_5893,4358.0
5893_311,999999.0
5893_5892,4358.0
5893_7617,4358.0
5894_5898,5258.0
5894_8607,6240.0
5894_11021,6240.0
5895_7624,6240.0
5895_9192,6240.0
5896_7614,9165.0
5896_9189,9165.0
5897_4103,5258.0
5897_7614,5258.0
5897_11689,5258.0
5898_1648,5258.0
5898_1649,5258.0
5898_5894,5258.0
5898_11013,5258.0
5899_1249,999999.0
5899_7511,6240.0
5899_12425,6240.0
5900_1252,999999.0
5900_7441,15975.0
5900_8116,15975.0
5901_8635,9165.0
5901_12918,9165.0
5901_12919,5258.0
5902_5591,5018.0
5902_7645,5018.0
5903_5539,15975.0
5903_12726,15975.0
5904_2485,5018.0
5904_7379,5018.0
5905_1267,999999.0
5905_7495,4515.0
5905_11720,4515.0
5906_4277,32415.0
5906_8722,5505.0
5907_8474,33150.0
5907_11639,32415.0
5908_8482,33150.0
5908_9813,33150.0
5909_8219,50580.0
5909_10347,50580.0
5910_8117,50580.0
5910_12373,50580.0
5911_3089,51728.0
5911_10523,51728.0
5912_1399,999999.0
5912_2984,51728.0
5913_1268,999999.0
5913_7485,6240.0
5913_7489,6240.0
5914_8231,32415.0
5914_9104,32415.0
5915_129,999999.0
5915_4629,7028.0
5915_4630,7028.0
5916_129,999999.0
5916_4602,4050.0
5916_4629,4050.0
5917_129,999999.0
5917_4602,4358.0
5917_4631,4358.0
5918_130,999999.0
5918_4630,4050.0
5918_4648,4050.0
5919_130,999999.0
5919_4630,4050.0
5919_4651,4050.0
5920_130,999999.0
5920_4648,4050.0
5920_4649,4050.0
5921_130,999999.0
5921_4649,4358.0
5921_4650,4358.0
5922_131,999999.0
5922_4646,4358.0
5922_4647,4358.0
5923_131,999999.0
5923_4646,4358.0
5923_4649,4358.0
5924_132,999999.0
5924_4644,4358.0
5924_4645,4358.0
5925_132,999999.0
5925_4644,4050.0
5925_4647,4050.0
5926_133,999999.0
5926_4636,4358.0
5926_4644,4358.0
5927_133,999999.0
5927_4643,4050.0
5927_4644,4050.0
5928_134,999999.0
5928_4641,4358.0
5928_4642,4358.0
5929_134,999999.0
5929_4641,14055.0
5929_4657,14055.0
5930_134,999999.0
5930_4657,21915.0
5931_135,999999.0
5931_4655,4358.0
5931_4660,4358.0
5932_137,999999.0
5932_4652,4050.0
5932_4663,4050.0
5933_137,999999.0
5933_4663,21915.0
5934_137,999999.0
5934_4653,21915.0
5935_138,999999.0
5935_4627,4358.0
5935_4651,4358.0
5936_138,999999.0
5936_4697,4050.0
5936_4698,4050.0
5937_139,999999.0
5937_4724,21915.0
5937_4725,21915.0
5938_139,999999.0
5938_4719,14055.0
5938_4726,14055.0
5939_139,999999.0
5939_4722,4358.0
5939_4723,4358.0
5940_140,999999.0
5940_4761,3165.0
5940_4762,3165.0
5941_140,999999.0
5941_4762,22650.0
5942_140,999999.0
5942_4740,10575.0
5943_140,999999.0
5943_4747,10575.0
5944_141,999999.0
5944_4750,14055.0
5945_141,999999.0
5945_4750,14055.0
5946_141,999999.0
5946_4737,4358.0
5946_4749,4358.0
5947_141,999999.0
5947_4757,8715.0
5948_142,999999.0
5948_4728,8715.0
5948_4729,8715.0
5949_142,999999.0
5949_4718,4050.0
5949_4727,4358.0
5950_142,999999.0
5950_4736,14055.0
5951_143,999999.0
5951_4696,4358.0
5951_4703,4358.0
5952_143,999999.0
5952_4701,4050.0
5952_4702,4050.0
5953_143,999999.0
5953_4664,4358.0
5953_4695,4358.0
5954_143,999999.0
5954_4624,14055.0
5954_4664,14055.0
5955_144,999999.0
5955_4665,8100.0
5955_4693,8100.0
5956_144,999999.0
5956_4666,4358.0
5956_4686,4358.0
5957_144,999999.0
5957_3208,4358.0
5957_4693,4358.0
5958_145,999999.0
5958_4667,4358.0
5958_4672,4358.0
5959_146,999999.0
5959_4672,4358.0
5959_4684,4358.0
5960_146,999999.0
5960_4671,4050.0
5960_4672,4050.0
5961_146,999999.0
5961_4682,4358.0
5961_4684,4358.0
5962_147,999999.0
5962_4670,14055.0
5962_4676,14055.0
5963_147,999999.0
5963_4668,14055.0
5963_4669,14055.0
5964_147,999999.0
5964_4670,4050.0
5964_4671,4050.0
5965_148,999999.0
5965_3195,18330.0
5965_4674,18330.0
5966_149,999999.0
5966_2930,9165.0
5966_4674,9165.0
5967_149,999999.0
5967_3195,14055.0
5967_4673,14055.0
5968_149,999999.0
5968_2960,14055.0
5968_4673,14055.0
5969_150,999999.0
5969_3408,15975.0
5969_5970,15975.0
5970_150,999999.0
5970_4673,14055.0
5970_5969,15975.0
5971_151,999999.0
5971_4669,14055.0
5971_4670,14055.0
5972_151,999999.0
5972_4676,14055.0
5972_4677,14055.0
5973_151,999999.0
5973_4675,18330.0
5973_4677,7028.0
5974_152,999999.0
5974_4677,14055.0
5974_4777,14055.0
5975_152,999999.0
5975_4677,4358.0
5975_4678,4358.0
5976_152,999999.0
5976_3404,4050.0
5976_4776,4050.0
5977_152,999999.0
5977_4681,4358.0
5977_4776,4358.0
5978_153,999999.0
5978_4683,4358.0
5978_4684,4358.0
5979_153,999999.0
5979_4684,4358.0
5979_4685,4358.0
5980_154,999999.0
5980_4687,8100.0
5981_154,999999.0
5981_4687,4358.0
5981_4688,4358.0
5982_155,999999.0
5982_4691,4358.0
5982_4692,4358.0
5983_155,999999.0
5983_4693,4358.0
5983_4694,4358.0
5984_155,999999.0
5984_3208,4050.0
5984_4692,4050.0
5985_156,999999.0
5985_4692,4050.0
5985_4708,4050.0
5986_156,999999.0
5986_4708,4358.0
5986_4709,4358.0
5987_157,999999.0
5987_4705,4050.0
5987_4708,4050.0
5988_157,999999.0
5988_4696,4358.0
5988_4708,4358.0
5989_157,999999.0
5989_4703,4358.0
5989_4704,4358.0
5990_158,999999.0
5990_4713,4050.0
5990_4714,4050.0
5991_158,999999.0
5991_4710,14055.0
5991_4711,14055.0
5992_158,999999.0
5992_4706,4050.0
5993_158,999999.0
5993_3180,4050.0
5993_4713,4050.0
5994_160,999999.0
5994_4734,14055.0
5995_160,999999.0
5995_4752,8715.0
5996_160,999999.0
5996_4752,7028.0
5997_161,999999.0
5997_3180,14055.0
5997_3402,14055.0
5998_161,999999.0
5998_4712,8715.0
5998_4769,8715.0
5999_162,999999.0
5999_4769,8715.0
5999_4770,8715.0
6000_162,999999.0
6000_4690,7028.0
6000_4711,7028.0
6001_162,999999.0
6001_4689,14055.0
6001_4772,14055.0
6002_163,999999.0
6002_3403,4050.0
6002_4683,4050.0
6003_163,999999.0
6003_4683,4358.0
6003_4773,4358.0
6004_163,999999.0
6004_3196,4050.0
6004_4773,4050.0
6005_164,999999.0
6005_3196,7028.0
6005_4774,7028.0
6006_164,999999.0
6006_4773,4358.0
6006_4774,4358.0
6007_164,999999.0
6007_4774,7028.0
6007_4775,7028.0
6008_165,999999.0
6008_4775,14055.0
6008_5651,14055.0
6009_165,999999.0
6009_5650,4050.0
6009_5651,4050.0
6010_165,999999.0
6010_4775,4358.0
6010_4776,4358.0
6011_166,999999.0
6011_4675,5258.0
6011_4777,4050.0
6012_166,999999.0
6012_4777,14055.0
6012_5650,14055.0
6013_167,999999.0
6013_4778,15975.0
6013_5650,14055.0
6014_167,999999.0
6014_4778,15975.0
6014_4779,15975.0
6015_168,999999.0
6015_4781,5018.0
6015_4782,5018.0
6016_168,999999.0
6016_4782,5018.0
6016_5638,5018.0
6017_168,999999.0
6017_4780,15975.0
6017_5662,15975.0
6018_169,999999.0
6018_4783,4050.0
6018_4784,4050.0
6019_169,999999.0
6019_4784,4358.0
6019_4785,4358.0
6020_170,999999.0
6020_4790,4358.0
6020_4791,4358.0
6021_170,999999.0
6021_4785,5018.0
6021_4790,4358.0
6022_170,999999.0
6022_4771,4358.0
6022_4784,4358.0
6023_171,999999.0
6023_4787,15975.0
6023_4788,15975.0
6024_171,999999.0
6024_4785,5018.0
6024_4786,5018.0
6025_171,999999.0
6025_4788,5018.0
6025_4790,5018.0
6026_172,999999.0
6026_4798,14055.0
6026_4799,14055.0
6027_172,999999.0
6027_4788,15975.0
6027_4789,15975.0
6028_172,999999.0
6028_4790,8715.0
6028_4792,8715.0
6029_173,999999.0
6029_4801,8715.0
6029_4803,8715.0
6030_173,999999.0
6030_4803,4358.0
6030_4804,4358.0
6031_174,999999.0
6031_4804,5018.0
6031_4806,4358.0
6032_174,999999.0
6032_4794,15975.0
6032_4795,14055.0
6033_175,999999.0
6033_4731,4050.0
6034_175,999999.0
6034_4712,14055.0
6034_4733,14055.0
6035_175,999999.0
6035_4733,14055.0
6035_4734,14055.0
6036_176,999999.0
6036_4856,9915.0
6036_4859,9915.0
6037_176,999999.0
6037_4843,5655.0
6038_177,999999.0
6038_3304,4958.0
6038_9152,4958.0
6039_177,999999.0
6039_3304,5655.0
6040_177,999999.0
6040_4897,5655.0
6041_177,999999.0
6041_4897,5655.0
6042_178,999999.0
6042_4899,9878.0
6043_178,999999.0
6043_4901,6330.0
6044_178,999999.0
6044_4909,6330.0
6045_179,999999.0
6045_4911,6330.0
6046_179,999999.0
6046_3488,9878.0
6047_179,999999.0
6047_4923,6330.0
6048_180,999999.0
6048_4922,10575.0
6048_4928,14055.0
6049_182,999999.0
6049_3312,10575.0
6049_4922,10575.0
6050_182,999999.0
6050_4912,8715.0
6051_182,999999.0
6051_4921,4050.0
6052_182,999999.0
6052_4908,6330.0
6053_113,999999.0
6053_4575,4358.0
6053_5739,4358.0
6054_183,999999.0
6054_4893,6330.0
6055_183,999999.0
6055_4902,8715.0
6056_184,999999.0
6056_4895,5655.0
6057_184,999999.0
6057_4895,9915.0
6057_9153,9915.0
6058_184,999999.0
6058_3181,8715.0
6059_185,999999.0
6059_4874,16493.0
6059_4875,16493.0
6060_185,999999.0
6060_4861,3165.0
6060_4866,3165.0
6061_4862,8715.0
6061_13295,8715.0
6062_186,999999.0
6062_4856,8715.0
6063_186,999999.0
6063_4844,4050.0
6063_4855,4050.0
6064_186,999999.0
6064_4843,9915.0
6064_4856,9915.0
6065_4844,8715.0
6066_186,999999.0
6066_4840,13590.0
6067_187,999999.0
6067_4841,8715.0
6068_187,999999.0
6068_4854,8715.0
6069_187,999999.0
6069_4845,8715.0
6070_187,999999.0
6070_4855,8715.0
6071_188,999999.0
6071_4837,4050.0
6072_188,999999.0
6072_4836,8715.0
6073_4833,4050.0
6074_188,999999.0
6074_4830,8100.0
6075_188,999999.0
6075_4832,4050.0
6075_4837,4050.0
6076_189,999999.0
6076_4820,14055.0
6076_4822,14055.0
6077_189,999999.0
6077_4826,7028.0
6077_4828,7028.0
6078_189,999999.0
6078_4827,4358.0
6078_4829,4358.0
6079_190,999999.0
6079_4834,7028.0
6079_4847,7028.0
6080_190,999999.0
6080_4848,4358.0
6080_4849,4358.0
6081_190,999999.0
6081_4833,14055.0
6081_4834,14055.0
6082_191,999999.0
6082_4847,4358.0
6082_4848,4358.0
6083_191,999999.0
6083_4848,4358.0
6083_4852,4358.0
6084_191,999999.0
6084_4835,7028.0
6084_4846,7028.0
6085_192,999999.0
6085_4862,7028.0
6085_4865,7028.0
6086_192,999999.0
6086_4851,8715.0
6087_192,999999.0
6087_4863,6330.0
6088_4865,4358.0
6089_193,999999.0
6089_4891,4358.0
6090_194,999999.0
6090_4929,4050.0
6091_196,999999.0
6091_4938,8100.0
6092_196,999999.0
6092_4937,8715.0
6092_4940,8715.0
6093_4290,21915.0
6093_4931,14055.0
6094_3222,21915.0
6094_4938,21915.0
6095_3314,8715.0
6096_198,999999.0
6096_4933,7028.0
6096_4934,7028.0
6097_199,999999.0
6097_4886,4358.0
6097_4904,4358.0
6098_199,999999.0
6098_4887,4358.0
6099_199,999999.0
6099_4904,4358.0
6100_199,999999.0
6100_2897,8715.0
6101_200,999999.0
6101_4883,8715.0
6102_200,999999.0
6102_4889,8715.0
6103_200,999999.0
6103_4888,4358.0
6104_201,999999.0
6104_4864,3165.0
6105_202,999999.0
6105_4850,4358.0
6105_4851,4358.0
6106_202,999999.0
6106_4850,8715.0
6107_203,999999.0
6107_4825,4358.0
6107_5013,4358.0
6108_203,999999.0
6108_4825,4358.0
6108_4849,4358.0
6109_204,999999.0
6109_4822,15975.0
6109_4823,15975.0
6110_204,999999.0
6110_4823,7988.0
6110_5019,7988.0
6111_107,999999.0
6111_1609,4515.0
6111_5661,4515.0
6112_204,999999.0
6112_4817,14580.0
6112_5022,14580.0
6113_205,999999.0
6113_5010,4050.0
6113_5012,4050.0
6114_205,999999.0
6114_5016,4358.0
6114_5017,4358.0
6115_205,999999.0
6115_5009,4358.0
6115_5017,4358.0
6116_206,999999.0
6116_5001,8715.0
6117_206,999999.0
6117_4998,8715.0
6118_206,999999.0
6118_4999,4358.0
6118_5001,4358.0
6119_207,999999.0
6119_4988,8715.0
6120_207,999999.0
6120_4986,4358.0
6120_4987,4358.0
6121_207,999999.0
6121_4991,21915.0
6121_5418,21915.0
6122_208,999999.0
6122_4877,16493.0
6122_5418,21915.0
6123_208,999999.0
6123_4978,4358.0
6124_208,999999.0
6124_4885,4358.0
6125_209,999999.0
6125_4967,3165.0
6126_209,999999.0
6126_4905,8715.0
6127_209,999999.0
6127_4967,3165.0
6128_209,999999.0
6128_4886,4358.0
6129_210,999999.0
6129_4915,8715.0
6130_211,999999.0
6130_4951,4358.0
6131_211,999999.0
6131_4916,14055.0
6131_4959,14055.0
6132_211,999999.0
6132_4934,4358.0
6132_5659,4358.0
6133_212,999999.0
6133_4935,7028.0
6133_4949,7028.0
6134_212,999999.0
6134_4936,14055.0
6134_4937,14055.0
6135_212,999999.0
6135_4940,4050.0
6136_212,999999.0
6136_5658,8100.0
6137_213,999999.0
6137_4943,8715.0
6138_213,999999.0
6138_4942,13590.0
6138_4943,13590.0
6139_213,999999.0
6139_3222,14055.0
6139_4942,14055.0
6139_4956,4358.0
6140_215,999999.0
6140_4946,7028.0
6140_4947,7028.0
6141_215,999999.0
6141_4943,13590.0
6141_4944,13590.0
6142_215,999999.0
6142_4948,4050.0
6143_216,999999.0
6143_4946,14055.0
6143_4954,14055.0
6144_216,999999.0
6144_4953,4358.0
6144_4954,4358.0
6145_217,999999.0
6145_4951,4358.0
6145_4952,4358.0
6146_217,999999.0
6146_4958,14055.0
6146_4959,14055.0
6147_217,999999.0
6147_4961,8715.0
6148_218,999999.0
6148_4955,8715.0
6149_218,999999.0
6149_4958,4358.0
6150_218,999999.0
6150_4957,14055.0
6150_4958,14055.0
6151_219,999999.0
6151_4964,3165.0
6152_219,999999.0
6152_4964,6330.0
6153_220,999999.0
6153_4972,4358.0
6154_220,999999.0
6154_4963,16493.0
6154_4970,21915.0
6155_221,999999.0
6155_4980,4358.0
6156_221,999999.0
6156_4977,4358.0
6157_221,999999.0
6157_4981,4358.0
6158_222,999999.0
6158_4982,21915.0
6158_4991,21915.0
6159_222,999999.0
6159_4988,4358.0
6160_222,999999.0
6160_4985,8715.0
6161_222,999999.0
6161_4989,8715.0
6162_223,999999.0
6162_5002,4358.0
6163_224,999999.0
6163_5006,4358.0
6163_5007,4358.0
6164_225,999999.0
6164_3194,14055.0
6164_5031,14055.0
6165_225,999999.0
6165_5112,14055.0
6165_5632,14055.0
6166_225,999999.0
6166_5111,8715.0
6166_5112,8715.0
6167_226,999999.0
6167_5109,14055.0
6167_5110,14055.0
6168_226,999999.0
6168_5032,4358.0
6168_5110,4358.0
6169_226,999999.0
6169_5032,14055.0
6169_5033,14055.0
6170_226,999999.0
6170_5033,4358.0
6170_5109,4358.0
6171_227,999999.0
6171_5033,4358.0
6171_13280,4358.0
6172_227,999999.0
6172_5004,4358.0
6172_13280,4358.0
6173_227,999999.0
6173_5006,4358.0
6173_5032,4358.0
6174_228,999999.0
6174_5034,14055.0
6174_5035,14055.0
6175_228,999999.0
6175_4994,4358.0
6175_5037,4358.0
6176_229,999999.0
6176_4976,3165.0
6177_229,999999.0
6177_5039,3165.0
6178_5045,10575.0
6178_5048,10575.0
6179_230,999999.0
6179_5046,3165.0
6179_5047,4358.0
6180_230,999999.0
6180_5047,14055.0
6180_5051,8715.0
6181_230,999999.0
6181_13301,8715.0
6182_230,999999.0
6182_5052,8715.0
6183_231,999999.0
6183_5059,14055.0
6183_5063,14055.0
6184_232,999999.0
6184_5062,8715.0
6184_5063,8715.0
6185_232,999999.0
6185_3339,8715.0
6185_5062,8715.0
6186_232,999999.0
6186_5066,8715.0
6187_233,999999.0
6187_5064,7028.0
6187_5068,7028.0
6188_233,999999.0
6188_5064,7028.0
6188_13286,7028.0
6189_233,999999.0
6189_5068,14055.0
6189_5070,14055.0
6190_233,999999.0
6190_4946,7028.0
6190_5069,7028.0
6191_234,999999.0
6191_5070,14055.0
6191_5073,14055.0
6192_234,999999.0
6192_5073,14055.0
6192_5074,14055.0
6193_235,999999.0
6193_5073,14055.0
6193_5077,14055.0
6194_237,999999.0
6194_5079,4358.0
6194_5080,4358.0
6195_238,999999.0
6195_5081,4358.0
6195_5082,4358.0
6196_7451,71040.0
6197_240,999999.0
6197_5398,5018.0
6197_5399,5018.0
6198_242,999999.0
6198_3695,4358.0
6198_5412,4358.0
6199_242,999999.0
6199_3695,14055.0
6199_5413,14055.0
6200_244,999999.0
6200_5397,5018.0
6200_5643,5018.0
6201_245,999999.0
6201_5083,8715.0
6202_245,999999.0
6202_5083,14055.0
6202_5084,14055.0
6203_246,999999.0
6203_5072,14055.0
6203_5084,14055.0
6204_246,999999.0
6204_5084,14055.0
6204_5085,14055.0
6205_246,999999.0
6205_5071,4358.0
6205_5072,4358.0
6206_247,999999.0
6206_5085,14055.0
6206_5086,14055.0
6207_247,999999.0
6207_3340,7028.0
6207_5085,7028.0
6208_247,999999.0
6208_5067,7028.0
6208_5086,7028.0
6209_247,999999.0
6209_5067,4358.0
6209_5071,4358.0
6210_248,999999.0
6210_5086,7028.0
6210_5087,7028.0
6211_249,999999.0
6211_5376,14055.0
6211_5377,14055.0
6212_249,999999.0
6212_5385,4358.0
6212_5386,4358.0
6213_249,999999.0
6213_5375,14055.0
6213_5376,14055.0
6214_250,999999.0
6214_5377,14055.0
6214_5644,14055.0
6215_250,999999.0
6215_5377,4050.0
6215_5385,4050.0
6216_5270,8715.0
6216_5385,8715.0
6217_250,999999.0
6217_5270,4358.0
6217_5644,4358.0
6218_251,999999.0
6218_3962,14055.0
6218_5090,14055.0
6219_251,999999.0
6219_3962,4358.0
6219_4562,4358.0
6220_251,999999.0
6220_5066,8715.0
6220_5090,8715.0
6221_251,999999.0
6221_4562,8715.0
6221_5066,8715.0
6222_252,999999.0
6222_5378,8715.0
6222_5384,8715.0
6223_5090,14055.0
6223_5091,14055.0
6224_252,999999.0
6224_5383,8715.0
6224_5384,8715.0
6225_252,999999.0
6225_5378,14055.0
6225_5380,14055.0
6226_253,999999.0
6226_5380,14055.0
6226_5381,14055.0
6227_253,999999.0
6227_5372,8715.0
6227_5380,8715.0
6228_253,999999.0
6228_5353,4358.0
6228_5381,4358.0
6229_254,999999.0
6229_5061,8715.0
6230_254,999999.0
6230_5056,8715.0
6231_5092,14055.0
6231_5093,14055.0
6232_255,999999.0
6232_5339,14055.0
6232_5346,14055.0
6233_255,999999.0
6233_5339,8715.0
6233_5340,8715.0
6234_255,999999.0
6234_5343,8715.0
6234_5344,8715.0
6235_255,999999.0
6235_5344,8715.0
6235_5345,8715.0
6236_5345,4358.0
6236_5347,4358.0
6237_256,999999.0
6237_5310,14055.0
6237_5339,14055.0
6238_256,999999.0
6238_2743,4358.0
6238_5310,4358.0
6239_257,999999.0
6239_5341,4358.0
6239_5342,4358.0
6240_257,999999.0
6240_5309,4358.0
6240_5340,4358.0
6241_257,999999.0
6241_5097,4358.0
6241_5309,4358.0
6242_258,999999.0
6242_5096,4358.0
6242_5098,4358.0
6243_258,999999.0
6243_5049,8715.0
6244_258,999999.0
6244_5048,4358.0
6244_5049,4358.0
6245_258,999999.0
6245_5048,4358.0
6245_5098,4358.0
6246_259,999999.0
6246_5041,3165.0
6246_5042,3165.0
6247_259,999999.0
6247_5043,16493.0
6247_5101,16493.0
6248_259,999999.0
6248_5101,3165.0
6248_5102,3165.0
6249_259,999999.0
6249_5043,10575.0
6249_5044,10575.0
6250_260,999999.0
6250_3209,21915.0
6250_5101,16493.0
6251_260,999999.0
6251_5035,14055.0
6251_5043,10575.0
6252_261,999999.0
6252_5106,14055.0
6252_5107,14055.0
6253_261,999999.0
6253_5034,4358.0
6253_5107,4358.0
6254_262,999999.0
6254_5307,4358.0
6254_5308,4358.0
6255_262,999999.0
6255_5104,8715.0
6255_5308,8715.0
6256_262,999999.0
6256_3209,14055.0
6256_5104,14055.0
6257_263,999999.0
6257_5299,14055.0
6257_5302,14055.0
6258_263,999999.0
6258_2946,21915.0
6258_5303,21915.0
6259_263,999999.0
6259_5236,14055.0
6259_5656,14055.0
6260_263,999999.0
6260_5235,7028.0
6260_5236,7028.0
6261_264,999999.0
6261_5107,14055.0
6261_5189,14055.0
6262_264,999999.0
6262_5189,8715.0
6262_5190,8715.0
6263_264,999999.0
6263_2945,4358.0
6263_5188,4358.0
6264_265,999999.0
6264_5114,4515.0
6264_5187,4515.0
6265_265,999999.0
6265_5185,5018.0
6265_5186,5018.0
6266_265,999999.0
6266_5115,5018.0
6266_5185,5018.0
6267_265,999999.0
6267_5114,10035.0
6267_5115,5018.0
6268_266,999999.0
6268_5117,4358.0
6268_5118,4358.0
6269_266,999999.0
6269_5117,4358.0
6269_5144,4358.0
6270_266,999999.0
6270_5123,4358.0
6270_5145,4358.0
6271_266,999999.0
6271_5121,14055.0
6271_5122,14055.0
6272_267,999999.0
6272_5180,15975.0
6272_5639,15975.0
6273_267,999999.0
6273_5181,5018.0
6273_5182,4358.0
6274_268,999999.0
6274_5125,14055.0
6274_5126,14055.0
6275_268,999999.0
6275_5126,7028.0
6275_5143,7028.0
6276_5141,7028.0
6276_5142,7028.0
6276_8657,4050.0
6277_269,999999.0
6277_5127,4358.0
6277_5142,4358.0
6278_269,999999.0
6278_5126,4050.0
6278_5127,4050.0
6279_270,999999.0
6279_5142,4358.0
6279_5147,4358.0
6280_270,999999.0
6280_5146,21915.0
6280_5147,21915.0
6281_270,999999.0
6281_5143,4358.0
6281_5146,4358.0
6282_271,999999.0
6282_5140,7028.0
6282_5141,7028.0
6283_271,999999.0
6283_5140,4050.0
6283_5149,4050.0
6284_272,999999.0
6284_5130,4358.0
6284_5141,4358.0
6285_272,999999.0
6285_5131,4050.0
6285_5140,4050.0
6286_273,999999.0
6286_5130,4050.0
6286_8656,4050.0
6287_273,999999.0
6287_5128,7028.0
6287_5129,7028.0
6288_274,999999.0
6288_5131,4050.0
6288_5132,4050.0
6289_274,999999.0
6289_5132,4358.0
6289_5133,4358.0
6290_274,999999.0
6290_5138,7028.0
6290_5140,7028.0
6291_275,999999.0
6291_5137,7988.0
6291_5138,7988.0
6292_275,999999.0
6292_5134,4515.0
6292_5137,4515.0
6293_275,999999.0
6293_5133,4050.0
6293_5138,4050.0
6294_276,999999.0
6294_5139,4515.0
6294_5150,4515.0
6295_276,999999.0
6295_5136,7988.0
6295_5137,7988.0
6296_277,999999.0
6296_5151,15975.0
6296_5152,15975.0
6297_277,999999.0
6297_5136,4515.0
6297_5139,4515.0
6298_277,999999.0
6298_5151,15975.0
6298_9045,15975.0
6299_279,999999.0
6299_5135,15975.0
6299_5152,15975.0
6300_280,999999.0
6300_5152,15975.0
6300_9046,15975.0
6301_281,999999.0
6301_3420,6240.0
6301_5159,6240.0
6302_282,999999.0
6302_5149,18330.0
6302_5150,18330.0
6303_282,999999.0
6303_5147,8715.0
6303_5176,8715.0
6304_283,999999.0
6304_5159,9165.0
6304_5162,9165.0
6305_284,999999.0
6305_5155,7988.0
6305_5159,7988.0
6306_284,999999.0
6306_5155,4515.0
6306_5156,4515.0
6307_284,999999.0
6307_5156,5018.0
6307_5160,5018.0
6308_285,999999.0
6308_5159,6240.0
6308_5160,5018.0
6309_285,999999.0
6309_5160,7988.0
6309_5161,7988.0
6310_285,999999.0
6310_5161,7988.0
6310_5890,7988.0
6311_286,999999.0
6311_5162,7988.0
6311_5163,7988.0
6312_286,999999.0
6312_5161,15975.0
6312_11891,15975.0
6313_287,999999.0
6313_5163,7988.0
6313_5166,7988.0
6314_287,999999.0
6314_5162,4515.0
6314_5164,4515.0
6315_288,999999.0
6315_5164,4515.0
6315_5165,4515.0
6316_288,999999.0
6316_8383,4515.0
6316_8384,5258.0
6317_289,999999.0
6317_5165,4515.0
6317_8383,4515.0
6318_290,999999.0
6318_3423,7988.0
6318_5169,7988.0
6319_290,999999.0
6319_5165,4515.0
6319_5166,4515.0
6320_148,999999.0
6320_4674,9165.0
6320_10100,7988.0
6321_291,999999.0
6321_5169,5018.0
6321_5172,5018.0
6322_291,999999.0
6322_5171,4358.0
6322_5172,4358.0
6323_292,999999.0
6323_5170,5018.0
6323_5171,4358.0
6324_292,999999.0
6324_5171,8715.0
6324_5213,8715.0
6325_292,999999.0
6325_5213,7028.0
6325_5217,7028.0
6326_292,999999.0
6326_5214,7028.0
6326_5217,7028.0
6327_293,999999.0
6327_5173,4515.0
6327_8385,4515.0
6328_293,999999.0
6328_5173,5018.0
6328_5211,5018.0
6329_294,999999.0
6329_5174,4515.0
6329_8385,4515.0
6330_295,999999.0
6330_5174,9030.0
6330_5208,9030.0
6331_295,999999.0
6331_5209,15975.0
6331_5210,15975.0
6332_295,999999.0
6332_5210,15975.0
6332_5211,15975.0
6333_296,999999.0
6333_5206,5018.0
6333_5218,4358.0
6334_296,999999.0
6334_5211,14055.0
6334_5212,14055.0
6335_296,999999.0
6335_5217,7028.0
6335_5218,7028.0
6336_297,999999.0
6336_5221,7028.0
6336_5222,7028.0
6337_297,999999.0
6337_5201,4358.0
6337_5205,4358.0
6338_297,999999.0
6338_5201,4050.0
6339_297,999999.0
6339_5205,4358.0
6339_5221,4358.0
6340_298,999999.0
6340_5179,15975.0
6340_5208,15975.0
6341_299,999999.0
6341_5183,4358.0
6341_5198,4358.0
6342_299,999999.0
6342_5195,4358.0
6342_5198,4358.0
6343_300,999999.0
6343_5200,4358.0
6343_5223,4358.0
6344_300,999999.0
6344_5197,4358.0
6344_5229,4358.0
6345_301,999999.0
6345_5195,8715.0
6346_301,999999.0
6346_5193,4050.0
6346_5194,4050.0
6347_301,999999.0
6347_5193,4358.0
6347_5196,4358.0
6348_302,999999.0
6348_5186,4050.0
6348_5194,4050.0
6349_302,999999.0
6349_5186,10035.0
6349_5187,8715.0
6350_302,999999.0
6350_5191,4358.0
6350_5194,4358.0
6351_303,999999.0
6351_5191,4358.0
6351_5192,4358.0
6352_303,999999.0
6352_5192,4358.0
6352_5193,4358.0
6353_303,999999.0
6353_5193,4050.0
6353_5231,4050.0
6354_304,999999.0
6354_5228,4358.0
6354_5233,4358.0
6355_304,999999.0
6355_5228,4358.0
6355_5232,4358.0
6356_304,999999.0
6356_5230,7028.0
6356_5231,7028.0
6357_305,999999.0
6357_5224,4358.0
6357_5233,4358.0
6358_305,999999.0
6358_5223,4358.0
6358_5224,4358.0
6359_305,999999.0
6359_5229,7028.0
6359_5230,7028.0
6360_306,999999.0
6360_5224,4358.0
6360_5226,4358.0
6361_306,999999.0
6361_5227,4358.0
6361_5228,4358.0
6362_306,999999.0
6362_5226,7028.0
6362_5227,7028.0
6363_308,999999.0
6363_5247,4358.0
6363_5248,4358.0
6364_308,999999.0
6364_5247,4358.0
6364_5250,4050.0
6365_309,999999.0
6365_5220,7028.0
6365_5225,7028.0
6366_309,999999.0
6366_5251,7028.0
6366_5252,7028.0
6367_310,999999.0
6367_5252,7028.0
6367_5256,7028.0
6368_311,999999.0
6368_5225,7028.0
6368_5226,7028.0
6369_311,999999.0
6369_5220,7028.0
6369_5221,7028.0
6370_311,999999.0
6370_5224,4050.0
6371_312,999999.0
6371_5216,7988.0
6371_5217,7028.0
6372_312,999999.0
6372_5216,7028.0
6372_5219,7028.0
6373_312,999999.0
6373_5218,4358.0
6373_5219,4358.0
6374_313,999999.0
6374_5257,7028.0
6374_9047,7028.0
6375_313,999999.0
6375_5219,14055.0
6375_5254,14055.0
6376_313,999999.0
6376_3422,7988.0
6376_5216,7988.0
6377_314,999999.0
6377_5215,7988.0
6377_5216,7988.0
6378_315,999999.0
6378_5215,5018.0
6378_5258,5018.0
6379_315,999999.0
6379_5170,7988.0
6379_5214,7028.0
6380_315,999999.0
6380_5168,5018.0
6380_5169,5018.0
6381_316,999999.0
6381_5166,5018.0
6381_5167,5018.0
6382_316,999999.0
6382_5167,15975.0
6382_5168,15975.0
6383_317,999999.0
6383_5258,7988.0
6383_5259,7988.0
6384_317,999999.0
6384_5260,5018.0
6384_11890,5018.0
6385_318,999999.0
6385_5261,8715.0
6385_5262,8715.0
6386_319,999999.0
6386_5269,4050.0
6386_5271,4050.0
6387_319,999999.0
6387_5267,4358.0
6387_5268,4358.0
6388_319,999999.0
6388_5268,14055.0
6388_5269,14055.0
6389_320,999999.0
6389_5257,7028.0
6389_5258,7988.0
6390_321,999999.0
6390_5256,14055.0
6390_5272,14055.0
6391_321,999999.0
6391_5267,4358.0
6391_5272,4358.0
6392_322,999999.0
6392_3205,14055.0
6392_5277,14055.0
6393_322,999999.0
6393_5271,14055.0
6393_5272,14055.0
6394_323,999999.0
6394_5276,14055.0
6394_5280,14055.0
6395_323,999999.0
6395_5250,7028.0
6395_5251,7028.0
6396_324,999999.0
6396_5281,8715.0
6396_5282,8715.0
6397_325,999999.0
6397_3186,8100.0
6397_5279,8100.0
6398_325,999999.0
6398_5279,14055.0
6398_5285,14055.0
6399_325,999999.0
6399_5285,14055.0
6399_5288,14055.0
6400_326,999999.0
6400_5281,4050.0
6400_5288,4050.0
6401_326,999999.0
6401_5281,14055.0
6401_5283,14055.0
6402_326,999999.0
6402_5283,4050.0
6402_5289,4050.0
6403_327,999999.0
6403_3224,7028.0
6403_5287,14055.0
6404_327,999999.0
6404_3224,4358.0
6404_5323,4358.0
6405_327,999999.0
6405_5286,15975.0
6405_5324,15975.0
6406_327,999999.0
6406_5288,14055.0
6406_5289,14055.0
6407_328,999999.0
6407_5325,5018.0
6407_5326,5018.0
6408_329,999999.0
6408_5323,5018.0
6408_5326,5018.0
6409_329,999999.0
6409_5322,4358.0
6409_5323,5018.0
6410_329,999999.0
6410_5322,8715.0
6410_5327,8715.0
6411_329,999999.0
6411_5326,5018.0
6411_5327,5018.0
6412_330,999999.0
6412_5327,8715.0
6412_5362,8715.0
6413_330,999999.0
6413_5362,5018.0
6413_5363,5018.0
6414_330,999999.0
6414_5326,5018.0
6414_5363,5018.0
6415_331,999999.0
6415_5363,5018.0
6415_5364,5018.0
6416_331,999999.0
6416_2878,7028.0
6416_2879,7028.0
6417_332,999999.0
6417_2879,4358.0
6417_5366,4358.0
6418_332,999999.0
6418_5360,7028.0
6418_5367,7028.0
6419_333,999999.0
6419_5360,4358.0
6419_5361,4358.0
6420_333,999999.0
6420_5329,4358.0
6420_5332,4358.0
6421_333,999999.0
6421_5329,4358.0
6421_5361,4358.0
6422_334,999999.0
6422_5327,4358.0
6422_5329,4358.0
6423_334,999999.0
6423_5321,4358.0
6423_5322,4358.0
6424_335,999999.0
6424_5290,8715.0
6424_5322,8715.0
6425_335,999999.0
6425_5290,21915.0
6425_5291,21915.0
6426_336,999999.0
6426_5289,14055.0
6426_5290,14055.0
6427_336,999999.0
6427_5245,14055.0
6427_5283,14055.0
6428_337,999999.0
6428_5240,7028.0
6428_5292,7028.0
6429_339,999999.0
6429_4812,14055.0
6429_5237,14055.0
6430_339,999999.0
6430_4812,4358.0
6430_5235,4358.0
6431_340,999999.0
6431_4812,4358.0
6431_5296,4358.0
6432_341,999999.0
6432_5319,7028.0
6432_5320,7028.0
6433_341,999999.0
6433_5317,4358.0
6433_5320,4358.0
6434_341,999999.0
6434_5317,4050.0
6434_5318,4050.0
6435_342,999999.0
6435_5297,4358.0
6435_5316,4358.0
6436_342,999999.0
6436_5301,14055.0
6436_5312,14055.0
6437_343,999999.0
6437_3847,14055.0
6437_5312,14055.0
6438_343,999999.0
6438_5336,4358.0
6438_5337,7028.0
6439_344,999999.0
6439_5313,4358.0
6439_5314,4358.0
6440_344,999999.0
6440_5315,4358.0
6440_5334,4358.0
6441_345,999999.0
6441_2925,4358.0
6441_3437,4358.0
6442_345,999999.0
6442_3442,4358.0
6442_5357,4358.0
6443_346,999999.0
6443_5337,8715.0
6443_5338,8715.0
6444_346,999999.0
6444_5337,14055.0
6444_5351,14055.0
6445_347,999999.0
6445_5354,4358.0
6445_5355,4358.0
6446_347,999999.0
6446_5353,7028.0
6446_5371,7028.0
6447_348,999999.0
6447_5371,7028.0
6447_5372,7028.0
6448_348,999999.0
6448_3444,4358.0
6448_5371,4358.0
6449_349,999999.0
6449_5368,7028.0
6449_5461,7028.0
6450_349,999999.0
6450_5367,7028.0
6450_5368,7028.0
6451_350,999999.0
6451_5461,14055.0
6451_5462,7028.0
6452_350,999999.0
6452_5461,14055.0
6452_5468,7028.0
6453_351,999999.0
6453_5458,45135.0
6453_5460,45135.0
6454_351,999999.0
6454_5411,4358.0
6454_5447,4358.0
6455_352,999999.0
6455_5390,7028.0
6455_9144,7028.0
6456_352,999999.0
6456_5391,7028.0
6456_5404,7028.0
6457_353,999999.0
6457_5388,7028.0
6457_5390,7028.0
6458_353,999999.0
6458_5390,7028.0
6458_5391,7028.0
6459_353,999999.0
6459_5389,14055.0
6459_5393,14055.0
6460_354,999999.0
6460_5389,7028.0
6460_5394,7028.0
6461_354,999999.0
6461_5395,8100.0
6462_354,999999.0
6462_3430,15975.0
6462_5395,14055.0
6463_355,999999.0
6463_5401,21915.0
6463_5410,21915.0
6464_355,999999.0
6464_3694,7028.0
6464_5410,7028.0
6465_355,999999.0
6465_3694,4358.0
6465_3695,4358.0
6466_356,999999.0
6466_5414,4358.0
6466_5415,4358.0
6467_358,999999.0
6467_5408,21915.0
6467_5416,21915.0
6468_358,999999.0
6468_5406,8715.0
6468_5419,8715.0
6469_359,999999.0
6469_5409,21915.0
6469_5410,21915.0
6470_359,999999.0
6470_3453,4358.0
6470_5407,4358.0
6471_360,999999.0
6471_5406,7028.0
6471_9142,7028.0
6472_360,999999.0
6472_5404,8100.0
6473_361,999999.0
6473_5404,4050.0
6473_9141,4050.0
6474_5405,4515.0
6474_5543,10035.0
6474_5544,10035.0
6474_12716,4515.0
6475_363,999999.0
6475_5448,37613.0
6475_5449,37613.0
6476_364,999999.0
6476_5470,7028.0
6476_5472,7028.0
6477_748,999999.0
6477_2305,14055.0
6477_2878,14055.0
6478_366,999999.0
6478_5466,7028.0
6478_5474,7028.0
6479_367,999999.0
6479_2306,5018.0
6479_8865,5018.0
6480_367,999999.0
6480_5475,7988.0
6480_5477,7028.0
6481_367,999999.0
6481_3192,7028.0
6481_5474,7028.0
6482_368,999999.0
6482_3192,7028.0
6482_5473,7028.0
6483_369,999999.0
6483_5472,7028.0
6483_5473,7028.0
6484_369,999999.0
6484_5453,7028.0
6484_5472,7028.0
6484_9143,4358.0
6485_369,999999.0
6485_5453,4358.0
6485_5483,4358.0
6486_370,999999.0
6486_5481,4358.0
6486_5483,4358.0
6487_370,999999.0
6487_5481,14055.0
6487_5486,14055.0
6488_371,999999.0
6488_5452,14055.0
6488_5484,14055.0
6489_371,999999.0
6489_3458,4358.0
6489_5453,4358.0
6490_371,999999.0
6490_5451,8100.0
6490_5454,8100.0
6491_372,999999.0
6491_5436,4050.0
6491_5451,4050.0
6492_372,999999.0
6492_5452,14055.0
6493_373,999999.0
6493_5489,14055.0
6493_5490,14055.0
6494_373,999999.0
6494_5432,14055.0
6494_5490,14055.0
6495_374,999999.0
6495_5485,14055.0
6495_5486,14055.0
6496_374,999999.0
6496_5485,4358.0
6496_5489,4358.0
6497_374,999999.0
6497_5488,14055.0
6497_5489,14055.0
6498_375,999999.0
6498_5494,14055.0
6498_5495,14055.0
6499_376,999999.0
6499_5499,4358.0
6499_5500,4358.0
6500_376,999999.0
6500_3454,21915.0
6500_5431,21915.0
6501_376,999999.0
6501_5491,14055.0
6501_5492,14055.0
6502_377,999999.0
6502_3454,45135.0
6502_5432,45135.0
6503_377,999999.0
6503_5432,21915.0
6504_377,999999.0
6504_5423,14055.0
6505_377,999999.0
6505_3191,8100.0
6505_5421,8100.0
6506_378,999999.0
6506_5421,8100.0
6506_5436,8100.0
6507_379,999999.0
6507_5416,21915.0
6507_5417,21915.0
6508_1436,999999.0
6508_5523,5258.0
6509_379,999999.0
6509_3191,14055.0
6509_5406,7028.0
6510_380,999999.0
6510_5430,21915.0
6511_380,999999.0
6511_5430,14055.0
6511_5500,14055.0
6512_381,999999.0
6512_5425,14055.0
6513_381,999999.0
6513_5415,4358.0
6513_5416,4358.0
6514_381,999999.0
6514_5415,7028.0
6514_5425,7028.0
6515_381,999999.0
6515_5511,21915.0
6516_382,999999.0
6516_5414,15975.0
6516_5426,15975.0
6517_382,999999.0
6517_5428,15975.0
6517_5660,15975.0
6518_385,999999.0
6518_5509,4050.0
6518_5513,4515.0
6519_387,999999.0
6519_5509,7028.0
6519_5510,7028.0
6520_388,999999.0
6520_5506,14055.0
6520_5507,14055.0
6521_388,999999.0
6521_5503,4050.0
6521_5507,4050.0
6522_388,999999.0
6522_5503,14055.0
6522_5504,14055.0
6523_389,999999.0
6523_5517,5018.0
6523_5518,4358.0
6524_389,999999.0
6524_3691,15975.0
6524_5517,15975.0
6525_391,999999.0
6525_5565,4515.0
6525_5566,4515.0
6526_391,999999.0
6526_5566,15975.0
6526_5567,15975.0
6527_392,999999.0
6527_5518,4358.0
6527_5565,4358.0
6528_392,999999.0
6528_5518,4358.0
6528_5521,4358.0
6529_393,999999.0
6529_5505,14055.0
6529_5506,14055.0
6530_393,999999.0
6530_5506,8715.0
6530_5518,8715.0
6531_394,999999.0
6531_5521,14055.0
6531_9139,14055.0
6532_394,999999.0
6532_5521,4358.0
6532_5524,4358.0
6533_395,999999.0
6533_5526,45135.0
6533_5527,37613.0
6534_397,999999.0
6534_5525,45135.0
6534_5526,45135.0
6535_397,999999.0
6535_5525,4358.0
6535_5530,4358.0
6536_399,999999.0
6536_5531,4358.0
6536_5534,4358.0
6537_399,999999.0
6537_5531,14055.0
6537_5553,14055.0
6538_400,999999.0
6538_5552,5018.0
6538_6539,5018.0
6539_5546,4358.0
6539_5547,4358.0
6539_6538,5018.0
6540_401,999999.0
6540_5477,14055.0
6540_5537,15975.0
6541_402,999999.0
6541_5537,7988.0
6541_5538,7988.0
6542_402,999999.0
6542_5475,5018.0
6542_5538,5018.0
6543_402,999999.0
6543_2307,7988.0
6543_5475,7988.0
6544_403,999999.0
6544_5536,5018.0
6544_5545,5018.0
6545_404,999999.0
6545_5536,4358.0
6545_5539,4358.0
6546_405,999999.0
6546_3465,5018.0
6546_12716,5018.0
6547_407,999999.0
6547_5540,10035.0
6547_5541,10035.0
6548_407,999999.0
6548_5542,10035.0
6548_13282,10035.0
6549_408,999999.0
6549_5549,10035.0
6549_5580,10035.0
6550_409,999999.0
6550_5557,5018.0
6550_5558,5018.0
6551_410,999999.0
6551_3190,4050.0
6551_5576,4050.0
6552_411,999999.0
6552_5570,15975.0
6552_5621,15975.0
6553_5572,33480.0
6554_412,999999.0
6554_1544,7028.0
6555_3135,3735.0
6555_5567,4515.0
6555_5568,4050.0
6556_413,999999.0
6556_2486,15975.0
6556_5567,15975.0
6557_414,999999.0
6557_5607,7988.0
6557_9048,7988.0
6558_414,999999.0
6558_5569,7988.0
6558_5607,15975.0
6559_414,999999.0
6559_5568,4050.0
6559_5569,4050.0
6560_415,999999.0
6560_5608,4515.0
6560_5609,4515.0
6561_415,999999.0
6561_5609,15975.0
6561_5611,15975.0
6562_416,999999.0
6562_5602,4515.0
6562_13283,4515.0
6563_417,999999.0
6563_5582,9030.0
6563_5601,9030.0
6564_417,999999.0
6564_5549,15975.0
6564_5582,15975.0
6565_418,999999.0
6565_5548,5018.0
6565_5583,5018.0
6566_418,999999.0
6566_5584,10035.0
6566_5585,10035.0
6567_419,999999.0
6567_5585,5018.0
6567_5586,5018.0
6568_420,999999.0
6568_5587,15975.0
6568_7531,10035.0
6569_420,999999.0
6569_2937,4515.0
6569_5590,4515.0
6570_688,999999.0
6570_2729,7988.0
6570_7532,7988.0
6571_421,999999.0
6571_2937,5018.0
6571_9049,5018.0
6572_421,999999.0
6572_2871,10035.0
6572_5600,10035.0
6573_422,999999.0
6573_5598,51390.0
6573_5599,51390.0
6574_423,999999.0
6574_5597,51390.0
6574_5598,51390.0
6575_6576,18330.0
6575_7235,9165.0
6575_8113,5258.0
6575_9240,999999.0
6576_5882,5258.0
6576_6575,18330.0
6576_12057,18330.0
6576_12058,6240.0
6577_12056,6240.0
6577_12057,18330.0
6577_13019,15975.0
6578_8112,5018.0
6578_11532,6240.0
6578_12056,5018.0
6578_13019,5018.0
6579_8112,18330.0
6579_11266,18330.0
6579_12030,15975.0
6579_13019,15975.0
6580_12030,15975.0
6580_12077,15975.0
6580_13337,5018.0
6581_6584,4733.0
6581_7089,24930.0
6582_1325,999999.0
6582_6585,6240.0
6582_8112,6240.0
6583_11267,18330.0
6583_11268,5018.0
6583_12028,15975.0
6583_12031,6240.0
6584_3177,150000.0
6584_6581,4733.0
6585_6582,6240.0
6585_6586,6240.0
6585_9173,6240.0
6585_12031,6240.0
6586_6585,6240.0
6586_6591,5018.0
6586_6605,5018.0
6586_8377,999999.0
6587_5879,6240.0
6587_6605,6240.0
6587_11069,5018.0
6588_6589,24930.0
6588_6675,24930.0
6589_7216,24930.0
6589_7347,24930.0
6590_6591,4515.0
6590_8377,10035.0
6590_8754,10035.0
6591_6586,5018.0
6591_6590,4515.0
6591_8111,5018.0
6592_6593,5018.0
6592_8111,5018.0
6592_13336,10035.0
6593_6592,5018.0
6593_6594,5018.0
6593_11257,5018.0
6594_1633,15975.0
6594_6593,5018.0
6594_6596,10035.0
6594_8089,15975.0
6595_1107,999999.0
6595_1633,15975.0
6595_8111,15975.0
6596_1318,999999.0
6596_6594,10035.0
6596_6597,10035.0
6597_6596,10035.0
6597_6599,5018.0
6597_6600,5018.0
6597_6602,5018.0
6598_6599,5018.0
6598_8754,10035.0
6598_12029,4515.0
6599_6597,5018.0
6599_6598,5018.0
6599_6600,5018.0
6600_6597,5018.0
6600_6599,5018.0
6600_6601,5018.0
6601_6600,5018.0
6601_6602,15975.0
6601_6621,5018.0
6601_6656,15975.0
6602_6597,5018.0
6602_6601,15975.0
6602_8110,15975.0
6602_8690,4515.0
6603_6617,10035.0
6603_8110,15975.0
6603_8293,5018.0
6603_8294,15975.0
6604_8293,24930.0
6604_8294,999999.0
6604_9167,15975.0
6604_13335,15975.0
6605_6586,5018.0
6605_6587,6240.0
6605_9173,6240.0
6606_6607,5018.0
6606_6613,15975.0
6606_8689,15975.0
6607_1049,999999.0
6607_6606,5018.0
6607_6610,5018.0
6608_1047,999999.0
6608_8684,7988.0
6608_8685,7988.0
6609_1048,999999.0
6609_8684,4515.0
6609_11376,4515.0
6610_6607,5018.0
6610_6611,7988.0
6610_8687,7988.0
6611_6610,7988.0
6611_8688,7988.0
6611_12022,4515.0
6612_6613,15975.0
6612_8683,15975.0
6612_12022,4515.0
6613_6606,15975.0
6613_6612,15975.0
6613_6614,7988.0
6613_8688,7988.0
6614_6613,7988.0
6614_6615,5018.0
6614_6616,7988.0
6615_6614,5018.0
6615_6616,5018.0
6615_6625,5018.0
6615_6628,5018.0
6616_6614,7988.0
6616_6615,5018.0
6616_6617,5018.0
6616_6619,7988.0
6617_6603,10035.0
6617_6616,5018.0
6617_8109,15975.0
6617_12025,7988.0
6618_6620,7988.0
6618_8690,4515.0
6618_12025,7988.0
6619_1050,999999.0
6619_6616,7988.0
6619_6620,7988.0
6620_6618,7988.0
6620_6619,7988.0
6620_6622,7988.0
6621_1053,999999.0
6621_6601,5018.0
6621_6622,5018.0
6622_6620,7988.0
6622_6621,5018.0
6622_6623,5018.0
6622_6654,7988.0
6623_6622,5018.0
6623_6624,5018.0
6623_8691,4515.0
6624_1052,999999.0
6624_6623,5018.0
6624_6626,5018.0
6625_1051,999999.0
6625_6615,5018.0
6625_6626,5018.0
6626_6624,5018.0
6626_6625,5018.0
6626_6627,5018.0
6626_12023,5018.0
6627_1051,999999.0
6627_6626,5018.0
6627_6629,5018.0
6628_1051,999999.0
6628_6615,5018.0
6628_12018,5018.0
6629_1045,999999.0
6629_6627,5018.0
6629_6630,5018.0
6630_6629,5018.0
6630_6631,5018.0
6630_9165,5018.0
6631_6630,5018.0
6631_6632,5018.0
6631_8295,999999.0
6631_8682,24930.0
6632_1044,999999.0
6632_6631,5018.0
6632_8673,5018.0
6633_6634,15975.0
6633_8375,999999.0
6633_8673,5018.0
6633_8674,4515.0
6634_1304,999999.0
6634_6633,15975.0
6634_11059,7988.0
6635_6636,15975.0
6635_8090,15975.0
6635_8463,7988.0
6635_11059,7988.0
6636_6635,15975.0
6636_6637,15975.0
6637_1304,999999.0
6637_6636,15975.0
6637_6638,24930.0
6638_6637,24930.0
6638_6639,24930.0
6638_6640,5018.0
6639_3144,33150.0
6639_6638,24930.0
6640_1304,999999.0
6640_6638,5018.0
6640_6639,9030.0
6640_6641,4515.0
6641_6639,9030.0
6641_6640,4515.0
6641_8398,4515.0
6642_8675,15975.0
6642_8676,15975.0
6642_12014,5018.0
6643_1043,999999.0
6643_6645,5018.0
6643_12014,5018.0
6644_1044,999999.0
6644_8295,24930.0
6644_8680,24930.0
6645_6643,5018.0
6645_8677,5018.0
6645_8680,24930.0
6645_8681,24930.0
6646_1045,999999.0
6646_6647,5018.0
6646_8295,5018.0
6647_6646,5018.0
6647_8678,5018.0
6647_12017,5018.0
6648_6649,5018.0
6648_6650,5018.0
6648_8678,5018.0
6649_6648,5018.0
6649_6650,5018.0
6649_6674,5018.0
6649_8679,5018.0
6650_6648,5018.0
6650_6649,5018.0
6650_6651,5018.0
6651_6650,5018.0
6651_6652,5018.0
6651_12023,5018.0
6652_6651,5018.0
6652_6672,5018.0
6652_8104,5018.0
6653_6654,5018.0
6653_6671,4515.0
6653_8104,5018.0
6654_6622,7988.0
6654_6653,5018.0
6654_6655,7988.0
6655_6654,7988.0
6655_6657,5018.0
6655_8103,7988.0
6656_1053,999999.0
6656_6601,15975.0
6656_6657,15975.0
6657_6655,5018.0
6657_6656,15975.0
6657_6658,5018.0
6657_6668,15975.0
6658_1317,999999.0
6658_6657,5018.0
6658_6659,6240.0
6659_6658,6240.0
6659_6660,5258.0
6659_6662,6240.0
6659_6913,5258.0
6660_6659,5258.0
6660_6661,5258.0
6660_11256,4515.0
6660_12029,4515.0
6661_6660,5258.0
6661_6662,6240.0
6661_11069,5018.0
6661_11401,5258.0
6662_6659,6240.0
6662_6661,6240.0
6662_8753,6240.0
6662_11401,6240.0
6663_6664,6240.0
6663_6707,6240.0
6663_8753,6240.0
6663_11400,6240.0
6664_6663,6240.0
6664_6665,6240.0
6664_6706,5258.0
6664_6913,5258.0
6665_6664,6240.0
6665_6666,6240.0
6665_6705,9165.0
6665_8752,9165.0
6666_6665,6240.0
6666_6667,9165.0
6666_6703,9165.0
6666_9171,6240.0
6667_6666,9165.0
6667_9169,9165.0
6667_9170,6240.0
6668_6657,15975.0
6668_8087,15975.0
6668_8692,4515.0
6669_6670,7988.0
6669_6695,4515.0
6669_8692,4515.0
6669_9169,7988.0
6670_6669,7988.0
6670_6671,4515.0
6670_8103,7988.0
6671_6653,4515.0
6671_6670,4515.0
6671_12024,4515.0
6672_6652,5018.0
6672_6673,6240.0
6672_12024,4515.0
6673_6672,6240.0
6673_6674,6240.0
6673_6692,6240.0
6673_6694,6240.0
6674_6649,5018.0
6674_6673,6240.0
6674_6690,6240.0
6675_7085,24930.0
6676_8105,24930.0
6676_9149,24930.0
6676_11060,5018.0
6677_1041,999999.0
6677_6678,5018.0
6677_8105,5018.0
6678_6677,5018.0
6678_6679,15975.0
6678_8676,15975.0
6679_1041,999999.0
6679_6678,15975.0
6679_9150,15975.0
6680_6681,15975.0
6680_6684,5018.0
6680_8092,15975.0
6681_1058,999999.0
6681_6680,15975.0
6681_6682,15975.0
6682_6681,15975.0
6682_8698,5018.0
6682_8699,5018.0
6682_8700,7988.0
6683_1059,999999.0
6683_6994,5018.0
6683_8699,5018.0
6684_1058,999999.0
6684_6680,5018.0
6684_6685,5018.0
6685_1057,999999.0
6685_6684,5018.0
6685_6687,5018.0
6686_6687,24930.0
6686_6691,5018.0
6686_8697,24930.0
6687_6685,5018.0
6687_6686,24930.0
6687_6688,24930.0
6688_6687,24930.0
6688_11062,6240.0
6688_12015,24930.0
6689_3371,8535.0
6690_6674,6240.0
6690_11062,6240.0
6690_13018,6240.0
6691_1056,999999.0
6691_6686,5018.0
6691_13017,6240.0
6692_6673,6240.0
6692_6693,6240.0
6692_8695,6240.0
6692_13017,6240.0
6693_1054,999999.0
6693_6692,6240.0
6693_6697,6240.0
6694_1054,999999.0
6694_6673,6240.0
6694_6695,6240.0
6695_6669,4515.0
6695_6694,6240.0
6695_6696,5258.0
6695_9170,6240.0
6696_1054,999999.0
6696_6695,5258.0
6696_6697,5258.0
6697_6693,6240.0
6697_6696,5258.0
6697_6700,5258.0
6697_9171,6240.0
6698_6699,6240.0
6698_6760,24930.0
6698_6994,5018.0
6698_8697,24930.0
6699_6698,6240.0
6699_8695,6240.0
6699_8696,12480.0
6700_6697,5258.0
6700_6701,10035.0
6700_8696,12480.0
6701_6700,10035.0
6701_8086,5018.0
6701_9171,5018.0
6701_12114,5018.0
6702_5877,5018.0
6702_8086,5018.0
6702_12115,5018.0
6703_6666,9165.0
6703_8296,999999.0
6703_12115,5018.0
6703_12116,6240.0
6704_5877,5018.0
6704_6714,9165.0
6704_8296,9165.0
6705_6665,9165.0
6705_6706,6240.0
6705_9172,9165.0
6705_12116,6240.0
6706_6664,5258.0
6706_6705,6240.0
6706_6707,6240.0
6706_9172,5258.0
6707_6663,6240.0
6707_6706,6240.0
6707_6711,6240.0
6708_1393,999999.0
6708_5719,5258.0
6708_6709,5258.0
6709_6708,5258.0
6709_6718,9165.0
6709_6949,9165.0
6710_6711,5258.0
6710_6712,9165.0
6710_8296,5258.0
6710_9172,9165.0
6711_5878,6240.0
6711_6707,6240.0
6711_6710,5258.0
6711_11259,5258.0
6712_5878,6240.0
6712_6710,9165.0
6712_6713,6240.0
6712_6716,18330.0
6713_6712,6240.0
6713_6714,9165.0
6713_6717,9165.0
6714_1108,999999.0
6714_6704,9165.0
6714_6713,9165.0
6715_1108,999999.0
6715_6716,18330.0
6715_6736,18330.0
6716_6712,18330.0
6716_6715,18330.0
6716_8755,5258.0
6716_11398,5258.0
6717_6713,9165.0
6717_6719,9165.0
6717_8755,5258.0
6718_1437,999999.0
6718_6709,9165.0
6719_6717,9165.0
6719_6733,10035.0
6719_6736,10035.0
6719_12036,7988.0
6720_5873,5018.0
6720_8100,15975.0
6720_8730,15975.0
6720_11392,6240.0
6721_1091,999999.0
6721_5873,5018.0
6721_6724,5018.0
6722_6723,7028.0
6722_6835,7028.0
6722_12038,4515.0
6723_1092,999999.0
6723_6722,7028.0
6723_6724,7028.0
6724_6721,5018.0
6724_6723,7028.0
6724_6725,7028.0
6725_6724,7028.0
6725_6726,7028.0
6725_8732,7028.0
6726_6725,7028.0
6726_6727,5018.0
6726_8729,7988.0
6726_12036,7988.0
6727_6726,5018.0
6727_6728,5018.0
6727_6729,4358.0
6728_1093,999999.0
6728_6727,5018.0
6728_6733,5018.0
6729_6727,4358.0
6729_6730,7028.0
6729_8731,4358.0
6729_8732,7028.0
6730_6729,7028.0
6730_6731,7988.0
6730_8728,7988.0
6731_1093,999999.0
6731_6730,7988.0
6731_6732,15975.0
6732_6731,15975.0
6732_6734,18330.0
6732_12035,10035.0
6733_5870,6240.0
6733_6719,10035.0
6733_6728,5018.0
6733_12035,10035.0
6734_6732,18330.0
6734_6735,18330.0
6734_6738,6240.0
6734_12037,5018.0
6735_6734,18330.0
6735_6737,18330.0
6735_6826,5258.0
6736_6715,18330.0
6736_6719,10035.0
6736_8100,15975.0
6737_1094,999999.0
6737_1634,18330.0
6737_6735,18330.0
6738_1094,999999.0
6738_6734,6240.0
6738_6739,6240.0
6739_6738,6240.0
6739_8099,5258.0
6739_8399,6240.0
6740_8745,5258.0
6740_11293,10515.0
6740_11308,10515.0
6741_1063,999999.0
6741_6743,5018.0
6741_8704,5018.0
6742_6744,6240.0
6742_8399,6240.0
6742_8733,5018.0
6742_8734,10035.0
6743_6741,5018.0
6743_6765,5018.0
6743_8724,5018.0
6744_6742,6240.0
6744_6745,5018.0
6744_8085,5018.0
6745_6744,5018.0
6745_6746,5018.0
6745_8737,5018.0
6746_6745,5018.0
6746_8085,10035.0
6746_8750,5018.0
6746_8751,10035.0
6747_8737,5018.0
6747_8738,10035.0
6747_8751,10035.0
6747_12013,4515.0
6748_1105,999999.0
6748_6749,10035.0
6748_8738,10035.0
6749_6748,10035.0
6749_12005,10035.0
6749_12008,5018.0
6750_1098,999999.0
6750_6754,5018.0
6750_12008,5018.0
6751_8734,10035.0
6751_8739,10035.0
6751_12010,5018.0
6752_6771,10035.0
6752_6784,5018.0
6752_8735,5018.0
6752_8736,5018.0
6753_6754,5018.0
6753_6770,5018.0
6753_8736,5018.0
6754_6750,5018.0
6754_6753,5018.0
6754_8740,10035.0
6754_12011,10035.0
6755_6756,5018.0
6755_6768,10035.0
6755_8740,10035.0
6755_12007,4515.0
6756_1099,999999.0
6756_6755,5018.0
6756_8749,5018.0
6757_8741,10035.0
6757_8749,5018.0
6757_12006,10035.0
6758_1103,999999.0
6758_6759,10035.0
6758_8748,12480.0
6759_6758,10035.0
6759_6760,24930.0
6759_6765,5018.0
6759_8747,24930.0
6760_6698,24930.0
6760_6759,24930.0
6760_8702,5018.0
6760_8706,5018.0
6761_8701,5018.0
6761_8702,5018.0
6761_8724,5018.0
6762_6763,7988.0
6762_6989,7988.0
6762_8701,5018.0
6763_1061,999999.0
6763_6762,7988.0
6763_6764,7988.0
6764_1062,999999.0
6764_6763,7988.0
6764_8703,7988.0
6765_6743,5018.0
6765_6759,5018.0
6765_8707,5018.0
6765_8724,5018.0
6766_6767,24930.0
6766_8707,5018.0
6766_8747,24930.0
6766_12007,4515.0
6767_6766,24930.0
6767_6774,24930.0
6767_8093,5018.0
6767_8297,999999.0
6768_6755,10035.0
6768_6769,10035.0
6768_6770,5018.0
6768_8746,5018.0
6769_1100,999999.0
6769_6768,10035.0
6769_6773,10035.0
6770_1100,999999.0
6770_6753,5018.0
6770_6768,5018.0
6771_1100,999999.0
6771_6752,10035.0
6771_6772,10035.0
6772_6771,10035.0
6772_6773,5018.0
6772_6784,5018.0
6772_8742,10035.0
6773_6769,10035.0
6773_6772,5018.0
6773_8743,10035.0
6773_8744,5018.0
6774_6767,24930.0
6774_6775,5018.0
6774_6782,24930.0
6774_8743,10035.0
6775_1064,999999.0
6775_6774,5018.0
6775_6779,5018.0
6776_1064,999999.0
6776_8093,5018.0
6776_8705,5018.0
6777_6778,7988.0
6777_8703,7988.0
6777_8705,5018.0
6778_1064,999999.0
6778_6777,7988.0
6778_6779,7988.0
6779_6775,5018.0
6779_6778,7988.0
6779_11063,9165.0
6780_6786,24930.0
6780_11063,9165.0
6780_11064,28598.0
6781_3143,74400.0
6781_6783,26663.0
6781_8134,22650.0
6782_6774,24930.0
6782_8742,10035.0
6782_11064,28598.0
6783_6785,3848.0
6783_6815,26663.0
6784_6752,5018.0
6784_6772,5018.0
6784_8095,6240.0
6784_8708,6240.0
6785_6959,9878.0
6786_5866,5018.0
6786_6780,24930.0
6786_6787,24930.0
6787_6786,24930.0
6787_6803,7988.0
6787_8081,24930.0
6787_8713,15975.0
6788_3145,16575.0
6788_6789,15975.0
6788_6803,7988.0
6788_8713,15975.0
6789_5869,5018.0
6789_6788,15975.0
6790_6789,7988.0
6791_6801,7988.0
6791_8714,5018.0
6792_6791,5018.0
6792_6800,5018.0
6793_6792,5018.0
6793_6794,5018.0
6793_6799,4515.0
6794_1070,999999.0
6794_6793,5018.0
6794_6795,5018.0
6795_6794,5018.0
6795_8298,4515.0
6795_8716,5018.0
6796_6797,5018.0
6796_6808,24930.0
6796_6999,5018.0
6796_8298,999999.0
6797_1070,999999.0
6797_6796,5018.0
6797_6798,7988.0
6798_5868,4515.0
6798_6797,7988.0
6798_6806,7988.0
6799_5868,4515.0
6799_6793,4515.0
6800_6792,5018.0
6800_6799,5018.0
6800_6806,5018.0
6801_6791,7988.0
6801_6800,5018.0
6801_8715,7988.0
6802_8083,5258.0
6802_12002,5258.0
6803_6787,7988.0
6803_6788,7988.0
6803_6804,7988.0
6804_6803,7988.0
6804_6805,7988.0
6804_6809,7988.0
6804_8715,7988.0
6805_6804,7988.0
6805_6806,7988.0
6806_6798,7988.0
6806_6800,5018.0
6806_6805,7988.0
6806_6807,5018.0
6807_5867,5018.0
6807_6805,5018.0
6808_5867,5018.0
6808_6796,24930.0
6808_8711,24930.0
6808_8712,5018.0
6809_6804,7988.0
6809_6810,7988.0
6809_8081,24930.0
6809_8711,24930.0
6810_6809,7988.0
6810_6811,7988.0
6810_7000,4515.0
6811_6810,7988.0
6811_6812,5018.0
6811_6821,15975.0
6811_8709,6240.0
6812_1066,999999.0
6812_6811,5018.0
6812_6822,6240.0
6813_6816,5018.0
6813_6821,6240.0
6813_8708,6240.0
6813_8709,6240.0
6814_1308,999999.0
6814_6816,5258.0
6814_6819,5258.0
6815_6828,3848.0
6815_6837,26663.0
6816_6813,5018.0
6816_6814,5258.0
6816_8733,5018.0
6817_1634,18330.0
6817_6818,18330.0
6817_8399,5258.0
6818_6817,18330.0
6818_6819,18330.0
6818_6825,10515.0
6819_6814,5258.0
6819_6818,18330.0
6819_6820,18330.0
6820_6819,18330.0
6820_8096,18330.0
6820_8098,51728.0
6820_12385,50580.0
6821_6811,15975.0
6821_6813,6240.0
6821_8096,18330.0
6822_6812,6240.0
6822_6823,6240.0
6822_8710,6240.0
6822_8712,5018.0
6823_6822,6240.0
6823_6824,6240.0
6823_6849,6240.0
6824_1066,999999.0
6824_6823,6240.0
6824_6825,6240.0
6825_6818,10515.0
6825_6824,6240.0
6825_12388,6240.0
6826_1094,999999.0
6826_6735,5258.0
6826_6827,5258.0
6827_6826,5258.0
6827_6829,5018.0
6827_6848,5258.0
6827_12388,6240.0
6828_8138,9878.0
6829_6827,5018.0
6829_6831,5018.0
6829_6838,6240.0
6829_6844,5018.0
6830_6837,3848.0
6830_6845,6330.0
6830_6985,6330.0
6831_6829,5018.0
6831_6832,5018.0
6831_6836,5018.0
6831_12037,5018.0
6832_1090,999999.0
6832_6831,5018.0
6832_6833,5018.0
6833_6832,5018.0
6833_6834,5018.0
6833_8728,4050.0
6834_6833,5018.0
6834_6835,5018.0
6834_8731,4358.0
6835_5871,7988.0
6835_6722,7028.0
6835_6834,5018.0
6836_5871,7988.0
6836_6831,5018.0
6836_6838,9165.0
6836_11329,6240.0
6837_6887,23355.0
6838_6829,6240.0
6838_6836,9165.0
6838_9177,9165.0
6839_6887,999999.0
6839_7036,4358.0
6839_7037,4358.0
6839_8155,999999.0
6840_6842,18330.0
6840_8376,9165.0
6840_9177,9165.0
6840_11327,9165.0
6841_6843,26663.0
6842_6840,18330.0
6842_6844,6240.0
6842_6880,18330.0
6842_11511,6240.0
6843_6845,3848.0
6843_6847,26663.0
6844_6829,5018.0
6844_6842,6240.0
6844_6848,6240.0
6844_6877,6240.0
6845_6830,6330.0
6845_6846,6330.0
6846_6845,6330.0
6846_6956,4358.0
6846_7005,4358.0
6847_6781,26663.0
6847_6874,3848.0
6848_6827,5258.0
6848_6844,6240.0
6848_12386,6240.0
6849_6823,6240.0
6849_6850,5258.0
6849_12386,6240.0
6850_6849,5258.0
6850_6851,6240.0
6850_8710,6240.0
6851_6850,6240.0
6851_6852,6240.0
6851_12384,6240.0
6852_6851,6240.0
6852_6853,5018.0
6852_6999,5018.0
6852_12383,6240.0
6853_6852,5018.0
6853_6854,24930.0
6853_6855,5018.0
6853_8298,24930.0
6854_1067,999999.0
6854_6853,24930.0
6854_6870,24930.0
6855_1067,999999.0
6855_6853,5018.0
6855_6856,5018.0
6856_6855,5018.0
6856_6857,5018.0
6856_8716,5018.0
6857_6856,5018.0
6857_6858,5018.0
6857_6859,4515.0
6858_1071,999999.0
6858_6857,5018.0
6858_6861,5018.0
6859_1071,999999.0
6859_6857,4515.0
6859_6860,4515.0
6860_6859,4515.0
6860_6868,4515.0
6860_8717,4515.0
6861_6858,5018.0
6861_6862,5018.0
6861_8717,4515.0
6862_6861,5018.0
6862_6863,4515.0
6862_6866,5018.0
6862_6868,5018.0
6863_1072,999999.0
6863_6862,4515.0
6863_6864,4515.0
6864_6863,4515.0
6864_6865,24930.0
6864_6888,24930.0
6865_1072,999999.0
6865_6864,24930.0
6865_6867,24930.0
6866_1072,999999.0
6866_6862,5018.0
6866_6867,5018.0
6867_6865,24930.0
6867_6866,5018.0
6867_8718,28598.0
6867_8719,6240.0
6868_1635,4515.0
6868_6860,4515.0
6868_6862,5018.0
6868_6869,4515.0
6869_6868,4515.0
6869_6870,5258.0
6870_6854,24930.0
6870_6869,5258.0
6870_6879,5258.0
6870_12467,28598.0
6871_6873,6240.0
6871_6875,6240.0
6871_6879,5258.0
6872_1073,999999.0
6872_6873,6240.0
6872_12384,6240.0
6873_6871,6240.0
6873_6872,6240.0
6873_6876,6240.0
6873_12383,6240.0
6874_6951,22650.0
6875_6871,6240.0
6875_6886,6240.0
6875_8101,6240.0
6875_8719,6240.0
6876_6873,6240.0
6876_6877,6240.0
6876_8101,6240.0
6877_6844,6240.0
6877_6876,6240.0
6877_6878,6240.0
6877_6880,6240.0
6878_1074,999999.0
6878_6877,6240.0
6878_6886,6240.0
6879_1073,999999.0
6879_6870,5258.0
6879_6871,5258.0
6880_6842,18330.0
6880_6877,6240.0
6880_6881,18330.0
6880_11319,6240.0
6881_6880,18330.0
6881_8720,6240.0
6881_8721,18330.0
6882_5865,18330.0
6882_6883,18330.0
6882_8721,18330.0
6883_6882,18330.0
6883_6892,18330.0
6883_11273,5258.0
6883_12376,6240.0
6884_6885,6240.0
6884_12378,6240.0
6884_12381,5258.0
6885_6884,6240.0
6885_6886,6240.0
6885_6888,5018.0
6885_8720,6240.0
6886_6875,6240.0
6886_6878,6240.0
6886_6885,6240.0
6887_6839,999999.0
6887_6841,23355.0
6888_6864,24930.0
6888_6885,5018.0
6888_6889,24930.0
6889_6888,24930.0
6889_6890,4515.0
6889_6891,24930.0
6890_6889,4515.0
6890_8725,4515.0
6890_8726,4515.0
6891_6889,24930.0
6891_6897,24930.0
6891_8080,5018.0
6892_6883,18330.0
6892_6893,18330.0
6892_8722,6240.0
6893_1636,999999.0
6893_6892,18330.0
6893_6894,18330.0
6894_6893,18330.0
6894_6895,18330.0
6894_6896,5258.0
6895_1075,999999.0
6895_6894,18330.0
6895_6899,18330.0
6896_6894,5258.0
6896_6897,5258.0
6896_8080,5258.0
6897_6891,24930.0
6897_6896,5258.0
6897_8079,24930.0
6897_8725,5258.0
6898_4277,999999.0
6898_6901,28598.0
6898_6943,51728.0
6898_8079,28598.0
6899_5864,6240.0
6899_6895,18330.0
6899_6900,15975.0
6899_6901,6240.0
6900_6899,15975.0
6900_6901,24930.0
6900_6906,34260.0
6901_6898,28598.0
6901_6899,6240.0
6901_6900,24930.0
6901_6902,5018.0
6902_6901,5018.0
6902_6903,5018.0
6902_12004,4515.0
6903_5859,5018.0
6903_5860,5018.0
6903_6902,5018.0
6904_1078,999999.0
6904_5860,5018.0
6904_6906,5018.0
6905_1078,999999.0
6905_5859,5018.0
6905_6908,5018.0
6906_5863,5018.0
6906_6900,34260.0
6906_6904,5018.0
6906_8727,24930.0
6907_5860,5018.0
6907_6908,15975.0
6907_6910,18330.0
6907_8727,24930.0
6908_6905,5018.0
6908_6907,15975.0
6908_6909,18330.0
6909_1076,999999.0
6909_6908,18330.0
6909_6912,18330.0
6910_1076,999999.0
6910_6907,18330.0
6910_6911,18330.0
6911_6910,18330.0
6911_7972,18330.0
6911_8723,5258.0
6912_6909,18330.0
6912_8723,5258.0
6912_13309,18330.0
6913_1106,999999.0
6913_6659,5258.0
6913_6664,5258.0
6914_423,999999.0
6914_2867,15975.0
6914_5612,15975.0
6915_424,999999.0
6915_5611,15975.0
6915_5612,15975.0
6916_425,999999.0
6916_5614,15975.0
6916_5615,15975.0
6917_425,999999.0
6917_5615,15975.0
6917_11872,15975.0
6918_426,999999.0
6918_5595,5018.0
6918_5596,5018.0
6919_426,999999.0
6919_5596,51390.0
6919_8057,51390.0
6920_427,999999.0
6920_5591,15975.0
6920_5592,15975.0
6921_873,999999.0
6921_3106,15975.0
6921_12895,15975.0
6922_873,999999.0
6922_2489,7988.0
6922_2490,7988.0
6923_873,999999.0
6923_2490,15975.0
6923_11041,15975.0
6924_873,999999.0
6924_2484,7988.0
6924_2485,7988.0
6925_1129,999999.0
6925_6939,4358.0
6925_8190,4358.0
6926_6927,4050.0
6926_6928,4358.0
6926_8190,4358.0
6927_1128,999999.0
6927_6926,4050.0
6927_13263,4050.0
6928_6926,4358.0
6928_6936,4358.0
6928_8192,4358.0
6929_6930,4358.0
6929_6935,4358.0
6929_8192,4358.0
6929_13263,4050.0
6930_6929,4358.0
6930_6934,4358.0
6930_8191,4358.0
6931_1131,999999.0
6931_6932,4358.0
6931_8191,4358.0
6931_8193,5018.0
6932_6931,4358.0
6932_6933,3165.0
6932_6950,3165.0
6933_1130,999999.0
6933_6932,3165.0
6933_6934,3165.0
6934_6930,4358.0
6934_6933,3165.0
6934_6935,3165.0
6934_6951,3165.0
6935_6929,4358.0
6935_6934,3165.0
6935_6936,4358.0
6935_8135,3165.0
6936_6928,4358.0
6936_6935,4358.0
6936_6937,4358.0
6936_6945,3165.0
6937_1128,999999.0
6937_6936,4358.0
6937_6938,2828.0
6938_6926,4358.0
6938_6937,2828.0
6938_6939,2828.0
6939_6925,4358.0
6939_6938,2828.0
6939_6940,2828.0
6940_6939,2828.0
6940_6941,2828.0
6940_8189,2828.0
6941_6938,2828.0
6941_6940,2828.0
6941_6945,2828.0
6942_874,999999.0
6942_2491,7988.0
6942_3108,15975.0
6943_6898,51728.0
6943_6944,51728.0
6943_7923,14580.0
6943_13302,32415.0
6944_6943,51728.0
6944_7946,15975.0
6944_8265,15975.0
6944_11096,999999.0
6945_6936,3165.0
6945_6941,2828.0
6945_6966,3165.0
6946_3960,15975.0
6947_1965,18330.0
6947_3068,18330.0
6947_6967,5258.0
6948_6950,22650.0
6948_7357,22650.0
6949_6709,9165.0
6949_12439,9165.0
6949_12507,5258.0
6950_6874,22650.0
6950_6932,3165.0
6950_6955,3165.0
6951_6934,3165.0
6951_6954,3165.0
6951_8135,22650.0
6952_6962,10575.0
6952_6966,3165.0
6952_8134,10575.0
6952_8320,10575.0
6953_6954,22650.0
6953_6960,5288.0
6953_8135,5288.0
6954_6951,3165.0
6954_6955,22650.0
6954_6959,3165.0
6955_6948,22650.0
6955_6950,3165.0
6955_6958,3165.0
6956_6846,4358.0
6956_7357,14055.0
6956_8138,10575.0
6957_6969,9165.0
6957_12438,5258.0
6957_12439,9165.0
6958_6785,9878.0
6958_6955,3165.0
6959_6954,3165.0
6959_6961,16493.0
6959_6983,3165.0
6960_1120,999999.0
6960_6953,5288.0
6960_6961,5288.0
6961_6960,5288.0
6961_6982,10575.0
6961_8139,16493.0
6962_1120,999999.0
6962_6952,10575.0
6962_6963,10575.0
6963_6962,10575.0
6963_6964,9878.0
6963_6981,10575.0
6964_6966,3165.0
6964_6972,8820.0
6964_6980,3165.0
6965_2394,24930.0
6965_3406,24930.0
6966_6945,3165.0
6966_6964,3165.0
6966_6973,2828.0
6967_1962,5258.0
6967_5838,5258.0
6967_6947,5258.0
6968_874,999999.0
6968_2488,5018.0
6968_2491,5018.0
6969_1394,999999.0
6969_6957,9165.0
6969_12509,9165.0
6970_874,999999.0
6970_2488,4515.0
6970_2489,4515.0
6971_1395,999999.0
6971_6978,7988.0
6971_12509,9165.0
6972_6975,8820.0
6972_8188,2828.0
6973_6941,2828.0
6973_6974,2828.0
6974_8187,2828.0
6974_8189,2828.0
6975_1127,999999.0
6975_6976,2828.0
6975_8187,2828.0
6976_6975,2828.0
6976_6977,5655.0
6977_6972,2828.0
6977_6980,5655.0
6977_6990,2828.0
6978_6971,7988.0
6978_7104,7988.0
6978_10106,7988.0
6978_12508,6240.0
6979_3104,25388.0
6979_3110,33150.0
6979_3133,33150.0
6980_6964,3165.0
6980_6981,6330.0
6980_6988,4358.0
6981_6963,10575.0
6981_6987,10575.0
6981_8152,16493.0
6982_6961,10575.0
6982_6983,16493.0
6982_6985,10575.0
6983_6828,9878.0
6983_6959,3165.0
6984_3104,51728.0
6984_6986,999999.0
6985_6830,6330.0
6985_6982,10575.0
6985_6987,8715.0
6985_7002,10575.0
6986_3105,51728.0
6986_6984,999999.0
6987_6981,10575.0
6987_6985,8715.0
6987_6988,8715.0
6987_6998,7028.0
6988_6980,4358.0
6988_6987,8715.0
6988_6990,8715.0
6988_6996,4358.0
6989_1061,999999.0
6989_6762,7988.0
6989_8700,7988.0
6990_6977,2828.0
6990_6988,8715.0
6990_6991,5018.0
6991_6990,5018.0
6991_6993,5018.0
6991_8186,5018.0
6992_875,999999.0
6992_2448,5018.0
6992_2596,5018.0
6993_1124,999999.0
6993_6991,5018.0
6993_6996,4358.0
6994_1057,999999.0
6994_6683,5018.0
6994_6698,5018.0
6995_1122,999999.0
6995_6996,4358.0
6995_7012,5018.0
6996_6988,4358.0
6996_6993,4358.0
6996_6995,4358.0
6996_8181,4358.0
6997_1122,999999.0
6997_6998,7028.0
6997_7011,4358.0
6998_6987,7028.0
6998_6997,7028.0
6998_7001,4358.0
6998_8181,4358.0
6999_1067,999999.0
6999_6796,5018.0
6999_6852,5018.0
7000_1068,999999.0
7000_6810,4515.0
7000_8081,4515.0
7001_6998,4358.0
7001_7002,4358.0
7001_7003,4358.0
7001_8299,4358.0
7002_6985,10575.0
7002_7001,4358.0
7002_7003,7028.0
7003_7001,4358.0
7003_7002,7028.0
7003_7005,7028.0
7004_761,999999.0
7004_2155,14055.0
7004_12690,14055.0
7005_6846,4358.0
7005_7003,7028.0
7005_7006,7028.0
7005_8299,4358.0
7006_7005,7028.0
7006_7007,4358.0
7006_7008,7028.0
7007_7006,4358.0
7007_7008,4358.0
7007_8179,4358.0
7007_8180,7028.0
7008_7006,7028.0
7008_7007,4358.0
7008_7009,4358.0
7008_8162,7028.0
7009_7008,4358.0
7009_8184,8715.0
7009_8299,4358.0
7010_7011,4358.0
7010_8182,4358.0
7010_8183,4358.0
7010_8299,999999.0
7011_6997,4358.0
7011_7010,4358.0
7011_7014,4358.0
7011_7019,7028.0
7012_6995,5018.0
7012_7013,5018.0
7012_7014,5018.0
7012_7017,5018.0
7013_1125,999999.0
7013_7012,5018.0
7013_7016,5018.0
7013_8186,5018.0
7014_7011,4358.0
7014_7012,5018.0
7014_13264,4050.0
7014_13265,4050.0
7015_8101,999999.0
7015_12379,50580.0
7016_7013,5018.0
7016_7017,5018.0
7016_7032,5018.0
7017_7012,5018.0
7017_7016,5018.0
7017_7031,4358.0
7017_13265,4358.0
7018_7019,4358.0
7018_7020,4358.0
7018_7030,4358.0
7018_13265,4358.0
7019_7011,7028.0
7019_7018,4358.0
7019_7020,7028.0
7019_8183,4358.0
7020_7018,4358.0
7020_7019,7028.0
7020_7029,7028.0
7020_8185,4358.0
7021_7022,4358.0
7021_7028,4358.0
7021_8182,4358.0
7021_8185,4358.0
7022_7021,4358.0
7022_7023,4358.0
7022_7027,8715.0
7023_7022,4358.0
7023_7024,4358.0
7023_7026,7028.0
7023_8162,7028.0
7024_7023,4358.0
7024_7025,7028.0
7024_8180,7028.0
7024_8214,4515.0
7025_7024,7028.0
7025_7026,7028.0
7025_7041,7988.0
7025_7042,7988.0
7026_7023,7028.0
7026_7025,7028.0
7026_7027,7028.0
7026_7038,7028.0
7027_7026,7028.0
7027_7028,7028.0
7027_7037,8715.0
7028_7021,4358.0
7028_7027,7028.0
7028_7029,7028.0
7028_7036,4358.0
7029_7020,7028.0
7029_7028,7028.0
7029_7030,4358.0
7029_7035,7028.0
7030_7018,4358.0
7030_7029,4358.0
7030_13266,4358.0
7031_7017,4358.0
7031_7032,4050.0
7031_7034,4358.0
7031_13266,4358.0
7032_7016,5018.0
7032_7031,4050.0
7032_7033,5018.0
7033_7032,5018.0
7033_7034,4358.0
7033_13256,5018.0
7034_7031,4358.0
7034_7033,4358.0
7034_13260,4358.0
7035_7029,7028.0
7035_7036,4358.0
7035_7139,7988.0
7035_13260,4358.0
7036_6839,4358.0
7036_7028,4358.0
7036_7035,4358.0
7037_6839,4358.0
7037_7136,8715.0
7037_8259,4358.0
7038_7026,7028.0
7038_7040,4358.0
7038_8258,7028.0
7038_8259,4358.0
7039_7942,15975.0
7039_13306,18330.0
7040_1138,999999.0
7040_7038,4358.0
7040_7041,4358.0
7041_7025,7988.0
7041_7040,4358.0
7041_7129,7028.0
7042_7025,7988.0
7042_8160,5018.0
7042_8243,7988.0
7043_8160,7988.0
7043_8243,5018.0
7043_8303,7988.0
7043_13261,4515.0
7044_1984,30090.0
7044_7046,7028.0
7044_8242,34260.0
7044_8243,7988.0
7045_1136,999999.0
7045_1984,4050.0
7045_3571,4050.0
7046_3564,7028.0
7046_3571,7028.0
7046_7044,7028.0
7046_10531,7028.0
7047_1136,999999.0
7047_3571,7028.0
7047_7051,7028.0
7048_3466,14055.0
7048_7049,7028.0
7048_7050,14055.0
7048_9157,999999.0
7049_1558,7028.0
7049_1995,7028.0
7049_7048,7028.0
7049_7050,7028.0
7050_7048,14055.0
7050_7049,7028.0
7050_7051,7028.0
7051_7047,7028.0
7051_7050,7028.0
7051_7052,7028.0
7051_8240,7028.0
7052_7051,7028.0
7052_7054,7988.0
7052_10455,4050.0
7053_7054,7988.0
7053_7357,7028.0
7053_8240,7028.0
7054_7052,7988.0
7054_7053,7988.0
7054_7055,7988.0
7054_8193,5018.0
7055_5795,4515.0
7055_7054,7988.0
7055_7057,7988.0
7056_1558,7028.0
7056_8236,7028.0
7056_10455,4050.0
7057_7055,7988.0
7057_8235,7988.0
7057_8236,7988.0
7057_9350,4515.0
7058_8235,7988.0
7058_8331,7988.0
7058_9094,5018.0
7058_10422,4515.0
7059_1134,999999.0
7059_1995,7028.0
7059_7061,7028.0
7060_1135,999999.0
7060_3466,14055.0
7060_7062,14055.0
7061_7059,7028.0
7061_8237,4358.0
7061_8332,7988.0
7061_8394,4358.0
7062_7060,14055.0
7062_7063,14055.0
7062_8394,4358.0
7062_9158,4358.0
7063_7062,14055.0
7063_7083,21915.0
7063_8330,15975.0
7063_8999,21915.0
7064_7073,21915.0
7064_8340,4358.0
7064_8341,4358.0
7064_8999,21915.0
7065_2163,7988.0
7065_3055,7028.0
7065_7066,4358.0
7065_8340,4358.0
7066_2208,4515.0
7066_2904,5018.0
7066_7065,4358.0
7066_8529,4515.0
7067_2904,5018.0
7067_8161,7988.0
7067_12085,7988.0
7068_7069,5018.0
7068_8161,7988.0
7068_8333,7988.0
7069_7068,5018.0
7069_7071,5018.0
7069_8529,4515.0
7070_1157,999999.0
7070_3055,7028.0
7070_7071,7988.0
7071_7069,5018.0
7071_7070,7988.0
7071_8527,7988.0
7071_9014,4358.0
7072_7075,5018.0
7072_8337,24930.0
7072_8338,24930.0
7072_9014,4358.0
7073_2215,4050.0
7073_7064,21915.0
7073_8338,24930.0
7074_1158,999999.0
7074_7075,5018.0
7074_7095,5018.0
7075_7072,5018.0
7075_7074,5018.0
7075_8339,5018.0
7076_8163,21915.0
7076_8334,7028.0
7076_8337,21915.0
7077_8163,9030.0
7077_8335,4515.0
7077_13327,4515.0
7078_1153,999999.0
7078_7080,4515.0
7078_13327,4515.0
7079_1153,999999.0
7079_5804,7988.0
7079_7080,7988.0
7080_7078,4515.0
7080_7079,7988.0
7080_8463,7988.0
7081_7584,5018.0
7081_8090,15975.0
7082_1239,999999.0
7082_7084,5018.0
7082_7584,5018.0
7083_7063,21915.0
7083_8950,4050.0
7083_9095,21915.0
7084_7082,5018.0
7084_7544,5018.0
7084_7610,4515.0
7084_8335,4515.0
7085_7081,15975.0
7085_7610,4515.0
7086_6588,24930.0
7086_7561,24930.0
7087_7086,24930.0
7087_8164,15975.0
7088_5807,7988.0
7088_7544,5018.0
7089_3527,4733.0
7089_7566,24930.0
7090_7165,3735.0
7090_8163,8715.0
7090_8356,4515.0
7091_3870,999999.0
7091_7092,4515.0
7091_8686,15975.0
7091_13333,4515.0
7092_1154,999999.0
7092_7091,4515.0
7092_7093,4050.0
7093_7092,4050.0
7093_8336,4050.0
7093_9160,4050.0
7093_12083,4050.0
7094_7099,4515.0
7094_7101,5018.0
7094_8336,4050.0
7094_8339,5018.0
7095_7074,5018.0
7095_7097,5018.0
7095_7098,4515.0
7095_7099,4515.0
7096_8328,5018.0
7096_8329,7988.0
7096_8330,7988.0
7096_8341,5018.0
7097_7095,5018.0
7097_7098,7988.0
7097_8329,7988.0
7098_7095,4515.0
7098_7097,7988.0
7098_7101,7988.0
7098_7114,7988.0
7099_1158,999999.0
7099_7094,4515.0
7099_7095,4515.0
7100_7137,24930.0
7101_7094,5018.0
7101_7098,7988.0
7101_9160,7028.0
7101_11384,5018.0
7102_7103,14055.0
7102_8685,7988.0
7102_8686,14055.0
7102_9160,7028.0
7103_7102,14055.0
7103_7106,5018.0
7103_8342,15975.0
7103_10658,5018.0
7104_1395,999999.0
7104_6978,7988.0
7104_7232,9165.0
7105_1162,999999.0
7105_7107,4050.0
7105_7220,4050.0
7106_7103,5018.0
7106_7222,5018.0
7106_8301,999999.0
7106_12082,24930.0
7107_7105,4050.0
7107_7228,15975.0
7107_13110,15975.0
7108_1394,999999.0
7108_12440,6240.0
7108_12508,6240.0
7109_7110,15975.0
7109_7111,24930.0
7109_8342,15975.0
7109_12082,24930.0
7110_7109,15975.0
7110_7111,5018.0
7110_7167,15975.0
7110_8344,5018.0
7111_7109,24930.0
7111_7110,5018.0
7111_7116,24930.0
7111_11461,5018.0
7112_7113,5018.0
7112_11459,5018.0
7112_11461,5018.0
7112_11463,4515.0
7113_7112,5018.0
7113_7114,7988.0
7114_7098,7988.0
7114_7113,7988.0
7114_7115,7988.0
7115_7113,7988.0
7115_8343,7988.0
7116_1159,999999.0
7116_7111,24930.0
7116_7118,24930.0
7117_1438,999999.0
7117_12440,6240.0
7118_7116,24930.0
7118_7164,15975.0
7118_8343,7988.0
7118_13029,15975.0
7119_1148,999999.0
7119_8302,15975.0
7119_13029,15975.0
7120_1149,999999.0
7120_8326,5018.0
7120_10657,4358.0
7121_8302,999999.0
7121_8323,24930.0
7121_8324,24930.0
7121_8325,7988.0
7122_7124,21915.0
7122_8325,7028.0
7122_8327,21915.0
7122_10465,7028.0
7123_1145,999999.0
7123_7124,30090.0
7123_8323,30090.0
7124_7122,21915.0
7124_7123,30090.0
7124_8303,999999.0
7124_8321,14055.0
7125_7126,14055.0
7125_7159,4050.0
7125_13031,14055.0
7126_7125,14055.0
7126_7127,14055.0
7126_7128,4358.0
7127_7126,14055.0
7127_7128,7028.0
7127_7158,7028.0
7127_13054,14055.0
7128_7126,4358.0
7128_7127,7028.0
7128_7130,7028.0
7128_7131,4358.0
7129_7041,7028.0
7129_13048,7028.0
7129_13261,4515.0
7130_7128,7028.0
7130_7131,7028.0
7130_13048,7028.0
7131_7128,4358.0
7131_7130,7028.0
7131_7151,4358.0
7131_8359,4358.0
7132_1138,999999.0
7132_7134,4358.0
7132_8359,4358.0
7133_8258,7028.0
7133_13047,4050.0
7133_13259,7028.0
7134_7132,4358.0
7134_8260,14055.0
7134_8270,4358.0
7134_8300,14055.0
7135_8141,4358.0
7135_8270,4358.0
7135_13253,8715.0
7136_1139,999999.0
7136_13258,8715.0
7137_7165,24930.0
7137_8163,999999.0
7138_7139,7988.0
7138_7141,7988.0
7138_8141,5018.0
7138_13257,5018.0
7139_7035,7988.0
7139_7138,7988.0
7139_13257,4515.0
7139_13258,4050.0
7140_1286,999999.0
7140_2477,7988.0
7140_11850,7988.0
7141_7138,7988.0
7141_7142,7988.0
7141_13254,4050.0
7141_13255,4515.0
7142_1142,999999.0
7142_7141,7988.0
7142_7143,7988.0
7143_7142,7988.0
7143_8290,15975.0
7143_8358,7028.0
7144_7145,5018.0
7144_8142,7988.0
7144_8291,7988.0
7145_1144,999999.0
7145_7144,5018.0
7145_13251,5018.0
7146_7147,5018.0
7146_13251,5018.0
7146_13252,5018.0
7147_1144,999999.0
7147_7146,5018.0
7147_7148,5018.0
7148_7147,5018.0
7148_7149,15975.0
7148_7153,5018.0
7148_7179,15975.0
7149_1144,999999.0
7149_7148,15975.0
7149_7150,14055.0
7150_7149,14055.0
7150_8291,7988.0
7150_8300,14055.0
7151_7131,4358.0
7151_7152,7988.0
7151_13049,999999.0
7151_13054,15975.0
7152_1181,999999.0
7152_7151,7988.0
7152_13053,7028.0
7153_7148,5018.0
7153_7179,24930.0
7153_8368,24930.0
7153_13051,5018.0
7154_1181,999999.0
7154_13051,4050.0
7154_13052,4050.0
7155_7156,5018.0
7155_13051,4358.0
7155_13052,7028.0
7155_13053,7028.0
7156_7155,5018.0
7156_8366,5018.0
7156_13057,4515.0
7157_3524,15975.0
7157_3527,31260.0
7157_7165,4733.0
7158_7127,7028.0
7158_8362,4050.0
7158_8363,7028.0
7158_13055,4050.0
7159_7125,4050.0
7159_8361,4050.0
7159_8362,4050.0
7160_8361,4050.0
7160_13043,4515.0
7160_13044,4515.0
7161_8363,7988.0
7161_13046,7028.0
7161_13058,4358.0
7162_7172,7988.0
7162_8365,7028.0
7162_9096,15975.0
7162_13067,7988.0
7163_9096,15975.0
7163_13037,15975.0
7163_13042,4515.0
7163_13043,4515.0
7164_7118,15975.0
7164_7168,24930.0
7164_13030,24930.0
7164_13037,15975.0
7165_6581,24930.0
7166_1149,999999.0
7166_8330,4050.0
7166_10657,4050.0
7167_1160,999999.0
7167_7110,15975.0
7167_7168,15975.0
7168_7164,24930.0
7168_7167,15975.0
7168_7219,15975.0
7168_13038,7988.0
7169_7215,7988.0
7169_8421,4515.0
7169_13038,7988.0
7170_7171,7988.0
7170_8421,4515.0
7170_9098,7988.0
7171_7170,7988.0
7171_8165,7988.0
7171_13068,4515.0
7172_7162,7988.0
7172_8165,7988.0
7172_13041,4515.0
7173_1174,999999.0
7173_8414,4515.0
7173_13068,4515.0
7174_1174,999999.0
7174_8367,7988.0
7174_13076,7988.0
7175_7177,7988.0
7175_13075,4515.0
7175_13078,7988.0
7175_13246,7988.0
7176_1192,999999.0
7176_13090,7988.0
7176_13246,7988.0
7177_7175,7988.0
7177_8158,7988.0
7177_8166,7988.0
7178_1182,999999.0
7178_13052,7988.0
7178_13065,7988.0
7179_7148,15975.0
7179_7153,24930.0
7179_8168,24930.0
7179_13250,24930.0
7180_1187,999999.0
7180_8168,24930.0
7180_8357,24930.0
7181_1176,999999.0
7181_8167,24930.0
7181_8372,24930.0
7182_7183,7988.0
7182_8371,7988.0
7182_8372,24930.0
7182_13089,15975.0
7183_1176,999999.0
7183_7182,7988.0
7183_7184,7988.0
7184_7183,7988.0
7184_8144,24930.0
7184_8357,24930.0
7184_8379,7988.0
7185_7187,7028.0
7185_8379,7988.0
7185_13240,4050.0
7185_13241,4050.0
7186_8378,7028.0
7186_13242,4050.0
7186_13243,7028.0
7187_7185,7028.0
7187_8378,7028.0
7187_13245,7028.0
7188_1241,999999.0
7188_7189,7028.0
7188_7196,5018.0
7188_13245,7028.0
7189_1186,999999.0
7189_7188,7028.0
7189_7190,7988.0
7190_7189,7988.0
7190_7191,15975.0
7190_7394,15975.0
7191_7190,15975.0
7191_7395,15975.0
7191_8382,24930.0
7191_11565,5018.0
7192_7194,7988.0
7192_8381,24930.0
7192_8382,24930.0
7193_1208,999999.0
7193_8428,5018.0
7193_11564,5018.0
7194_7192,7988.0
7194_8406,7988.0
7194_11564,5018.0
7195_1188,999999.0
7195_7197,24930.0
7195_8381,24930.0
7196_7188,5018.0
7196_7197,5018.0
7196_13237,4515.0
7197_7195,24930.0
7197_7196,5018.0
7197_8144,24930.0
7197_8380,5018.0
7198_7199,7988.0
7198_8411,7988.0
7198_12089,4515.0
7199_7198,7988.0
7199_8406,7988.0
7199_8410,5018.0
7200_1191,999999.0
7200_7201,15975.0
7200_13089,15975.0
7201_7200,15975.0
7201_8411,7988.0
7201_13087,7988.0
7201_13235,15975.0
7202_7203,7988.0
7202_8413,5018.0
7202_9097,7988.0
7202_13093,4515.0
7203_1196,999999.0
7203_7202,7988.0
7203_13097,7988.0
7204_1194,999999.0
7204_7206,7988.0
7204_13079,7988.0
7205_7206,7988.0
7205_9161,4515.0
7205_13095,7988.0
7206_7204,7988.0
7206_7205,7988.0
7206_7207,7988.0
7206_13097,7988.0
7207_7206,7988.0
7207_8418,7988.0
7207_13081,4515.0
7208_1201,999999.0
7208_7209,7988.0
7208_13101,7988.0
7209_7208,7988.0
7209_13071,7988.0
7209_13072,4515.0
7209_13103,7988.0
7210_1201,999999.0
7210_7211,5018.0
7210_12081,5018.0
7211_7210,5018.0
7211_8419,7988.0
7211_8423,7988.0
7212_7214,7988.0
7212_8420,7988.0
7212_8422,7988.0
7212_13108,7988.0
7213_7214,7988.0
7213_7248,7988.0
7213_7249,15975.0
7213_8422,7988.0
7214_7212,7988.0
7214_7213,7988.0
7214_7215,7988.0
7214_13040,7988.0
7215_1199,999999.0
7215_7169,7988.0
7215_7214,7988.0
7216_6584,7988.0
7216_7088,24930.0
7217_7229,15975.0
7217_8304,999999.0
7217_13110,15975.0
7217_13112,15975.0
7218_1172,999999.0
7218_7219,15975.0
7218_13112,15975.0
7219_7168,15975.0
7219_7218,15975.0
7219_7220,5018.0
7220_7105,4050.0
7220_7219,5018.0
7220_8346,5018.0
7221_7222,4358.0
7221_7226,4358.0
7221_8344,5018.0
7221_8346,5018.0
7222_1161,999999.0
7222_7106,5018.0
7222_7221,4358.0
7223_1161,999999.0
7223_8301,5018.0
7223_13119,5018.0
7224_7225,15975.0
7224_12026,5018.0
7224_13119,5018.0
7224_13121,15975.0
7225_1161,999999.0
7225_7224,15975.0
7225_7227,15975.0
7226_1162,999999.0
7226_7221,4358.0
7226_7227,4358.0
7227_7225,15975.0
7227_7226,4358.0
7227_8345,14055.0
7227_13122,4515.0
7228_7107,15975.0
7228_8345,14055.0
7228_13125,4515.0
7229_7217,15975.0
7229_8347,15975.0
7229_13124,4515.0
7229_13126,4515.0
7230_7231,10035.0
7230_12078,5018.0
7230_13129,10035.0
7231_7230,10035.0
7231_8348,7988.0
7231_12120,5018.0
7231_13132,15975.0
7232_1394,999999.0
7232_7104,9165.0
7232_12527,9165.0
7233_13135,4515.0
7233_13136,4515.0
7233_13139,4515.0
7234_7236,10035.0
7234_12076,10035.0
7234_13137,5018.0
7235_6575,9165.0
7235_7236,7988.0
7235_7344,6240.0
7236_7234,10035.0
7236_7235,7988.0
7236_7237,10035.0
7236_7239,7988.0
7237_7236,10035.0
7237_7242,6240.0
7237_7343,5258.0
7237_12119,4515.0
7238_9269,9165.0
7238_10098,9165.0
7238_12526,5258.0
7239_7236,7988.0
7239_7240,7988.0
7239_12119,4515.0
7239_13136,4515.0
7240_1165,999999.0
7240_7239,7988.0
7240_7244,7988.0
7241_1357,999999.0
7241_7252,15975.0
7241_7335,15975.0
7242_7237,6240.0
7242_7335,10035.0
7242_8350,5018.0
7242_8437,10035.0
7243_1166,999999.0
7243_7244,5018.0
7243_12118,5018.0
7244_7240,7988.0
7244_7243,5018.0
7244_7251,5018.0
7244_8434,7988.0
7245_8434,7988.0
7245_9168,7988.0
7245_13142,4515.0
7246_1169,999999.0
7246_7248,7988.0
7246_13117,7988.0
7247_8354,4515.0
7247_13115,4515.0
7247_13118,4515.0
7248_7213,7988.0
7248_7246,7988.0
7248_8351,4515.0
7248_13115,4515.0
7249_7213,15975.0
7249_8351,4515.0
7249_8352,15975.0
7250_1168,999999.0
7250_13148,15975.0
7250_13149,15975.0
7251_1164,999999.0
7251_7244,5018.0
7251_12120,5018.0
7252_7241,15975.0
7252_8305,4733.0
7252_8350,5018.0
7252_13149,15975.0
7253_1168,999999.0
7253_8156,5018.0
7253_13208,5018.0
7254_7255,5018.0
7254_7256,15975.0
7254_7329,15975.0
7254_8156,5018.0
7255_7254,5018.0
7255_8433,5018.0
7255_8445,5018.0
7255_13199,5018.0
7256_1211,999999.0
7256_7254,15975.0
7256_7257,15975.0
7257_7256,15975.0
7257_8433,5018.0
7257_13198,15975.0
7257_13201,5018.0
7258_1202,999999.0
7258_3795,5018.0
7258_13202,5018.0
7259_7260,15975.0
7259_8424,15975.0
7259_13195,5018.0
7260_1203,999999.0
7260_7259,15975.0
7260_8170,15975.0
7261_1203,999999.0
7261_7263,5018.0
7261_13195,5018.0
7262_1203,999999.0
7262_13180,7988.0
7262_13194,7988.0
7263_7261,5018.0
7263_7264,5018.0
7263_13180,7988.0
7263_13193,7988.0
7264_7263,5018.0
7264_8426,5018.0
7264_13176,4515.0
7265_7266,5018.0
7265_7267,7988.0
7265_8169,7988.0
7265_13174,5018.0
7266_7265,5018.0
7266_8429,5018.0
7266_13173,5018.0
7267_1207,999999.0
7267_7265,7988.0
7267_8427,7988.0
7268_7269,7988.0
7268_13181,7988.0
7268_13183,4515.0
7269_7268,7988.0
7269_8431,15975.0
7269_9099,7988.0
7269_13186,7988.0
7270_1209,999999.0
7270_13185,7988.0
7270_13186,7988.0
7271_7272,4515.0
7271_7273,5018.0
7271_13185,7988.0
7271_13368,7988.0
7272_1227,999999.0
7272_7271,4515.0
7272_7274,4515.0
7273_7271,5018.0
7273_8431,15975.0
7273_8446,7988.0
7273_13189,5018.0
7274_7272,4515.0
7274_7275,7988.0
7274_8446,7988.0
7275_7274,7988.0
7275_7276,5018.0
7275_9217,7988.0
7276_7275,5018.0
7276_7287,5018.0
7276_8447,5018.0
7276_8454,5018.0
7277_8148,7988.0
7277_8454,5018.0
7277_8455,7988.0
7278_3803,5018.0
7278_8148,7988.0
7278_12070,5018.0
7278_13225,4733.0
7279_7410,7988.0
7279_7411,7988.0
7279_13270,4515.0
7280_1225,999999.0
7280_7573,5018.0
7280_9222,5018.0
7281_1333,999999.0
7281_3836,7988.0
7281_7405,7988.0
7282_7571,7988.0
7282_12130,7988.0
7282_12131,7988.0
7282_13225,7988.0
7283_8308,18330.0
7283_8450,5258.0
7283_12069,18330.0
7283_12128,5018.0
7284_1226,999999.0
7284_3809,5018.0
7284_7285,5018.0
7285_7284,5018.0
7285_7286,5018.0
7285_12128,5018.0
7286_1226,999999.0
7286_7285,5018.0
7286_7287,5018.0
7287_7276,5018.0
7287_7286,5018.0
7287_8448,5018.0
7288_7296,5018.0
7288_8439,5018.0
7288_8444,5018.0
7288_8449,5018.0
7289_9186,71040.0
7290_8306,999999.0
7290_8460,5018.0
7290_9251,7988.0
7290_13168,10035.0
7291_1229,999999.0
7291_8460,5018.0
7291_9227,6240.0
7292_7294,6240.0
7292_7300,6240.0
7292_9227,6240.0
7292_9228,6240.0
7293_1373,999999.0
7293_7397,5018.0
7293_7405,5018.0
7294_7292,6240.0
7294_7299,6240.0
7294_7300,5258.0
7294_9225,5258.0
7295_1333,999999.0
7295_7404,4515.0
7295_7406,4515.0
7296_7288,5018.0
7296_9225,999999.0
7296_12071,7988.0
7296_13224,15975.0
7297_4046,4515.0
7297_7301,5258.0
7298_8450,5258.0
7298_9219,6240.0
7298_9224,6240.0
7298_13228,6240.0
7299_7294,6240.0
7299_7300,6240.0
7299_9224,6240.0
7299_13230,6240.0
7300_7292,6240.0
7300_7294,5258.0
7300_7299,6240.0
7300_9230,999999.0
7301_7297,5258.0
7301_7304,12480.0
7301_13340,10035.0
7302_7303,6240.0
7302_8230,6240.0
7302_13230,6240.0
7303_7302,6240.0
7303_7305,5258.0
7303_8458,6240.0
7304_7301,12480.0
7304_8458,6240.0
7304_9247,12480.0
7304_9248,6240.0
7305_1228,999999.0
7305_7303,5258.0
7305_9231,6240.0
7306_7307,6240.0
7306_9230,6240.0
7306_9231,6240.0
7307_1228,999999.0
7307_7306,6240.0
7307_7308,6240.0
7308_5888,12480.0
7308_7307,6240.0
7308_7311,12480.0
7308_8457,12480.0
7309_7312,7988.0
7309_7315,999999.0
7309_13160,7988.0
7310_1229,999999.0
7310_7311,6240.0
7310_9228,6240.0
7311_7308,12480.0
7311_7310,6240.0
7311_7312,10035.0
7312_7309,7988.0
7312_7311,10035.0
7312_7313,10035.0
7312_13171,7988.0
7313_7312,10035.0
7313_7353,10035.0
7313_13170,4515.0
7314_9235,15975.0
7314_12066,15975.0
7314_13160,4515.0
7315_7309,999999.0
7315_8459,7988.0
7315_9229,4515.0
7316_9233,7988.0
7316_9236,7988.0
7316_13325,4515.0
7317_7353,15975.0
7317_9234,7988.0
7317_9235,15975.0
7318_7319,10035.0
7318_7320,7988.0
7318_9251,7988.0
7318_13168,10035.0
7319_7318,10035.0
7319_7320,15975.0
7319_9233,5018.0
7319_12068,15975.0
7320_7318,7988.0
7320_7319,15975.0
7320_12065,15975.0
7321_7322,15975.0
7321_12064,4515.0
7321_12065,15975.0
7321_13218,5018.0
7322_1218,999999.0
7322_7321,15975.0
7322_7323,15975.0
7323_7322,15975.0
7323_8441,5018.0
7323_9232,5018.0
7323_12074,15975.0
7324_1218,999999.0
7324_8441,5018.0
7324_13215,5018.0
7325_1218,999999.0
7325_13217,5018.0
7325_13218,5018.0
7326_9101,5018.0
7326_13215,5018.0
7326_13216,5018.0
7326_13217,5018.0
7327_7328,5018.0
7327_7330,5018.0
7327_8447,5018.0
7327_9102,5018.0
7328_1212,999999.0
7328_7327,5018.0
7328_8445,5018.0
7329_1212,999999.0
7329_7254,15975.0
7329_12073,15975.0
7330_7327,5018.0
7330_13200,4515.0
7330_13210,5018.0
7330_13211,4515.0
7331_8435,15975.0
7331_9103,15975.0
7331_13210,5018.0
7332_8305,5018.0
7332_9244,5018.0
7332_13151,12480.0
7333_9237,7988.0
7333_12124,7988.0
7333_12125,5018.0
7334_7346,15975.0
7334_9238,15975.0
7334_12125,5018.0
7335_7241,15975.0
7335_7242,10035.0
7335_7336,18330.0
7335_13153,12480.0
7336_7335,18330.0
7336_9242,5258.0
7336_12062,9165.0
7337_1215,999999.0
7337_7338,6240.0
7337_8438,6240.0
7337_13156,4515.0
7338_7337,6240.0
7338_7339,5258.0
7338_7341,6240.0
7338_9242,999999.0
7339_1215,999999.0
7339_7338,5258.0
7339_7340,5258.0
7340_7339,5258.0
7340_7341,9165.0
7340_13158,7988.0
7341_7338,6240.0
7341_7340,9165.0
7341_7342,6240.0
7341_12062,9165.0
7342_1214,999999.0
7342_7341,6240.0
7342_7344,6240.0
7343_1214,999999.0
7343_7237,5258.0
7343_7344,5258.0
7344_7235,6240.0
7344_7342,6240.0
7344_7343,5258.0
7344_9241,5258.0
7345_5883,6240.0
7345_5884,18330.0
7345_7354,5018.0
7345_8462,15975.0
7346_7334,15975.0
7346_12060,18330.0
7346_12126,4515.0
7346_13164,4515.0
7347_7348,4733.0
7347_7349,24930.0
7348_7349,9465.0
7348_7550,4733.0
7348_8164,15975.0
7349_7350,9465.0
7349_7550,15975.0
7350_6675,4733.0
7350_7561,4733.0
7351_7352,7988.0
7351_8462,15975.0
7351_13163,4515.0
7351_13166,15975.0
7352_7351,7988.0
7352_7353,7988.0
7352_12059,9165.0
7353_7313,10035.0
7353_7317,15975.0
7353_7352,7988.0
7353_8461,15975.0
7354_7345,5018.0
7354_7355,7988.0
7354_7356,15975.0
7354_13169,15975.0
7355_5887,4515.0
7355_7354,7988.0
7355_11570,5018.0
7356_5884,18330.0
7356_7354,15975.0
7356_11568,6240.0
7357_6948,22650.0
7357_6956,14055.0
7357_7053,7028.0
7357_8241,30090.0
7358_876,999999.0
7358_2475,5018.0
7358_2598,5018.0
7359_877,999999.0
7359_2481,4515.0
7359_2600,4515.0
7360_1288,999999.0
7360_2478,7988.0
7360_2479,7988.0
7361_1288,999999.0
7361_2497,5018.0
7361_2498,5018.0
7362_1288,999999.0
7362_2477,5018.0
7362_2498,5018.0
7363_879,999999.0
7363_2503,12480.0
7363_2504,12480.0
7364_880,999999.0
7364_2525,7988.0
7364_2526,7988.0
7365_881,999999.0
7365_2499,5018.0
7365_12903,5018.0
7366_2501,7988.0
7366_12901,5018.0
7366_12902,4515.0
7367_882,999999.0
7367_2494,7988.0
7367_2501,7988.0
7368_883,999999.0
7368_2508,7988.0
7368_2518,7988.0
7369_884,999999.0
7369_2525,7988.0
7369_2595,7988.0
7370_884,999999.0
7370_2523,5018.0
7370_2524,5018.0
7371_885,999999.0
7371_2524,4515.0
7371_2527,4515.0
7372_886,999999.0
7372_2533,5018.0
7372_3484,5018.0
7373_886,999999.0
7373_2537,10035.0
7373_2538,10035.0
7374_887,999999.0
7374_2522,10035.0
7374_2538,10035.0
7375_887,999999.0
7375_2520,5018.0
7375_2521,5018.0
7376_888,999999.0
7376_2539,7988.0
7376_11868,7988.0
7377_888,999999.0
7377_2539,10035.0
7377_2540,10035.0
7378_888,999999.0
7378_2514,7988.0
7378_2516,7988.0
7379_424,999999.0
7379_5616,5018.0
7379_5904,5018.0
7380_889,999999.0
7380_2528,4515.0
7380_2532,4515.0
7381_889,999999.0
7381_2532,5018.0
7381_9091,4358.0
7382_890,999999.0
7382_2530,4050.0
7382_2531,4050.0
7383_891,999999.0
7383_2530,14055.0
7383_12907,14055.0
7384_891,999999.0
7384_2503,4358.0
7384_2531,4358.0
7385_892,999999.0
7385_2469,7988.0
7385_2511,7988.0
7386_893,999999.0
7386_2468,5018.0
7386_2515,5018.0
7387_897,999999.0
7387_2467,15975.0
7387_2545,15975.0
7388_893,999999.0
7388_2513,7988.0
7388_2543,7988.0
7389_894,999999.0
7389_2516,7988.0
7389_2517,7988.0
7390_894,999999.0
7390_2515,7988.0
7390_11855,7988.0
7391_895,999999.0
7391_2519,15975.0
7391_2520,15975.0
7392_895,999999.0
7392_2516,5018.0
7392_2520,5018.0
7393_896,999999.0
7393_12868,5258.0
7393_12869,5258.0
7394_7190,15975.0
7394_7415,15975.0
7394_8063,15975.0
7395_7191,15975.0
7395_8061,7988.0
7395_8062,7988.0
7396_3835,7988.0
7396_7397,5018.0
7396_8061,7988.0
7397_7293,5018.0
7397_7396,5018.0
7397_13358,5018.0
7398_1373,999999.0
7398_7404,7988.0
7398_7405,7988.0
7399_13368,7988.0
7399_13384,9165.0
7399_13385,12480.0
7400_8225,18330.0
7400_12469,7988.0
7400_13375,12480.0
7400_13386,5018.0
7401_1513,999999.0
7401_7404,4515.0
7401_13362,4515.0
7402_7565,9165.0
7402_8226,9165.0
7402_13364,7988.0
7403_7414,7988.0
7403_8124,9165.0
7403_8226,9165.0
7403_13363,9165.0
7404_7295,4515.0
7404_7398,7988.0
7404_7401,4515.0
7404_13361,9165.0
7405_7281,7988.0
7405_7293,5018.0
7405_7398,7988.0
7405_13271,5018.0
7406_7295,4515.0
7406_11777,5018.0
7406_13271,5018.0
7407_7409,7988.0
7407_7423,5018.0
7407_7424,7988.0
7407_11777,5018.0
7408_7409,4515.0
7408_7410,4515.0
7408_7422,4515.0
7409_7407,7988.0
7409_7408,4515.0
7409_7410,7988.0
7410_7279,7988.0
7410_7408,4515.0
7410_7409,7988.0
7411_7279,7988.0
7411_7412,4515.0
7411_8062,7988.0
7412_7411,4515.0
7412_8063,15975.0
7412_8210,15975.0
7413_7422,15975.0
7413_8210,15975.0
7413_11776,4515.0
7414_1372,999999.0
7414_7403,7988.0
7414_7454,7988.0
7415_1242,999999.0
7415_7394,15975.0
7415_11773,15975.0
7416_7420,7988.0
7416_8209,7988.0
7416_11631,4515.0
7416_11774,4515.0
7417_7418,4515.0
7417_11783,4515.0
7417_13277,4515.0
7417_13278,4515.0
7418_7417,4515.0
7418_8208,5018.0
7418_11774,4515.0
7418_13275,5018.0
7419_3631,999999.0
7419_7420,7988.0
7419_8208,5018.0
7419_11632,5018.0
7420_7416,7988.0
7420_7419,7988.0
7421_13362,4515.0
7421_13364,7988.0
7421_13369,7988.0
7422_7408,4515.0
7422_7413,15975.0
7422_7423,7988.0
7423_7407,5018.0
7423_7422,7988.0
7423_11778,15975.0
7423_13273,5018.0
7424_1369,999999.0
7424_7407,7988.0
7424_7425,7988.0
7425_7424,7988.0
7425_7426,7988.0
7425_7446,7988.0
7425_7454,7988.0
7426_1369,999999.0
7426_7425,7988.0
7426_7427,7988.0
7427_7426,7988.0
7427_8121,15975.0
7427_11779,15975.0
7427_11782,7988.0
7428_7429,5258.0
7428_8064,9165.0
7428_8205,6240.0
7429_1244,999999.0
7429_7428,5258.0
7429_7430,5258.0
7429_11783,4515.0
7430_7429,5258.0
7430_8064,9165.0
7430_11784,9165.0
7430_11785,5258.0
7431_11731,4515.0
7431_13267,4515.0
7431_13269,4515.0
7432_7433,5258.0
7432_8066,6240.0
7432_11787,6240.0
7433_7432,5258.0
7433_7434,6240.0
7433_7459,6240.0
7433_11789,6240.0
7434_1365,999999.0
7434_7433,6240.0
7434_11788,6240.0
7435_7436,15975.0
7435_7441,15975.0
7435_11781,5018.0
7436_7435,15975.0
7436_7437,5018.0
7436_8121,15975.0
7437_7436,5018.0
7437_7439,4515.0
7437_8120,5018.0
7438_1372,999999.0
7438_7447,5018.0
7438_7450,5018.0
7439_7437,4515.0
7439_7441,4515.0
7439_7445,4515.0
7440_1371,999999.0
7440_7448,7988.0
7440_8124,7988.0
7441_5900,15975.0
7441_7435,15975.0
7441_7439,4515.0
7442_7443,4515.0
7442_8116,15975.0
7442_11635,15975.0
7443_1252,999999.0
7443_7442,4515.0
7443_13269,4515.0
7444_7445,7988.0
7444_8107,7988.0
7444_13269,4515.0
7445_7439,4515.0
7445_7444,7988.0
7445_11780,7988.0
7446_7425,7988.0
7446_7447,5018.0
7446_8120,5018.0
7446_11780,7988.0
7447_1252,999999.0
7447_7438,5018.0
7447_7446,5018.0
7448_7440,7988.0
7448_7450,6240.0
7448_7488,7988.0
7449_7488,7988.0
7449_7537,6240.0
7449_7560,9165.0
7449_8374,999999.0
7450_7438,5018.0
7450_7448,6240.0
7450_7452,5018.0
7450_8374,6240.0
7451_8216,71040.0
7452_7450,5018.0
7452_7453,7988.0
7452_8082,7988.0
7453_7452,7988.0
7453_7506,7988.0
7453_13268,5018.0
7454_1511,999999.0
7454_7414,7988.0
7454_7425,7988.0
7455_479,999999.0
7455_1608,24930.0
7455_1703,15975.0
7456_5610,71040.0
7457_7458,15975.0
7457_11635,15975.0
7457_11732,6240.0
7458_7457,15975.0
7458_7520,15975.0
7458_11634,5018.0
7458_11792,4515.0
7459_7433,6240.0
7459_7460,6240.0
7459_11792,4515.0
7460_7459,6240.0
7460_7461,5018.0
7460_7477,6240.0
7460_7513,6240.0
7461_3641,999999.0
7461_3642,999999.0
7461_7460,5018.0
7461_7476,6240.0
7462_8067,7988.0
7462_8203,5018.0
7462_11784,9165.0
7463_3615,999999.0
7463_8067,7988.0
7463_8068,7988.0
7463_11736,4515.0
7464_7465,5018.0
7464_7466,7988.0
7464_8068,7988.0
7465_3615,5018.0
7465_3640,999999.0
7465_7464,5018.0
7465_8200,5018.0
7466_7464,7988.0
7466_7467,9165.0
7466_7468,6240.0
7466_11736,4515.0
7467_7466,9165.0
7467_7468,5258.0
7467_7470,9165.0
7468_7466,6240.0
7468_7467,5258.0
7468_7473,6240.0
7468_8317,6240.0
7469_8389,5258.0
7469_8390,4515.0
7470_1247,999999.0
7470_7467,9165.0
7470_7471,9165.0
7471_7470,9165.0
7471_7472,6240.0
7471_8069,6240.0
7471_12427,9165.0
7472_1247,999999.0
7472_7471,6240.0
7472_7473,6240.0
7473_7468,6240.0
7473_7472,6240.0
7473_8198,6240.0
7473_8199,6240.0
7474_7475,6240.0
7474_7483,6240.0
7474_8199,6240.0
7474_8317,6240.0
7475_7474,6240.0
7475_8070,6240.0
7475_8200,6240.0
7476_1249,999999.0
7476_7461,6240.0
7476_7477,6240.0
7477_7460,6240.0
7477_7476,6240.0
7477_7478,6240.0
7477_12425,6240.0
7478_1249,999999.0
7478_7477,6240.0
7478_7479,6240.0
7479_7478,6240.0
7479_7481,6240.0
7479_7511,6240.0
7479_8070,6240.0
7480_7507,4515.0
7480_7682,4515.0
7480_7874,4515.0
7481_7479,6240.0
7481_7483,5258.0
7481_7501,6240.0
7481_7502,5258.0
7482_1335,999999.0
7482_3998,4515.0
7482_8071,4515.0
7483_7474,6240.0
7483_7481,5258.0
7483_7484,5258.0
7483_7487,6240.0
7484_7483,5258.0
7484_7485,6240.0
7484_8197,6240.0
7484_8198,6240.0
7485_5913,6240.0
7485_7484,6240.0
7485_7487,5258.0
7485_8196,6240.0
7486_1248,999999.0
7486_7632,9165.0
7486_8196,6240.0
7486_12427,9165.0
7487_7483,6240.0
7487_7485,5258.0
7487_7489,5018.0
7487_7501,5258.0
7488_7448,7988.0
7488_7449,7988.0
7488_7491,4515.0
7489_5913,6240.0
7489_7487,5018.0
7489_7490,5018.0
7489_7496,5018.0
7490_7489,5018.0
7490_7492,5258.0
7490_7495,4515.0
7490_8233,5018.0
7491_1371,999999.0
7491_7488,4515.0
7491_7503,4515.0
7492_7490,5258.0
7492_7632,5258.0
7492_8316,9165.0
7493_4064,15975.0
7493_7494,12480.0
7493_9254,18330.0
7493_13340,10035.0
7494_7493,12480.0
7494_8311,999999.0
7494_9253,6240.0
7494_9255,6240.0
7495_5905,4515.0
7495_7490,4515.0
7495_7496,15975.0
7495_8233,15975.0
7496_7489,5018.0
7496_7495,15975.0
7496_7498,18330.0
7496_11715,6240.0
7497_2865,51728.0
7498_1631,18330.0
7498_7496,18330.0
7498_11715,6240.0
7498_11993,5018.0
7499_1631,9165.0
7499_7500,5258.0
7499_7502,9165.0
7500_7499,5258.0
7500_7501,5018.0
7500_11993,5018.0
7501_7481,6240.0
7501_7487,5258.0
7501_7500,5018.0
7502_7481,5258.0
7502_7499,9165.0
7502_7504,9165.0
7503_7491,4515.0
7503_7564,7988.0
7503_8122,7988.0
7504_7502,9165.0
7504_7505,9165.0
7504_7536,9165.0
7505_1264,999999.0
7505_7504,9165.0
7505_7508,9165.0
7506_1374,999999.0
7506_7453,7988.0
7506_8107,7988.0
7507_7480,4515.0
7507_7605,5018.0
7507_9039,5018.0
7508_7505,9165.0
7508_7509,6240.0
7508_7510,9165.0
7509_7508,6240.0
7509_7510,6240.0
7509_8072,6240.0
7509_8137,6240.0
7510_7508,9165.0
7510_7509,6240.0
7510_7511,6240.0
7510_10170,9165.0
7511_5899,6240.0
7511_7479,6240.0
7511_7510,6240.0
7512_1250,999999.0
7512_7514,9165.0
7512_10170,7988.0
7513_7460,6240.0
7513_7514,6240.0
7513_7623,4515.0
7514_7512,9165.0
7514_7513,6240.0
7514_7519,7988.0
7514_7679,5018.0
7515_7521,9165.0
7515_7525,9165.0
7515_7527,5258.0
7516_7528,6240.0
7516_7628,5018.0
7516_7679,5018.0
7517_7518,4515.0
7517_7691,4515.0
7517_8084,4515.0
7518_7517,4515.0
7518_7520,5018.0
7518_7628,5018.0
7519_7514,7988.0
7519_7520,7988.0
7519_7623,4515.0
7520_7458,15975.0
7520_7518,5018.0
7520_7519,7988.0
7521_7515,9165.0
7521_8082,7988.0
7521_8084,4515.0
7522_7888,7290.0
7522_9188,7290.0
7523_5647,4733.0
7523_7522,7290.0
7524_4086,5018.0
7524_7525,5018.0
7524_7593,5018.0
7525_7515,9165.0
7525_7524,5018.0
7525_7526,6240.0
7525_7698,7988.0
7526_7525,6240.0
7526_7551,5258.0
7526_7691,4515.0
7526_7696,5018.0
7527_1374,999999.0
7527_7515,5258.0
7527_7537,5258.0
7528_7516,6240.0
7528_7696,5018.0
7528_7701,5018.0
7528_8312,999999.0
7529_1263,999999.0
7529_8212,5258.0
7529_11992,5258.0
7530_7533,6240.0
7530_7546,5258.0
7530_8073,6240.0
7531_2868,14580.0
7531_2937,10035.0
7531_6568,10035.0
7531_7532,14580.0
7532_5590,7988.0
7532_6570,7988.0
7532_7531,14580.0
7533_7530,6240.0
7533_7534,9165.0
7533_7545,7988.0
7533_8313,999999.0
7534_7533,9165.0
7534_7535,9165.0
7534_8137,6240.0
7535_7534,9165.0
7535_7538,6240.0
7535_8136,9165.0
7536_7504,9165.0
7536_8136,9165.0
7536_11702,9165.0
7537_7449,6240.0
7537_7527,5258.0
7537_7560,5258.0
7537_7593,6240.0
7538_7535,6240.0
7538_7539,6240.0
7538_8313,5258.0
7538_11700,5258.0
7539_7538,6240.0
7539_7540,6240.0
7539_7543,5258.0
7540_7539,6240.0
7540_7541,6240.0
7540_8234,5258.0
7540_11697,5258.0
7541_7540,6240.0
7541_7607,6240.0
7541_8234,6240.0
7541_11694,6240.0
7542_3858,10035.0
7542_7626,6240.0
7542_7627,12480.0
7542_8311,12480.0
7543_7539,5258.0
7543_8220,6240.0
7543_8234,6240.0
7544_7084,5018.0
7544_7088,5018.0
7545_7533,7988.0
7545_8118,15975.0
7545_12419,6240.0
7545_12422,6240.0
7546_7530,5258.0
7546_7702,5018.0
7546_7713,4515.0
7546_12422,5018.0
7547_7548,5018.0
7547_7744,4515.0
7547_7774,5018.0
7547_8130,4515.0
7548_1383,999999.0
7548_7547,5018.0
7548_7549,5018.0
7549_7548,5018.0
7549_7552,5018.0
7549_7595,6240.0
7549_7707,5018.0
7550_7558,15975.0
7551_7526,5258.0
7551_7698,7988.0
7551_8106,15975.0
7552_7549,5018.0
7552_7553,7988.0
7552_7556,5018.0
7552_7596,15975.0
7553_1256,999999.0
7553_7552,7988.0
7553_7554,7988.0
7554_7553,7988.0
7554_7555,4515.0
7554_7590,7988.0
7554_8130,4515.0
7555_3460,7988.0
7555_7554,4515.0
7555_7588,7988.0
7556_3460,7988.0
7556_4087,7988.0
7556_7552,5018.0
7556_7585,6240.0
7557_4087,7988.0
7557_7559,7988.0
7557_7585,6240.0
7558_7086,15975.0
7558_9164,15975.0
7559_4086,5018.0
7559_7557,7988.0
7559_8314,999999.0
7559_13383,9165.0
7560_7449,9165.0
7560_7537,5258.0
7560_8102,9165.0
7560_8123,5258.0
7561_8682,24930.0
7562_7563,6240.0
7562_7570,9165.0
7562_7622,5018.0
7562_13382,9165.0
7563_7562,6240.0
7563_7570,9165.0
7563_13359,6240.0
7563_13380,9165.0
7564_7503,7988.0
7564_8123,5258.0
7564_13380,9165.0
7565_7402,9165.0
7565_13370,5018.0
7565_13371,9165.0
7566_7544,7988.0
7566_7567,24930.0
7567_7087,24930.0
7568_7601,5018.0
7568_13360,6240.0
7568_13379,6240.0
7568_13381,6240.0
7569_7612,7988.0
7569_13338,5018.0
7569_13360,6240.0
7569_13376,9165.0
7570_7562,9165.0
7570_7563,9165.0
7570_7612,7988.0
7570_9250,9165.0
7571_7282,7988.0
7571_7573,5258.0
7571_9250,9165.0
7572_7100,7988.0
7572_7567,7988.0
7573_7280,5018.0
7573_7571,5258.0
7573_7622,5018.0
7573_8453,6240.0
7574_4115,5018.0
7574_4129,5018.0
7574_7576,5018.0
7575_4114,5258.0
7575_7615,6240.0
7575_7624,6240.0
7576_7574,5018.0
7576_7577,18330.0
7576_8310,6240.0
7576_9223,15975.0
7577_7576,18330.0
7577_7578,18330.0
7577_8231,18330.0
7578_3994,5018.0
7578_3998,15975.0
7578_7577,18330.0
7579_3997,4515.0
7579_3998,15975.0
7579_4081,15975.0
7580_3978,4515.0
7580_7597,5258.0
7580_7598,6240.0
7580_8125,6240.0
7581_3980,5018.0
7581_4105,5018.0
7581_8125,6240.0
7581_8128,6240.0
7582_7584,5018.0
7582_7591,15975.0
7583_4097,5018.0
7583_4101,5018.0
7583_4105,10035.0
7583_4112,4515.0
7584_7082,5018.0
7584_7582,5018.0
7585_3474,5018.0
7585_4094,5018.0
7585_7556,6240.0
7585_7557,6240.0
7586_3474,5018.0
7586_3494,5018.0
7586_8127,6240.0
7586_8128,6240.0
7587_3487,4515.0
7587_3494,5018.0
7587_3848,4515.0
7587_7594,6240.0
7588_7555,7988.0
7588_7589,5018.0
7588_7778,7988.0
7589_3487,4515.0
7589_7588,5018.0
7589_7594,4515.0
7590_7554,7988.0
7590_7712,15975.0
7590_7778,7988.0
7591_6589,24930.0
7591_7610,4515.0
7592_7602,7988.0
7592_7883,5018.0
7592_7901,5018.0
7592_8315,999999.0
7593_1374,999999.0
7593_7524,5018.0
7593_7537,6240.0
7594_3523,4515.0
7594_7587,6240.0
7594_7589,4515.0
7594_7901,5018.0
7595_7549,6240.0
7595_7596,5018.0
7595_7701,5018.0
7596_7552,15975.0
7596_7595,5018.0
7596_8106,15975.0
7597_3848,4515.0
7597_3976,10035.0
7597_7580,5258.0
7597_8127,6240.0
7598_3976,5018.0
7598_7580,6240.0
7598_7599,6240.0
7599_3973,4515.0
7599_4074,4515.0
7599_7598,6240.0
7599_7627,6240.0
7600_3523,4515.0
7600_3973,4515.0
7600_7602,4515.0
7600_7621,4515.0
7601_1523,999999.0
7601_7568,5018.0
7601_13370,5018.0
7602_7592,7988.0
7602_7600,4515.0
7602_7603,7988.0
7602_7883,4515.0
7603_7602,7988.0
7603_7604,7988.0
7603_7620,7988.0
7604_7603,7988.0
7604_7883,5018.0
7604_8132,5018.0
7604_8495,7988.0
7605_7507,5018.0
7605_7611,5018.0
7605_7618,4515.0
7605_8132,5018.0
7606_8580,5018.0
7606_12417,6240.0
7606_12418,5258.0
7606_12419,5018.0
7607_7541,6240.0
7607_7608,6240.0
7607_11691,6240.0
7607_12417,6240.0
7608_7607,6240.0
7608_7613,6240.0
7608_12415,5258.0
7609_1019,999999.0
7609_7840,4515.0
7609_8060,4515.0
7610_7084,4515.0
7610_7085,4515.0
7610_7591,4515.0
7611_7605,5018.0
7611_11992,5018.0
7611_12415,4515.0
7612_1254,999999.0
7612_7569,7988.0
7612_7570,7988.0
7613_7608,6240.0
7613_7900,6240.0
7613_11689,6240.0
7613_11992,5018.0
7614_4114,5258.0
7614_5896,9165.0
7614_5897,5258.0
7614_7616,9165.0
7615_1258,999999.0
7615_7575,6240.0
7615_7616,6240.0
7616_4103,6240.0
7616_7614,9165.0
7616_7615,6240.0
7616_8221,9165.0
7617_5218,7028.0
7617_5221,7028.0
7617_5893,4358.0
7618_7605,4515.0
7618_7619,4515.0
7618_9041,4515.0
7619_4093,7988.0
7619_7618,4515.0
7619_8133,7988.0
7619_12401,7988.0
7620_7603,7988.0
7620_8133,7988.0
7620_8509,10035.0
7621_3858,10035.0
7621_7600,4515.0
7621_7626,4515.0
7621_8509,10035.0
7622_1522,999999.0
7622_7562,5018.0
7622_7573,5018.0
7623_1250,999999.0
7623_7513,4515.0
7623_7519,4515.0
7624_5895,6240.0
7624_7575,6240.0
7624_11991,12480.0
7624_12403,6240.0
7625_7626,6240.0
7625_11679,9165.0
7625_12401,9165.0
7625_12402,6240.0
7626_7542,6240.0
7626_7621,4515.0
7626_7625,6240.0
7627_4029,5018.0
7627_4047,5018.0
7627_7542,12480.0
7627_7599,6240.0
7628_1250,999999.0
7628_7516,5018.0
7628_7518,5018.0
7629_4029,5018.0
7629_4039,15975.0
7629_4081,15975.0
7630_2450,5258.0
7630_2451,5258.0
7630_7635,6240.0
7631_4039,15975.0
7631_4058,5018.0
7631_4064,15975.0
7631_11636,5018.0
7632_3639,999999.0
7632_7486,9165.0
7632_7492,5258.0
7632_8316,18330.0
7633_897,999999.0
7633_2463,5018.0
7633_2464,5018.0
7634_893,999999.0
7634_2468,15975.0
7634_2469,15975.0
7635_2440,6240.0
7635_7630,6240.0
7635_12882,5258.0
7636_898,999999.0
7636_2451,9165.0
7636_12883,7988.0
7637_899,999999.0
7637_2472,5018.0
7637_2474,5018.0
7638_899,999999.0
7638_2473,7988.0
7638_2512,7988.0
7639_3343,4050.0
7639_3409,14055.0
7639_4337,4050.0
7639_11763,14055.0
7640_901,999999.0
7640_2568,7988.0
7640_2605,7988.0
7641_901,999999.0
7641_2453,15975.0
7641_2605,15975.0
7642_902,999999.0
7642_2452,7988.0
7642_2454,7988.0
7643_2451,7988.0
7643_2457,7988.0
7643_11760,4515.0
7644_902,999999.0
7644_2454,7988.0
7644_2455,7988.0
7645_903,999999.0
7645_2444,5018.0
7645_5902,5018.0
7646_903,999999.0
7646_2727,7988.0
7646_5592,7988.0
7647_904,999999.0
7647_2431,5018.0
7647_2432,5018.0
7648_2442,5018.0
7648_2443,5018.0
7648_12885,4515.0
7649_905,999999.0
7649_2437,5018.0
7649_2442,5018.0
7650_905,999999.0
7650_2436,7988.0
7650_12883,7988.0
7651_906,999999.0
7651_2423,4515.0
7651_2726,4515.0
7652_906,999999.0
7652_2724,18330.0
7652_11898,15975.0
7653_907,999999.0
7653_2724,18330.0
7653_11903,15975.0
7654_907,999999.0
7654_2725,4515.0
7654_5791,4515.0
7655_906,999999.0
7655_2726,7988.0
7655_12853,7988.0
7656_908,999999.0
7656_2423,5258.0
7656_2428,5258.0
7657_2421,15975.0
7657_12853,4515.0
7657_12854,4515.0
7657_12855,15975.0
7658_909,999999.0
7658_11842,15975.0
7658_12857,15975.0
7659_2420,7988.0
7659_2421,7988.0
7659_12856,4515.0
7660_909,999999.0
7660_2419,5018.0
7660_2420,5018.0
7661_910,999999.0
7661_2416,15975.0
7661_2417,15975.0
7662_912,999999.0
7662_2417,15975.0
7662_3101,15975.0
7663_912,999999.0
7663_2417,10035.0
7663_2718,5018.0
7664_7665,7028.0
7664_7680,4358.0
7664_8022,4358.0
7664_8250,14055.0
7665_7664,7028.0
7665_7678,4050.0
7665_8023,4050.0
7665_12951,7028.0
7666_7676,4050.0
7666_7788,4050.0
7666_7794,4050.0
7667_7668,7028.0
7667_7673,7028.0
7667_8026,7028.0
7667_8028,7028.0
7668_7667,7028.0
7668_7798,4358.0
7668_12955,7028.0
7669_7670,7028.0
7669_7826,7028.0
7669_7827,4358.0
7669_12955,4358.0
7670_993,999999.0
7670_7669,7028.0
7670_7672,7028.0
7671_10376,5258.0
7671_11356,5258.0
7672_7670,7028.0
7672_7673,7028.0
7672_7683,14055.0
7673_7667,7028.0
7673_7672,7028.0
7673_8027,4050.0
7674_7678,4050.0
7674_7683,4050.0
7674_8027,4050.0
7674_12951,4050.0
7675_7677,3165.0
7675_7700,10575.0
7675_7709,3165.0
7676_7666,4050.0
7676_8025,4050.0
7676_12952,4050.0
7676_12954,4050.0
7677_7688,10575.0
7678_7665,4050.0
7678_7674,4050.0
7678_7680,3645.0
7678_7686,3645.0
7679_1250,999999.0
7679_7514,5018.0
7679_7516,5018.0
7680_7664,4358.0
7680_7678,3645.0
7680_7681,3645.0
7680_7688,3165.0
7681_7680,3645.0
7681_7689,7290.0
7681_8251,3645.0
7682_1385,999999.0
7682_7480,4515.0
7682_8574,4515.0
7683_7674,4050.0
7683_7684,10575.0
7684_7686,10575.0
7684_7700,3165.0
7685_3310,71040.0
7686_7677,10575.0
7686_7678,3645.0
7687_7523,7290.0
7687_9182,7290.0
7688_7680,3165.0
7688_7689,10575.0
7689_7690,10575.0
7689_7979,7290.0
7690_7692,10575.0
7690_7697,7290.0
7690_8251,7290.0
7691_1367,999999.0
7691_7517,4515.0
7691_7526,4515.0
7692_7693,14055.0
7692_8252,8100.0
7693_7694,14055.0
7693_7745,14055.0
7694_7695,14055.0
7694_7697,10575.0
7695_7694,14055.0
7695_7736,10575.0
7695_7742,14055.0
7695_7745,21915.0
7696_1367,999999.0
7696_7526,5018.0
7696_7528,5018.0
7697_7690,7290.0
7697_7979,10575.0
7698_1367,999999.0
7698_7525,7988.0
7698_7551,7988.0
7699_11360,6240.0
7699_11362,6240.0
7700_7684,3165.0
7700_7703,10575.0
7700_7708,3165.0
7701_1367,999999.0
7701_7528,5018.0
7701_7595,5018.0
7702_1368,999999.0
7702_7546,5018.0
7702_7707,5018.0
7703_7672,14055.0
7703_7705,14055.0
7704_7827,4358.0
7704_7828,7028.0
7704_8029,7028.0
7704_8035,4358.0
7705_7706,4050.0
7705_8029,7028.0
7706_993,999999.0
7706_7705,4050.0
7706_7708,3645.0
7707_1383,999999.0
7707_7549,5018.0
7707_7702,5018.0
7708_7700,3165.0
7708_7706,3645.0
7708_7709,3645.0
7708_7719,3165.0
7709_986,999999.0
7709_7675,3165.0
7709_7708,3645.0
7709_7711,3645.0
7710_986,999999.0
7710_7711,3165.0
7710_7717,3165.0
7711_7709,3645.0
7711_7710,3165.0
7711_7714,3165.0
7712_1257,999999.0
7712_7590,15975.0
7712_7891,15975.0
7713_7546,4515.0
7713_7726,4515.0
7713_7890,4515.0
7714_7711,3165.0
7714_7715,3645.0
7714_7979,6330.0
7715_986,999999.0
7715_7714,3645.0
7715_7716,3645.0
7716_7715,3645.0
7716_7717,3645.0
7716_7734,7290.0
7716_7978,3645.0
7717_7710,3165.0
7717_7716,3645.0
7717_7718,3645.0
7717_7977,3165.0
7718_986,999999.0
7718_7717,3645.0
7718_7719,3645.0
7719_7708,3165.0
7719_7718,3645.0
7719_8277,3165.0
7720_7721,4358.0
7720_8035,8715.0
7720_8277,4358.0
7720_12958,3165.0
7721_7720,4358.0
7721_7882,4358.0
7721_8034,4358.0
7721_12956,3165.0
7722_7725,3165.0
7722_12957,3165.0
7722_12958,3165.0
7722_12960,4358.0
7723_12957,4050.0
7723_12959,4358.0
7723_12960,4358.0
7723_12962,4050.0
7724_2916,7290.0
7725_7722,3165.0
7725_7728,3165.0
7725_7732,3645.0
7725_12960,4050.0
7726_1383,999999.0
7726_7713,4515.0
7726_7744,4515.0
7727_7289,71040.0
7728_7725,3165.0
7728_7731,4358.0
7728_7732,10575.0
7728_12965,7028.0
7729_1605,71040.0
7730_984,999999.0
7730_12966,7028.0
7730_12967,7028.0
7731_7728,4358.0
7731_8021,4358.0
7731_8283,7028.0
7731_12967,7028.0
7732_7725,3645.0
7732_7728,10575.0
7732_8279,10575.0
7733_1600,4733.0
7733_7735,4733.0
7734_7716,7290.0
7734_7736,10575.0
7734_7738,3645.0
7734_8279,10575.0
7735_1600,9465.0
7735_3315,15975.0
7736_7695,10575.0
7736_7734,10575.0
7737_7729,71040.0
7738_7734,3645.0
7738_7740,4050.0
7739_7733,4733.0
7739_7737,7290.0
7740_7738,4050.0
7740_7741,4050.0
7740_7742,14055.0
7740_7763,14055.0
7741_7740,4050.0
7741_7742,4050.0
7741_7757,4050.0
7742_7695,14055.0
7742_7740,14055.0
7742_7741,4050.0
7743_7747,5018.0
7743_8618,15975.0
7744_1382,999999.0
7744_7547,4515.0
7744_7726,4515.0
7745_7693,14055.0
7745_7695,21915.0
7745_7746,14055.0
7745_7764,14055.0
7746_987,999999.0
7746_7745,14055.0
7746_8253,14055.0
7747_1705,4515.0
7747_4559,5018.0
7747_7743,5018.0
7747_9188,5018.0
7748_3148,14055.0
7748_7749,14055.0
7748_7752,4358.0
7748_8254,4358.0
7749_987,999999.0
7749_7748,14055.0
7749_7750,14055.0
7750_7749,14055.0
7750_7751,14055.0
7750_7756,7028.0
7751_7750,14055.0
7751_7764,14055.0
7751_8281,3735.0
7752_3810,3735.0
7752_7748,4358.0
7752_7754,3735.0
7753_7763,7028.0
7753_8283,7028.0
7754_7756,4050.0
7754_8255,3735.0
7755_7761,7028.0
7755_12968,7028.0
7756_7750,7028.0
7756_7754,4050.0
7756_7757,7028.0
7757_7741,4050.0
7757_7756,7028.0
7757_7762,4958.0
7757_8042,3795.0
7758_7760,4050.0
7758_8284,4050.0
7759_7924,7988.0
7759_7926,7988.0
7760_7758,4050.0
7760_8011,4515.0
7760_8042,3795.0
7760_8257,3795.0
7761_985,999999.0
7761_7755,7028.0
7761_7762,4958.0
7762_7757,4958.0
7762_7761,4958.0
7762_7763,9915.0
7763_7740,14055.0
7763_7753,7028.0
7763_7762,9915.0
7764_987,999999.0
7764_7745,14055.0
7764_7751,14055.0
7765_7766,4515.0
7765_7770,7988.0
7765_11074,5018.0
7766_7765,4515.0
7766_7767,5018.0
7766_11075,5018.0
7767_5848,4515.0
7767_7766,5018.0
7767_7770,4515.0
7767_9178,5018.0
7768_1703,15975.0
7768_7747,4733.0
7769_1382,999999.0
7769_7890,4515.0
7769_9176,4515.0
7770_7765,7988.0
7770_7767,4515.0
7770_7777,7988.0
7771_7773,7988.0
7771_8245,7988.0
7771_8318,7988.0
7772_1022,999999.0
7772_7773,4515.0
7772_8246,4515.0
7773_7771,7988.0
7773_7772,4515.0
7773_7776,7988.0
7774_1382,999999.0
7774_7547,5018.0
7774_7810,5018.0
7775_1022,999999.0
7775_7776,5018.0
7775_7783,5018.0
7776_7773,7988.0
7776_7775,5018.0
7776_7779,7988.0
7776_8286,5018.0
7777_1022,999999.0
7777_3819,7988.0
7777_7770,7988.0
7778_1256,999999.0
7778_7588,7988.0
7778_7590,7988.0
7779_7776,7988.0
7779_7780,15975.0
7780_7779,15975.0
7780_7781,15975.0
7780_7807,10035.0
7781_7780,15975.0
7781_7782,4515.0
7781_7804,15975.0
7781_7805,4515.0
7782_7781,4515.0
7782_7783,4515.0
7782_8041,4515.0
7783_7775,5018.0
7783_7782,4515.0
7783_7784,5018.0
7783_8247,4515.0
7784_1000,999999.0
7784_7783,5018.0
7784_7785,5018.0
7785_7784,5018.0
7785_7786,5018.0
7785_8248,5018.0
7786_989,999999.0
7786_7785,5018.0
7786_7789,5018.0
7787_990,999999.0
7787_8041,4515.0
7787_12948,4515.0
7788_7666,4050.0
7788_8025,4358.0
7788_9092,5018.0
7788_12948,4515.0
7789_3638,999999.0
7789_7786,5018.0
7789_7790,4358.0
7789_8024,5018.0
7790_988,999999.0
7790_7789,4358.0
7790_7791,4358.0
7791_7790,4358.0
7791_7792,4358.0
7791_8022,4358.0
7792_7791,4358.0
7792_7793,4358.0
7792_8023,4050.0
7793_988,999999.0
7793_7792,4358.0
7793_12950,4358.0
7794_991,999999.0
7794_7666,4050.0
7794_7795,4050.0
7795_7794,4050.0
7795_7796,4358.0
7795_12950,4358.0
7796_7795,4358.0
7796_7797,4358.0
7796_12954,4050.0
7797_7796,4358.0
7797_7798,4358.0
7797_7799,7028.0
7797_8028,7028.0
7798_7668,4358.0
7798_7797,4358.0
7798_7800,4358.0
7798_8054,4358.0
7799_991,999999.0
7799_7797,7028.0
7799_12953,7028.0
7800_7798,4358.0
7800_7801,4358.0
7800_11999,14055.0
7800_12953,7028.0
7801_7800,4358.0
7801_7820,4358.0
7801_8025,4358.0
7801_12945,8715.0
7802_1021,999999.0
7802_7803,14055.0
7802_11994,14055.0
7803_7802,14055.0
7803_7804,15975.0
7803_8058,8715.0
7804_1021,999999.0
7804_7781,15975.0
7804_7803,15975.0
7805_1021,999999.0
7805_7781,4515.0
7805_9180,4515.0
7806_7807,4515.0
7806_7812,4515.0
7806_7816,4515.0
7806_9180,4515.0
7807_7780,10035.0
7807_7806,4515.0
7807_7809,5018.0
7808_1022,999999.0
7808_7809,5018.0
7808_8287,5018.0
7809_7807,5018.0
7809_7808,5018.0
7809_7812,5018.0
7810_1256,999999.0
7810_7774,5018.0
7810_7823,5018.0
7811_912,999999.0
7811_2718,15975.0
7811_2719,15975.0
7812_7806,4515.0
7812_7809,5018.0
7812_7813,5018.0
7812_11114,4515.0
7813_1023,999999.0
7813_7812,5018.0
7813_7815,5018.0
7814_4256,15975.0
7814_5849,4515.0
7814_7815,15975.0
7815_7813,5018.0
7815_7814,15975.0
7815_7816,15975.0
7815_7842,5018.0
7816_7806,4515.0
7816_7815,15975.0
7816_7817,15975.0
7817_7816,15975.0
7817_7818,7988.0
7817_8060,4515.0
7817_9180,4515.0
7818_1021,999999.0
7818_5850,7988.0
7818_7817,7988.0
7819_7821,14055.0
7819_8056,7028.0
7819_8059,14055.0
7819_11994,14055.0
7820_7801,4358.0
7820_7821,8715.0
7820_8059,14055.0
7820_11999,14055.0
7821_7819,14055.0
7821_7820,8715.0
7821_7822,14055.0
7821_7836,10035.0
7822_7821,14055.0
7822_7824,14055.0
7822_7835,4050.0
7822_8054,4358.0
7823_7810,5018.0
7823_7833,4515.0
7823_7891,4515.0
7823_8315,5018.0
7824_1018,999999.0
7824_7822,14055.0
7824_7832,14055.0
7825_7826,7028.0
7825_7832,8715.0
7825_8055,7028.0
7826_994,999999.0
7826_7669,7028.0
7826_7825,7028.0
7827_994,999999.0
7827_7669,4358.0
7827_7704,4358.0
7828_994,999999.0
7828_7704,7028.0
7828_7829,7028.0
7829_7828,7028.0
7829_7830,7028.0
7829_7832,14055.0
7829_7859,7028.0
7830_7829,7028.0
7830_7831,8715.0
7830_8030,4358.0
7831_7830,8715.0
7831_7832,14055.0
7831_7834,8715.0
7831_7857,14055.0
7832_7824,14055.0
7832_7825,8715.0
7832_7829,14055.0
7832_7831,14055.0
7833_7823,4515.0
7833_7904,4515.0
7833_8239,4515.0
7833_9176,4515.0
7834_7831,8715.0
7834_7835,4515.0
7834_7837,5018.0
7835_7822,4050.0
7835_7834,4515.0
7835_7836,4515.0
7836_7821,10035.0
7836_7835,4515.0
7836_7837,10035.0
7836_11107,4515.0
7837_7834,5018.0
7837_7836,10035.0
7837_7838,5018.0
7838_1019,999999.0
7838_7837,5018.0
7838_7839,5018.0
7839_7838,5018.0
7839_7840,10035.0
7839_7844,4515.0
7840_7609,4515.0
7840_7839,10035.0
7840_7841,10035.0
7841_1023,999999.0
7841_7840,10035.0
7841_7842,10035.0
7842_5852,5018.0
7842_7815,5018.0
7842_7841,10035.0
7843_7934,999999.0
7843_8494,4515.0
7844_7839,4515.0
7844_7845,4515.0
7845_7844,4515.0
7845_7846,7988.0
7845_7850,7988.0
7846_5853,7988.0
7846_7845,7988.0
7846_7848,4515.0
7847_7848,5018.0
7847_7864,4515.0
7847_11123,5018.0
7848_7846,4515.0
7848_7847,5018.0
7848_12925,5018.0
7849_7852,5018.0
7849_12925,5018.0
7849_12926,4515.0
7850_1016,999999.0
7850_7845,7988.0
7850_7872,7988.0
7851_7869,15975.0
7852_7849,5018.0
7852_7853,5018.0
7852_7854,5018.0
7853_1015,999999.0
7853_7852,5018.0
7853_7862,5018.0
7854_1015,999999.0
7854_7852,5018.0
7854_7855,5018.0
7855_7854,5018.0
7855_7856,5018.0
7855_7872,7988.0
7855_8319,7988.0
7856_7855,5018.0
7856_7857,14055.0
7856_8319,8715.0
7857_7831,14055.0
7857_7856,14055.0
7857_7858,4050.0
7858_7857,4050.0
7858_7860,4050.0
7858_8030,4358.0
7858_8274,7028.0
7859_995,999999.0
7859_3813,7028.0
7859_7829,7028.0
7860_995,999999.0
7860_3816,4050.0
7860_7858,4050.0
7861_1015,999999.0
7861_7862,24930.0
7861_8274,15975.0
7862_7853,5018.0
7862_7861,15975.0
7862_8272,10035.0
7862_12927,15975.0
7863_1016,999999.0
7863_7851,15975.0
7863_12927,15975.0
7864_7847,4515.0
7864_7863,15975.0
7865_5857,5018.0
7865_7869,15975.0
7865_8271,15975.0
7865_11123,5018.0
7866_7867,5018.0
7866_7870,15975.0
7866_11186,15975.0
7867_5854,5018.0
7867_7866,5018.0
7867_7870,5018.0
7868_7864,15975.0
7868_7869,24930.0
7868_8272,33150.0
7869_7865,24930.0
7869_7868,24930.0
7869_12923,5018.0
7870_7866,15975.0
7870_7867,5018.0
7870_7873,15975.0
7870_8046,5018.0
7871_1006,999999.0
7871_5854,4515.0
7871_5856,4515.0
7872_7850,7988.0
7872_7855,7988.0
7872_12925,4515.0
7873_5856,5018.0
7873_7870,15975.0
7873_7903,7988.0
7873_8269,10035.0
7874_7480,4515.0
7874_8495,7988.0
7874_8578,7988.0
7875_7876,5018.0
7875_7899,5018.0
7875_8538,10035.0
7875_12923,5018.0
7876_7875,5018.0
7876_8272,5018.0
7876_11997,4515.0
7877_7878,4358.0
7877_7899,5018.0
7877_12991,9030.0
7878_7877,4358.0
7878_7879,4358.0
7878_11997,4515.0
7879_7878,4358.0
7879_7880,4358.0
7879_7896,4358.0
7879_8040,4358.0
7880_7879,4358.0
7880_8031,4358.0
7880_8033,4050.0
7881_8031,4358.0
7881_8032,7028.0
7881_8034,4358.0
7881_8038,7028.0
7882_997,999999.0
7882_7721,4358.0
7882_7884,4358.0
7883_7592,5018.0
7883_7602,4515.0
7883_7604,5018.0
7883_8222,4515.0
7884_7882,4358.0
7884_7892,4358.0
7884_8036,4358.0
7884_8037,4358.0
7885_7889,7028.0
7885_12961,4050.0
7885_12964,7028.0
7886_984,999999.0
7886_7887,7028.0
7886_12966,7028.0
7887_7886,7028.0
7887_7889,4358.0
7887_8016,4358.0
7887_12977,7028.0
7888_4559,4733.0
7889_7885,7028.0
7889_7887,4358.0
7889_8037,4358.0
7889_12976,7028.0
7890_1383,999999.0
7890_7713,4515.0
7890_7769,4515.0
7891_7712,15975.0
7891_7823,4515.0
7891_8315,15975.0
7892_7884,4358.0
7892_7894,7028.0
7892_8038,7028.0
7892_8040,4358.0
7893_999,999999.0
7893_7894,7028.0
7893_7912,7028.0
7894_7892,7028.0
7894_7893,7028.0
7894_7895,7028.0
7894_12976,7028.0
7895_1005,999999.0
7895_7894,7028.0
7895_12993,7028.0
7896_1005,999999.0
7896_7879,4358.0
7896_12992,4358.0
7897_7898,14055.0
7897_12992,4358.0
7897_12993,7028.0
7898_7897,14055.0
7898_8045,4358.0
7898_8047,5018.0
7898_8544,15975.0
7899_7875,5018.0
7899_7877,5018.0
7899_8047,5018.0
7899_11998,10035.0
7900_4103,6240.0
7900_7613,6240.0
7900_8212,5258.0
7901_1257,999999.0
7901_7592,5018.0
7901_7594,5018.0
7902_5854,5018.0
7902_8052,5018.0
7902_9175,10035.0
7902_11201,12480.0
7903_7873,7988.0
7903_7905,10035.0
7903_7906,15975.0
7903_12999,5018.0
7904_1257,999999.0
7904_7833,4515.0
7904_8222,4515.0
7905_7903,10035.0
7905_7907,10035.0
7905_11995,10035.0
7906_7903,15975.0
7906_7907,7988.0
7906_7955,15975.0
7906_11770,7988.0
7907_7905,10035.0
7907_7906,7988.0
7907_11769,15975.0
7908_7968,15975.0
7908_8552,7988.0
7908_11769,15975.0
7909_7955,5018.0
7909_7966,7988.0
7909_8045,4358.0
7909_12995,7028.0
7910_7911,4358.0
7910_12979,5018.0
7910_12981,5018.0
7910_12994,7028.0
7911_1005,999999.0
7911_7910,4358.0
7911_12978,7028.0
7912_7893,7028.0
7912_8018,7028.0
7912_8019,7028.0
7912_12978,7988.0
7913_7935,7028.0
7913_8018,7028.0
7913_8020,4358.0
7913_12979,5018.0
7914_7915,4358.0
7914_8017,4358.0
7914_8020,4358.0
7914_12975,4358.0
7915_980,999999.0
7915_7914,4358.0
7915_7933,4358.0
7916_981,999999.0
7916_7917,4358.0
7916_8017,4358.0
7917_7916,4358.0
7917_7922,4358.0
7917_8015,4358.0
7917_12986,4358.0
7918_12969,4358.0
7918_12970,4050.0
7918_12973,4358.0
7919_7921,7028.0
7919_8284,4050.0
7919_12968,7028.0
7920_13004,7988.0
7920_13005,7988.0
7920_13316,7988.0
7921_979,999999.0
7921_7919,7028.0
7921_7922,7028.0
7922_7917,4358.0
7922_7921,7028.0
7922_7929,14055.0
7922_8013,4358.0
7923_6943,14580.0
7923_7924,7988.0
7923_7940,4515.0
7923_8012,7988.0
7924_7759,7988.0
7924_7923,7988.0
7924_8011,4515.0
7925_7945,10035.0
7925_11998,10035.0
7926_979,999999.0
7926_7759,7988.0
7926_7927,7028.0
7927_7926,7028.0
7927_7928,4515.0
7927_7930,7028.0
7927_8013,4358.0
7928_1002,999999.0
7928_7927,4515.0
7928_12983,4515.0
7929_980,999999.0
7929_7922,14055.0
7929_7930,14055.0
7930_7927,7028.0
7930_7929,14055.0
7930_7932,15975.0
7930_12987,4515.0
7931_1003,999999.0
7931_12988,5018.0
7931_12989,5018.0
7932_7930,15975.0
7932_7939,15975.0
7932_12988,5018.0
7933_7915,4358.0
7933_8014,4515.0
7933_12987,4515.0
7933_12988,5018.0
7934_1004,999999.0
7934_7843,999999.0
7934_7948,4515.0
7935_7913,7028.0
7935_8014,4515.0
7935_12980,5018.0
7935_12982,7988.0
7936_1004,999999.0
7936_12980,4515.0
7936_12982,4515.0
7937_7938,7988.0
7937_11641,999999.0
7937_12982,7988.0
7938_7937,7988.0
7938_8043,4515.0
7938_8265,7988.0
7939_7932,15975.0
7939_7941,15975.0
7939_12983,4515.0
7939_12989,4515.0
7940_1002,999999.0
7940_7923,4515.0
7941_7939,15975.0
7941_7942,15975.0
7941_12985,4515.0
7942_7039,15975.0
7942_7941,15975.0
7942_12990,7988.0
7942_13005,7988.0
7943_8263,33150.0
7943_13313,33150.0
7944_1011,999999.0
7944_7946,7988.0
7944_12990,7988.0
7945_7925,10035.0
7945_8571,4733.0
7945_11995,10035.0
7946_6944,15975.0
7946_7944,7988.0
7946_7947,7988.0
7946_13004,15975.0
7947_7946,7988.0
7947_7948,7988.0
7947_7949,5018.0
7948_7934,4515.0
7948_7947,7988.0
7948_7952,15975.0
7949_1011,999999.0
7949_7947,5018.0
7949_7950,5018.0
7950_7949,5018.0
7950_7951,5018.0
7950_11771,5018.0
7950_13002,5018.0
7951_1352,999999.0
7951_7950,5018.0
7951_7952,10035.0
7952_7948,15975.0
7952_7951,10035.0
7952_8044,7988.0
7952_12996,15975.0
7953_7954,4515.0
7953_7955,15975.0
7953_12996,15975.0
7954_1004,999999.0
7954_7953,4515.0
7954_12995,4515.0
7955_7906,15975.0
7955_7909,5018.0
7955_7953,15975.0
7955_8049,5018.0
7956_7961,5018.0
7956_8049,5018.0
7956_8050,5018.0
7956_11771,5018.0
7957_7958,5018.0
7957_7960,7988.0
7957_8050,5018.0
7957_13000,7988.0
7958_7957,5018.0
7958_7960,5018.0
7958_9093,5018.0
7958_13001,5018.0
7959_1014,999999.0
7959_7960,7988.0
7959_8048,7988.0
7960_7957,7988.0
7960_7958,5018.0
7960_7959,7988.0
7960_11768,5018.0
7961_7956,5018.0
7961_7962,6240.0
7961_11764,5018.0
7961_11768,5018.0
7962_7961,6240.0
7962_8263,6240.0
7962_11764,5018.0
7962_11772,5018.0
7963_1011,999999.0
7963_11772,5018.0
7963_13002,5018.0
7964_1010,999999.0
7964_8263,6240.0
7964_13008,5018.0
7965_1010,999999.0
7965_7967,5018.0
7965_13008,5018.0
7966_7909,7988.0
7966_8546,4733.0
7966_8552,7988.0
7967_7965,5018.0
7967_13006,7988.0
7967_13009,7988.0
7967_13010,4515.0
7968_7908,15975.0
7968_8544,15975.0
7969_7971,7988.0
7969_7974,7988.0
7969_7975,7988.0
7969_13009,7988.0
7970_7843,4515.0
7970_8550,4733.0
7971_7969,7988.0
7971_7973,7988.0
7971_13009,7988.0
7971_13010,7988.0
7972_6911,18330.0
7972_13010,7988.0
7972_13011,15975.0
7973_5862,5018.0
7973_7971,7988.0
7973_7974,15975.0
7973_13011,15975.0
7974_7969,7988.0
7974_7973,15975.0
7974_7975,15975.0
7974_13013,6240.0
7975_7969,7988.0
7975_7974,15975.0
7975_7976,15975.0
7976_1010,999999.0
7976_7975,15975.0
7976_8264,18330.0
7977_7717,3165.0
7977_7978,3645.0
7977_12958,3165.0
7978_7716,3645.0
7978_7977,3645.0
7979_7675,10575.0
7979_7714,6330.0
7980_1291,999999.0
7980_2418,4515.0
7980_11841,4515.0
7981_1291,999999.0
7981_9297,5018.0
7981_11524,5018.0
7982_964,999999.0
7982_2551,9165.0
7982_3132,9165.0
7983_964,999999.0
7983_2555,6240.0
7983_3130,6240.0
7984_5787,6240.0
7984_11437,5018.0
7984_12052,6240.0
7985_1301,999999.0
7985_2561,9165.0
7985_2566,9165.0
7986_966,999999.0
7986_2553,7988.0
7986_2558,7988.0
7987_966,999999.0
7987_2557,7988.0
7987_2558,7988.0
7988_966,999999.0
7988_2558,7988.0
7988_11544,9165.0
7989_967,999999.0
7989_2579,4515.0
7989_2580,4515.0
7990_967,999999.0
7990_2579,5018.0
7990_2592,5018.0
7991_967,999999.0
7991_2579,5018.0
7991_3119,5018.0
7992_968,999999.0
7992_2576,15975.0
7992_2577,15975.0
7993_968,999999.0
7993_2564,4358.0
7993_2576,5018.0
7994_968,999999.0
7994_2577,15975.0
7994_3119,15975.0
7995_969,999999.0
7995_2577,5018.0
7995_11865,4358.0
7996_969,999999.0
7996_2577,15975.0
7996_11863,14055.0
7997_970,999999.0
7997_2575,14055.0
7997_3483,14055.0
7998_970,999999.0
7998_2575,7028.0
7998_3121,14055.0
7999_971,999999.0
7999_2564,14055.0
7999_2565,15975.0
8000_972,999999.0
8000_2569,4515.0
8000_2572,4515.0
8001_975,999999.0
8001_2583,15975.0
8001_2584,15975.0
8002_973,999999.0
8002_2586,7988.0
8002_12889,7988.0
8003_974,999999.0
8003_2538,5018.0
8003_3115,5018.0
8004_974,999999.0
8004_2538,10035.0
8004_3485,10035.0
8005_1302,999999.0
8005_12891,5258.0
8005_12893,5258.0
8006_2590,6240.0
8006_3116,5258.0
8006_11866,5018.0
8007_977,999999.0
8007_2535,6240.0
8007_3114,5018.0
8008_977,999999.0
8008_2590,5018.0
8008_3114,5018.0
8009_7456,71040.0
8010_885,999999.0
8010_2532,5018.0
8010_2535,6240.0
8011_978,999999.0
8011_7760,4515.0
8011_7924,4515.0
8012_978,999999.0
8012_7923,7988.0
8012_8257,15975.0
8013_979,999999.0
8013_7922,4358.0
8013_7927,4358.0
8014_1003,999999.0
8014_7933,4515.0
8014_7935,4515.0
8015_981,999999.0
8015_7917,4358.0
8015_12973,4358.0
8016_982,999999.0
8016_7887,4358.0
8016_12975,4358.0
8017_982,999999.0
8017_7914,4358.0
8017_7916,4358.0
8018_983,999999.0
8018_7912,7028.0
8018_7913,7028.0
8019_983,999999.0
8019_7912,7028.0
8019_12977,7028.0
8020_983,999999.0
8020_7913,4358.0
8020_7914,4358.0
8021_985,999999.0
8021_7731,4358.0
8021_12969,4358.0
8022_988,999999.0
8022_7664,4358.0
8022_7791,4358.0
8023_988,999999.0
8023_7665,4050.0
8023_7792,4050.0
8024_989,999999.0
8024_7789,5018.0
8024_12949,5018.0
8025_7676,4050.0
8025_7788,4358.0
8025_7801,4358.0
8025_12946,4515.0
8026_992,999999.0
8026_7667,7028.0
8026_12951,7028.0
8027_992,999999.0
8027_7673,4050.0
8027_7674,4050.0
8028_992,999999.0
8028_7667,7028.0
8028_7797,7028.0
8029_993,999999.0
8029_7704,7028.0
8029_7705,7028.0
8030_995,999999.0
8030_7830,4358.0
8030_7858,4358.0
8031_996,999999.0
8031_7880,4358.0
8031_7881,4358.0
8032_996,999999.0
8032_3812,7028.0
8032_7881,7028.0
8033_996,999999.0
8033_3816,4050.0
8033_7880,4050.0
8034_997,999999.0
8034_7721,4358.0
8034_7881,4358.0
8035_997,999999.0
8035_7704,4358.0
8035_7720,8715.0
8036_998,999999.0
8036_7884,4358.0
8036_12959,4358.0
8037_998,999999.0
8037_7884,4358.0
8037_7889,4358.0
8038_999,999999.0
8038_7881,7028.0
8038_7892,7028.0
8039_11301,4515.0
8039_11325,5258.0
8040_999,999999.0
8040_7879,4358.0
8040_7892,4358.0
8041_1000,999999.0
8041_7782,4515.0
8041_7787,4515.0
8042_1001,999999.0
8042_7757,3795.0
8042_7760,3795.0
8043_1003,999999.0
8043_7938,4515.0
8043_12989,4515.0
8044_1004,999999.0
8044_7952,7988.0
8044_12981,5018.0
8045_1005,999999.0
8045_7898,4358.0
8045_7909,4358.0
8046_5855,4515.0
8046_5857,5018.0
8046_7870,5018.0
8047_1007,999999.0
8047_7898,5018.0
8047_7899,5018.0
8048_1009,999999.0
8048_7959,7988.0
8048_11238,7988.0
8049_1012,999999.0
8049_7955,5018.0
8049_7956,5018.0
8050_1012,999999.0
8050_7956,5018.0
8050_7957,5018.0
8051_1013,999999.0
8051_12997,10035.0
8051_12999,10035.0
8052_1013,999999.0
8052_7902,5018.0
8052_9093,5018.0
8053_1013,999999.0
8053_12999,5018.0
8053_13001,5018.0
8054_1018,999999.0
8054_7798,4358.0
8054_7822,4358.0
8055_1018,999999.0
8055_7825,7028.0
8055_12955,7028.0
8056_1019,999999.0
8056_5850,7988.0
8056_7819,7028.0
8057_2446,34260.0
8057_6919,51390.0
8058_1020,999999.0
8058_7803,8715.0
8058_12945,8715.0
8059_1020,999999.0
8059_7819,14055.0
8059_7820,14055.0
8060_1023,999999.0
8060_7609,4515.0
8060_7817,4515.0
8061_1242,999999.0
8061_7395,7988.0
8061_7396,7988.0
8062_1242,999999.0
8062_7395,7988.0
8062_7411,7988.0
8063_1242,999999.0
8063_7394,15975.0
8063_7412,15975.0
8064_1366,999999.0
8064_7428,9165.0
8064_7430,9165.0
8065_8205,9165.0
8065_11782,7988.0
8066_1365,999999.0
8066_7432,6240.0
8066_8204,6240.0
8067_1246,999999.0
8067_7462,7988.0
8067_7463,7988.0
8068_1246,999999.0
8068_7463,7988.0
8068_7464,7988.0
8069_1247,999999.0
8069_7471,6240.0
8069_12426,6240.0
8070_1249,999999.0
8070_7475,6240.0
8070_7479,6240.0
8071_1335,999999.0
8071_4043,4515.0
8071_7482,4515.0
8072_1368,999999.0
8072_7509,6240.0
8072_8312,6240.0
8073_1368,999999.0
8073_7530,6240.0
8073_8312,6240.0
8074_1633,40500.0
8074_8114,51728.0
8074_8500,51728.0
8075_8076,50580.0
8075_8501,51728.0
8076_1634,4500.0
8076_8075,50580.0
8076_12387,50580.0
8077_8493,50580.0
8077_8503,50580.0
8077_8504,50580.0
8078_1636,10125.0
8078_8506,50580.0
8078_12377,50580.0
8079_1075,999999.0
8079_6897,24930.0
8079_6898,28598.0
8080_6891,5018.0
8080_6896,5258.0
8080_8722,6240.0
8080_12381,4515.0
8081_6787,24930.0
8081_6809,24930.0
8081_7000,4515.0
8082_1251,999999.0
8082_7452,7988.0
8082_7521,7988.0
8083_1310,999999.0
8083_6802,5258.0
8083_8745,5258.0
8084_1251,999999.0
8084_7517,4515.0
8084_7521,4515.0
8085_6744,5018.0
8085_6746,10035.0
8085_8098,10035.0
8086_6701,5018.0
8086_6702,5018.0
8086_8087,50580.0
8086_8098,51728.0
8087_6668,15975.0
8087_8086,50580.0
8087_8089,51728.0
8087_8752,18330.0
8088_8094,33150.0
8088_8228,50580.0
8088_8232,71040.0
8089_6594,15975.0
8089_8087,51728.0
8089_8115,51728.0
8089_8293,999999.0
8090_1039,999999.0
8090_6635,15975.0
8090_7582,15975.0
8091_11634,5018.0
8091_13267,4515.0
8091_13268,5018.0
8092_1057,999999.0
8092_6680,15975.0
8092_8694,15975.0
8093_1063,999999.0
8093_6767,5018.0
8093_6776,5018.0
8094_8088,33150.0
8094_8102,33150.0
8094_8224,10035.0
8094_12469,5018.0
8095_1065,999999.0
8095_5866,6240.0
8095_6784,6240.0
8096_1066,999999.0
8096_6820,18330.0
8096_6821,18330.0
8097_1635,1125.0
8097_3146,51728.0
8097_12382,50580.0
8098_6820,51728.0
8098_8085,10035.0
8098_8086,51728.0
8098_8099,6240.0
8099_5870,6240.0
8099_6739,5258.0
8099_8098,6240.0
8100_5872,9165.0
8100_5875,9165.0
8100_6720,15975.0
8100_6736,15975.0
8101_6875,6240.0
8101_6876,6240.0
8101_7015,999999.0
8101_12385,50580.0
8102_7560,9165.0
8102_8094,33150.0
8102_8106,33150.0
8102_13383,9165.0
8103_1053,999999.0
8103_6655,7988.0
8103_6670,7988.0
8104_1052,999999.0
8104_6652,5018.0
8104_6653,5018.0
8105_6676,24930.0
8105_6677,5018.0
8105_12016,24930.0
8106_7551,15975.0
8106_7596,15975.0
8106_8102,33150.0
8106_12423,33150.0
8107_1252,999999.0
8107_7444,7988.0
8107_7506,7988.0
8108_1119,999999.0
8108_11534,5018.0
8108_13019,5018.0
8109_1306,999999.0
8109_6617,15975.0
8109_8294,15975.0
8110_1050,999999.0
8110_6602,15975.0
8110_6603,15975.0
8111_6591,5018.0
8111_6592,5018.0
8111_6595,15975.0
8111_12028,15975.0
8112_6578,5018.0
8112_6579,18330.0
8112_6582,6240.0
8112_8756,15975.0
8113_1328,999999.0
8113_6575,5258.0
8113_11421,5258.0
8114_8074,51728.0
8114_8499,51728.0
8115_8089,51728.0
8115_8173,51728.0
8116_5900,15975.0
8116_7442,15975.0
8116_11791,5258.0
8117_5910,50580.0
8117_8507,50580.0
8118_7545,15975.0
8118_12420,32415.0
8118_12421,9165.0
8118_12423,32415.0
8119_11688,9165.0
8119_12413,32415.0
8119_12414,9165.0
8119_12416,32415.0
8120_7437,5018.0
8120_7446,5018.0
8121_1370,999999.0
8121_7427,15975.0
8121_7436,15975.0
8122_1371,999999.0
8122_7503,7988.0
8122_13371,9165.0
8123_1374,999999.0
8123_7560,5258.0
8123_7564,5258.0
8124_1372,999999.0
8124_7403,9165.0
8124_7440,7988.0
8125_1376,999999.0
8125_7580,6240.0
8125_7581,6240.0
8126_2226,7988.0
8126_3056,7988.0
8127_1376,999999.0
8127_7586,6240.0
8127_7597,6240.0
8128_1375,999999.0
8128_7581,6240.0
8128_7586,6240.0
8129_1262,999999.0
8129_11745,5258.0
8129_11748,5258.0
8130_1256,999999.0
8130_7547,4515.0
8130_7554,4515.0
8131_3052,51728.0
8131_3056,51728.0
8132_1384,999999.0
8132_7604,5018.0
8132_7605,5018.0
8133_1384,999999.0
8133_7619,7988.0
8133_7620,7988.0
8134_6781,22650.0
8134_6952,10575.0
8134_8320,22650.0
8135_6935,3165.0
8135_6953,5288.0
8135_8134,22650.0
8136_1264,999999.0
8136_7535,9165.0
8136_7536,9165.0
8137_1264,999999.0
8137_7509,6240.0
8137_7534,6240.0
8138_6956,10575.0
8138_6958,16493.0
8139_1120,999999.0
8139_6963,16493.0
8140_2221,7988.0
8140_2222,7988.0
8141_1141,999999.0
8141_7135,4358.0
8141_7138,5018.0
8142_7144,7988.0
8142_8143,51728.0
8142_8215,999999.0
8142_8290,15975.0
8143_3142,71760.0
8143_8142,51728.0
8143_8307,999999.0
8143_13242,4050.0
8144_3637,999999.0
8144_7184,24930.0
8144_7197,24930.0
8144_8307,51728.0
8145_13348,88800.0
8146_8169,51728.0
8146_13347,51728.0
8147_13388,51728.0
8148_2342,51728.0
8148_7277,7988.0
8148_7278,7988.0
8148_8149,51728.0
8149_3804,51728.0
8149_8148,51728.0
8150_3807,51728.0
8150_8310,50580.0
8151_1137,999999.0
8151_8214,5018.0
8151_8243,5018.0
8152_1120,999999.0
8152_6982,16493.0
8153_9238,18330.0
8153_13163,4515.0
8153_13166,15975.0
8154_8155,52223.0
8155_6839,999999.0
8155_8213,52223.0
8156_7253,5018.0
8156_7254,5018.0
8156_13207,4515.0
8157_1197,999999.0
8157_13099,7988.0
8157_13100,7988.0
8158_1175,999999.0
8158_7177,7988.0
8158_13076,7988.0
8159_8272,999999.0
8159_8273,33150.0
8160_1137,999999.0
8160_7042,5018.0
8160_7043,7988.0
8161_1150,999999.0
8161_7067,7988.0
8161_7068,7988.0
8162_1121,999999.0
8162_7008,7028.0
8162_7023,7028.0
8163_7076,21915.0
8163_7077,9030.0
8163_7090,8715.0
8163_7137,999999.0
8164_1154,999999.0
8164_4224,999999.0
8164_7087,15975.0
8164_7348,15975.0
8165_1174,999999.0
8165_7171,7988.0
8165_7172,7988.0
8166_1175,999999.0
8166_7177,7988.0
8166_8369,7988.0
8167_7181,24930.0
8167_8168,9465.0
8167_13250,24930.0
8168_7179,24930.0
8168_7180,24930.0
8168_8167,9465.0
8168_8307,14760.0
8169_7265,7988.0
8169_8146,51728.0
8169_8309,51728.0
8169_12086,15975.0
8170_7260,15975.0
8170_8171,51728.0
8170_8309,999999.0
8170_13099,7988.0
8171_3796,51728.0
8171_8170,51728.0
8172_3636,999999.0
8172_8173,51728.0
8172_8352,15975.0
8172_9246,15975.0
8173_8115,51728.0
8173_8172,51728.0
8173_8347,15975.0
8173_8348,7988.0
8174_8175,51728.0
8174_8498,51728.0
8175_1632,18000.0
8175_8174,51728.0
8175_8176,51728.0
8176_8175,51728.0
8176_8227,51728.0
8177_3794,51728.0
8177_13346,16575.0
8178_2345,51728.0
8178_3839,50580.0
8179_1121,999999.0
8179_7007,4358.0
8179_8214,5018.0
8180_1121,999999.0
8180_7007,7028.0
8180_7024,7028.0
8181_6996,4358.0
8181_6998,4358.0
8181_13264,4050.0
8182_1123,999999.0
8182_7010,4358.0
8182_7021,4358.0
8183_1123,999999.0
8183_7010,4358.0
8183_7019,4358.0
8184_1123,999999.0
8184_7022,8715.0
8185_1123,999999.0
8185_7020,4358.0
8185_7021,4358.0
8186_1124,999999.0
8186_6991,5018.0
8186_7013,5018.0
8187_1126,999999.0
8187_6974,2828.0
8187_6975,2828.0
8188_1126,999999.0
8188_6973,2828.0
8189_1126,999999.0
8189_6940,2828.0
8189_6974,2828.0
8190_1128,999999.0
8190_6925,4358.0
8190_6926,4358.0
8191_6930,4358.0
8191_6931,4358.0
8191_13262,4050.0
8192_1130,999999.0
8192_6928,4358.0
8192_6929,4358.0
8193_6931,5018.0
8193_7054,5018.0
8193_11460,4515.0
8194_3141,26145.0
8194_8217,18330.0
8194_8316,999999.0
8194_11737,18330.0
8195_3635,69450.0
8196_3635,999999.0
8196_7485,6240.0
8196_7486,6240.0
8196_8197,50580.0
8197_7484,6240.0
8197_8196,50580.0
8197_8198,50580.0
8197_12426,6240.0
8198_7473,6240.0
8198_7484,6240.0
8198_8197,50580.0
8198_8199,50580.0
8199_7473,6240.0
8199_7474,6240.0
8199_8198,50580.0
8199_8317,50580.0
8200_3634,999999.0
8200_7465,5018.0
8200_7475,6240.0
8200_8317,999999.0
8201_3822,4733.0
8201_3825,4733.0
8201_3828,51728.0
8202_12113,14580.0
8203_3632,999999.0
8203_7462,5018.0
8203_8204,50580.0
8203_11787,6240.0
8204_8066,6240.0
8204_8203,50580.0
8204_11785,32415.0
8205_3629,999999.0
8205_7428,6240.0
8205_8065,9165.0
8205_11785,32415.0
8206_3629,32415.0
8206_7428,9165.0
8207_3630,33150.0
8207_3631,4733.0
8208_3630,999999.0
8208_7418,5018.0
8208_7419,5018.0
8208_8209,33150.0
8209_7416,7988.0
8209_8208,33150.0
8209_8210,33150.0
8209_11773,15975.0
8210_3628,999999.0
8210_7412,15975.0
8210_7413,15975.0
8210_8209,33150.0
8211_3627,51728.0
8212_4093,4515.0
8212_7529,5258.0
8212_7900,5258.0
8212_9041,5258.0
8213_8215,51728.0
8214_7024,4515.0
8214_8151,5018.0
8214_8179,5018.0
8215_8142,999999.0
8215_8154,51728.0
8216_8593,7290.0
8216_9174,71040.0
8217_3626,999999.0
8217_8194,18330.0
8217_8233,18330.0
8217_11730,32415.0
8218_3107,51728.0
8219_1631,4500.0
8219_5909,50580.0
8219_12424,50580.0
8220_1264,999999.0
8220_7543,6240.0
8220_8313,6240.0
8221_1258,999999.0
8221_4093,9165.0
8221_7616,9165.0
8222_1386,999999.0
8222_7883,4515.0
8222_7904,4515.0
8223_3838,18330.0
8223_13377,10035.0
8223_13378,9165.0
8224_8094,10035.0
8224_13372,12480.0
8224_13374,10035.0
8224_13379,6240.0
8225_1524,999999.0
8225_7400,18330.0
8225_13373,18330.0
8226_7402,9165.0
8226_7403,9165.0
8227_8176,51728.0
8227_8497,51728.0
8228_3625,999999.0
8228_8088,50580.0
8228_13373,18330.0
8228_13385,12480.0
8229_3838,18330.0
8229_3839,5505.0
8229_13384,9165.0
8230_7302,6240.0
8230_8231,50580.0
8230_8310,999999.0
8231_5914,32415.0
8231_7577,18330.0
8231_8230,50580.0
8232_8088,51728.0
8232_13345,51728.0
8233_7490,5018.0
8233_7495,15975.0
8233_8217,18330.0
8234_7540,5258.0
8234_7541,6240.0
8234_7543,6240.0
8234_12418,5258.0
8235_7057,7988.0
8235_7058,7988.0
8235_9591,4515.0
8235_10459,4515.0
8236_5790,4515.0
8236_7056,7028.0
8236_7057,7988.0
8237_7061,4358.0
8237_8862,4515.0
8237_9094,4358.0
8238_1135,999999.0
8238_9157,7028.0
8238_10532,7028.0
8239_1386,999999.0
8239_7833,4515.0
8239_8578,4515.0
8240_1136,999999.0
8240_7051,7028.0
8240_7053,7028.0
8241_1136,999999.0
8241_1984,30090.0
8241_7357,30090.0
8242_7044,34260.0
8242_8303,30090.0
8242_10485,4050.0
8243_7042,7988.0
8243_7043,5018.0
8243_7044,7988.0
8243_8151,5018.0
8244_3150,33150.0
8244_3614,999999.0
8244_3819,7988.0
8244_8245,33150.0
8245_7771,7988.0
8245_8244,33150.0
8245_8246,33150.0
8246_7772,4515.0
8246_8245,33150.0
8246_8247,14580.0
8247_7783,4515.0
8247_8246,14580.0
8247_8248,14580.0
8248_7785,5018.0
8248_8247,14580.0
8248_8249,14580.0
8249_3624,14940.0
8250_3149,7028.0
8250_3624,999999.0
8250_7664,14055.0
8250_8251,23355.0
8251_7681,3645.0
8251_8250,23355.0
8251_8252,26663.0
8252_7692,8100.0
8252_8251,26663.0
8252_8253,23355.0
8253_7746,14055.0
8253_8252,23355.0
8253_8254,23355.0
8254_7748,4358.0
8254_8253,23355.0
8254_8255,23355.0
8254_8282,3735.0
8255_7754,3735.0
8255_8254,23355.0
8255_8256,14940.0
8256_8255,14940.0
8256_8257,9915.0
8257_7760,3795.0
8257_8012,15975.0
8257_8256,9915.0
8258_1138,999999.0
8258_1139,999999.0
8258_7038,7028.0
8258_7133,7028.0
8259_1139,999999.0
8259_7037,4358.0
8259_7038,4358.0
8260_1140,999999.0
8260_7134,14055.0
8260_13259,14055.0
8261_1637,40500.0
8261_10467,50580.0
8261_12373,50580.0
8262_13006,7988.0
8262_13314,7988.0
8263_7943,33150.0
8263_7962,6240.0
8263_7964,6240.0
8263_8266,32415.0
8264_7976,18330.0
8264_8266,18330.0
8264_11233,5258.0
8264_11764,9030.0
8265_1003,999999.0
8265_6944,15975.0
8265_7938,7988.0
8266_8263,32415.0
8266_8264,18330.0
8266_11241,18330.0
8266_12371,32415.0
8267_1637,32415.0
8267_8268,32415.0
8267_11243,9165.0
8267_12370,9165.0
8268_1476,999999.0
8268_8267,32415.0
8269_1006,999999.0
8269_7873,10035.0
8269_8538,10035.0
8270_1140,999999.0
8270_7134,4358.0
8270_7135,4358.0
8271_7865,15975.0
8271_8535,24930.0
8272_7862,10035.0
8272_7868,33150.0
8272_7876,5018.0
8272_8159,999999.0
8273_8276,33480.0
8274_3623,999999.0
8274_7858,7028.0
8274_7861,15975.0
8274_8319,999999.0
8275_11305,6240.0
8275_11324,5018.0
8276_3613,33480.0
8277_3613,999999.0
8277_3622,999999.0
8277_7719,3165.0
8277_7720,4358.0
8278_3621,34725.0
8278_7978,3848.0
8279_3621,999999.0
8279_7732,10575.0
8279_7734,10575.0
8279_11766,7695.0
8280_8281,33480.0
8281_7751,3735.0
8281_8282,33480.0
8282_3147,33480.0
8283_985,999999.0
8283_7731,7028.0
8283_7753,7028.0
8284_1001,999999.0
8284_7758,4050.0
8284_7919,4050.0
8285_5852,5018.0
8285_8373,51728.0
8285_8396,33150.0
8285_11121,5018.0
8286_3620,999999.0
8286_7776,5018.0
8286_8287,33150.0
8286_9178,5018.0
8287_4275,999999.0
8287_7808,5018.0
8287_8286,33150.0
8287_9179,5018.0
8288_4238,4733.0
8288_4253,4733.0
8288_4275,51728.0
8289_1140,999999.0
8289_7135,8715.0
8290_1141,999999.0
8290_7143,15975.0
8290_8142,15975.0
8291_1143,999999.0
8291_7144,7988.0
8291_7150,7988.0
8292_1143,999999.0
8292_7144,10035.0
8293_6603,5018.0
8293_6604,24930.0
8293_8089,999999.0
8294_6603,15975.0
8294_6604,999999.0
8294_8109,15975.0
8294_8689,15975.0
8295_6631,999999.0
8295_6644,24930.0
8295_6646,5018.0
8296_6703,999999.0
8296_6704,9165.0
8296_6710,5258.0
8297_6767,999999.0
8297_8744,5018.0
8297_8746,5018.0
8298_6795,4515.0
8298_6796,999999.0
8298_6853,24930.0
8299_7001,4358.0
8299_7005,4358.0
8299_7009,4358.0
8299_7010,999999.0
8300_7134,14055.0
8300_7150,14055.0
8300_8360,4358.0
8301_7106,999999.0
8301_7223,5018.0
8301_11376,4515.0
8301_13334,15975.0
8302_7119,15975.0
8302_7121,999999.0
8302_8326,4358.0
8303_7043,7988.0
8303_7124,999999.0
8303_8242,30090.0
8304_7217,999999.0
8304_8354,4515.0
8304_8355,7988.0
8305_7252,4733.0
8305_7332,5018.0
8305_12121,5018.0
8306_7290,999999.0
8306_12067,7988.0
8306_13221,5018.0
8307_8143,999999.0
8307_8144,51728.0
8307_8168,14760.0
8307_13252,5018.0
8308_3806,10035.0
8308_3807,4733.0
8308_7283,18330.0
8308_8451,6240.0
8309_8169,51728.0
8309_8170,999999.0
8309_13095,7988.0
8309_13194,7988.0
8310_7576,6240.0
8310_8150,50580.0
8310_8230,999999.0
8311_4047,5018.0
8311_4058,5018.0
8311_7494,999999.0
8311_7542,12480.0
8312_7528,999999.0
8312_8072,6240.0
8312_8073,6240.0
8313_7533,999999.0
8313_7538,5258.0
8313_8220,6240.0
8314_4098,5018.0
8314_7559,999999.0
8314_8453,6240.0
8314_13382,9165.0
8315_7592,999999.0
8315_7823,5018.0
8315_7891,15975.0
8316_7492,9165.0
8316_7632,18330.0
8316_8194,999999.0
8317_7468,6240.0
8317_7474,6240.0
8317_8199,50580.0
8317_8200,999999.0
8318_3818,4733.0
8318_3819,7988.0
8318_7771,7988.0
8319_7855,7988.0
8319_7856,8715.0
8319_8274,999999.0
8320_6953,999999.0
8321_1145,999999.0
8321_7124,14055.0
8321_13031,14055.0
8322_1145,999999.0
8322_13031,4358.0
8322_13032,4358.0
8323_7121,24930.0
8323_7123,30090.0
8323_13034,4515.0
8324_7121,24930.0
8324_13030,24930.0
8324_13035,5018.0
8325_1147,999999.0
8325_7121,7988.0
8325_7122,7028.0
8326_1147,999999.0
8326_7120,5018.0
8326_8302,4358.0
8327_1147,999999.0
8327_7122,21915.0
8327_9159,21915.0
8328_1148,999999.0
8328_7096,5018.0
8328_10657,5018.0
8329_7096,7988.0
8329_7097,7988.0
8329_13028,4515.0
8330_7063,15975.0
8330_7096,7988.0
8330_7166,4050.0
8331_1150,999999.0
8331_7058,7988.0
8331_12085,7988.0
8332_2092,4515.0
8332_2163,7028.0
8332_3512,4050.0
8332_7061,7988.0
8333_1152,999999.0
8333_5804,7988.0
8333_7068,7988.0
8334_2634,5018.0
8334_7076,7028.0
8334_12084,7988.0
8335_5807,4515.0
8335_5808,4515.0
8335_7077,4515.0
8335_7084,4515.0
8336_1155,999999.0
8336_7093,4050.0
8336_7094,4050.0
8337_1155,999999.0
8337_7072,24930.0
8337_7076,21915.0
8338_1156,999999.0
8338_7072,24930.0
8338_7073,24930.0
8339_1156,999999.0
8339_7075,5018.0
8339_7094,5018.0
8340_2166,4050.0
8340_2215,4050.0
8340_7064,4358.0
8340_7065,4358.0
8341_1158,999999.0
8341_7064,4358.0
8341_7096,5018.0
8342_1159,999999.0
8342_7103,15975.0
8342_7109,15975.0
8343_7115,7988.0
8343_7118,7988.0
8343_11459,5018.0
8344_7110,5018.0
8344_7221,5018.0
8344_13109,4515.0
8345_1162,999999.0
8345_7227,14055.0
8345_7228,14055.0
8346_1162,999999.0
8346_7220,5018.0
8346_7221,5018.0
8347_1163,999999.0
8347_7229,15975.0
8347_8173,15975.0
8348_7231,7988.0
8348_8173,7988.0
8348_12079,5018.0
8349_1167,999999.0
8349_9246,7988.0
8349_13148,7988.0
8350_1167,999999.0
8350_7242,5018.0
8350_7252,5018.0
8351_1169,999999.0
8351_7248,4515.0
8351_7249,4515.0
8352_1169,999999.0
8352_7249,15975.0
8352_8172,15975.0
8353_13117,7988.0
8353_13128,4515.0
8353_13143,7988.0
8354_1171,999999.0
8354_7247,4515.0
8354_8304,4515.0
8355_8304,7988.0
8355_13040,7988.0
8355_13113,4515.0
8356_7090,4515.0
8356_11381,4515.0
8356_12083,4050.0
8357_1176,999999.0
8357_7180,24930.0
8357_7184,24930.0
8358_1240,999999.0
8358_7143,7028.0
8358_13243,7028.0
8359_1177,999999.0
8359_7131,4358.0
8359_7132,4358.0
8360_1177,999999.0
8360_8300,4358.0
8360_13049,4358.0
8361_1178,999999.0
8361_7159,4050.0
8361_7160,4050.0
8362_1178,999999.0
8362_7158,4050.0
8362_7159,4050.0
8363_1178,999999.0
8363_7158,7028.0
8363_7161,7988.0
8364_1179,999999.0
8364_9096,4515.0
8364_13045,4050.0
8365_1179,999999.0
8365_7162,7028.0
8365_13045,7028.0
8366_1180,999999.0
8366_7156,5018.0
8366_13059,5018.0
8367_7174,7988.0
8367_13066,5018.0
8367_13067,7988.0
8368_1177,999999.0
8368_7153,24930.0
8368_13049,21915.0
8369_8166,7988.0
8369_13065,7988.0
8369_13247,4515.0
8370_1183,999999.0
8370_13246,4515.0
8370_13248,4515.0
8371_1184,999999.0
8371_7182,7988.0
8371_13090,7988.0
8372_1184,999999.0
8372_7181,24930.0
8372_7182,24930.0
8373_5853,7988.0
8373_8285,51728.0
8373_8528,999999.0
8373_11122,9165.0
8374_7449,999999.0
8374_7450,6240.0
8375_1039,999999.0
8375_6633,999999.0
8375_8675,15975.0
8376_6840,9165.0
8376_9177,5258.0
8376_11328,5258.0
8376_11331,9165.0
8377_6586,999999.0
8377_6590,10035.0
8377_11256,4515.0
8378_1185,999999.0
8378_7186,7028.0
8378_7187,7028.0
8379_1187,999999.0
8379_7184,7988.0
8379_7185,7988.0
8380_1188,999999.0
8380_3801,5018.0
8380_7197,5018.0
8381_1189,999999.0
8381_7192,24930.0
8381_7195,24930.0
8382_1189,999999.0
8382_7191,24930.0
8382_7192,24930.0
8383_290,999999.0
8383_6316,4515.0
8383_6317,4515.0
8384_289,999999.0
8384_5173,5258.0
8384_6316,5258.0
8385_282,999999.0
8385_6327,4515.0
8385_6329,4515.0
8386_278,999999.0
8386_5134,5018.0
8386_5136,5018.0
8387_4639,14055.0
8387_4640,14055.0
8388_2094,5258.0
8388_8389,5258.0
8389_760,999999.0
8389_7469,5258.0
8389_8388,5258.0
8390_279,999999.0
8390_5153,5258.0
8390_7469,4515.0
8391_478,999999.0
8391_1706,5018.0
8391_1708,5018.0
8392_1958,6240.0
8392_1959,6240.0
8392_10400,5258.0
8393_775,999999.0
8393_12624,4050.0
8394_3512,4050.0
8394_7061,4358.0
8394_7062,4358.0
8395_2439,5018.0
8395_12871,6240.0
8395_12872,18330.0
8395_13322,15975.0
8396_8285,33150.0
8396_8288,33150.0
8397_1025,999999.0
8397_11119,7988.0
8397_11121,7988.0
8398_1038,999999.0
8398_6641,4515.0
8398_8674,4515.0
8399_6739,6240.0
8399_6742,6240.0
8399_6817,5258.0
8400_1,999999.0
8400_4080,26550.0
8401_36,999999.0
8401_4246,2828.0
8402_36,999999.0
8402_4324,5655.0
8403_2835,21240.0
8404_4759,22650.0
8405_2834,34725.0
8406_1190,999999.0
8406_7194,7988.0
8406_7199,7988.0
8407_461,999999.0
8407_2744,4515.0
8407_2746,4050.0
8408_499,999999.0
8408_1890,8715.0
8408_2964,8715.0
8409_521,999999.0
8409_1905,10035.0
8409_2923,8715.0
8410_1190,999999.0
8410_7199,5018.0
8410_13236,5018.0
8411_1191,999999.0
8411_7198,7988.0
8411_7201,7988.0
8412_1192,999999.0
8412_13079,4515.0
8412_13083,4515.0
8413_1193,999999.0
8413_7202,5018.0
8413_13083,5018.0
8414_7173,4515.0
8414_13072,4515.0
8414_13073,4515.0
8414_13081,4515.0
8415_12086,15975.0
8415_13091,5018.0
8415_13235,15975.0
8416_1195,999999.0
8416_9097,7988.0
8416_13087,7988.0
8417_1196,999999.0
8417_13094,4515.0
8417_13095,4515.0
8418_1197,999999.0
8418_7207,7988.0
8418_13082,7988.0
8419_1198,999999.0
8419_7211,7988.0
8419_13071,7988.0
8420_1198,999999.0
8420_7212,7988.0
8420_9098,7988.0
8421_1199,999999.0
8421_7169,4515.0
8421_7170,4515.0
8422_1200,999999.0
8422_7212,7988.0
8422_7213,7988.0
8423_1200,999999.0
8423_7211,7988.0
8423_13108,7988.0
8424_1202,999999.0
8424_7259,15975.0
8424_13198,15975.0
8425_1204,999999.0
8425_13187,7988.0
8425_13193,7988.0
8426_1205,999999.0
8426_7264,5018.0
8426_13174,5018.0
8427_1205,999999.0
8427_1632,7988.0
8427_7267,7988.0
8428_1206,999999.0
8428_7193,5018.0
8428_13173,5018.0
8429_1207,999999.0
8429_7266,5018.0
8429_12087,5018.0
8430_1208,999999.0
8430_11564,4515.0
8430_11565,4515.0
8431_1210,999999.0
8431_7269,15975.0
8431_7273,15975.0
8432_1222,999999.0
8432_9100,5018.0
8432_12075,5018.0
8433_1211,999999.0
8433_7255,5018.0
8433_7257,5018.0
8434_1164,999999.0
8434_7244,7988.0
8434_7245,7988.0
8435_7331,15975.0
8435_8436,5018.0
8435_12073,15975.0
8435_13210,5018.0
8436_1213,999999.0
8436_8435,5018.0
8436_13209,5018.0
8437_7242,10035.0
8437_12118,10035.0
8437_13146,4515.0
8438_1216,999999.0
8438_7337,6240.0
8438_9233,5018.0
8439_1217,999999.0
8439_7288,5018.0
8439_13221,5018.0
8440_8444,5018.0
8440_12072,4515.0
8440_13216,5018.0
8441_1219,999999.0
8441_7323,5018.0
8441_7324,5018.0
8442_1213,999999.0
8442_9103,15975.0
8442_12074,15975.0
8443_1220,999999.0
8443_9102,5018.0
8443_13212,5018.0
8444_1217,999999.0
8444_7288,5018.0
8444_8440,5018.0
8445_7255,5018.0
8445_7328,5018.0
8445_13199,4515.0
8445_13200,4515.0
8446_1222,999999.0
8446_7273,7988.0
8446_7274,7988.0
8447_1222,999999.0
8447_7276,5018.0
8447_7327,5018.0
8448_1223,999999.0
8448_7287,5018.0
8448_12127,5018.0
8449_1223,999999.0
8449_7288,5018.0
8449_13222,5018.0
8450_7283,5258.0
8450_7298,5258.0
8450_13227,5258.0
8451_1224,999999.0
8451_8308,6240.0
8451_9219,6240.0
8452_1224,999999.0
8452_9221,7988.0
8452_9223,7988.0
8453_4153,4515.0
8453_7573,6240.0
8453_8314,6240.0
8454_1226,999999.0
8454_7276,5018.0
8454_7277,5018.0
8455_1227,999999.0
8455_7277,7988.0
8455_9217,7988.0
8456_1227,999999.0
8456_2369,4515.0
8456_9217,4515.0
8457_1228,999999.0
8457_7308,12480.0
8457_9247,12480.0
8458_1228,999999.0
8458_7303,6240.0
8458_7304,6240.0
8459_7315,7988.0
8459_9251,7988.0
8459_13167,4515.0
8460_1230,999999.0
8460_7290,5018.0
8460_7291,5018.0
8461_1231,999999.0
8461_7353,15975.0
8461_13169,15975.0
8462_7345,15975.0
8462_7351,15975.0
8462_13165,4515.0
8462_13169,4515.0
8463_1239,999999.0
8463_6635,7988.0
8463_7080,7988.0
8464_8465,999999.0
8464_9314,6240.0
8465_8464,999999.0
8465_11074,6240.0
8466_8467,999999.0
8466_9330,7988.0
8467_1457,999999.0
8467_8466,999999.0
8468_8469,999999.0
8468_9440,5258.0
8469_8468,999999.0
8469_8629,9165.0
8470_8471,999999.0
8470_9586,6240.0
8471_1454,999999.0
8471_8470,999999.0
8472_8473,999999.0
8472_9584,5258.0
8473_1453,999999.0
8473_8472,999999.0
8474_5907,33150.0
8474_8475,999999.0
8475_3094,33150.0
8475_8474,999999.0
8476_3094,33150.0
8476_8477,999999.0
8477_8476,999999.0
8477_8533,33480.0
8478_3024,51728.0
8478_8479,999999.0
8479_1568,51728.0
8479_8478,999999.0
8480_1565,51728.0
8480_8481,999999.0
8481_3026,50580.0
8481_8480,999999.0
8482_5908,33150.0
8482_8483,999999.0
8483_1567,33150.0
8483_8482,999999.0
8484_3026,50580.0
8484_8485,999999.0
8485_3027,51728.0
8485_8484,999999.0
8486_3102,51728.0
8486_8487,999999.0
8487_3103,51728.0
8487_8486,999999.0
8488_3103,51728.0
8488_8489,999999.0
8489_3104,51728.0
8489_8488,999999.0
8490_8491,45000.0
8490_8588,999999.0
8491_3146,51728.0
8491_8490,45000.0
8492_8493,999999.0
8492_12382,50580.0
8493_8077,50580.0
8493_8492,999999.0
8494_11641,4515.0
8495_1386,999999.0
8495_7604,7988.0
8495_7874,7988.0
8496_8497,999999.0
8496_12424,50580.0
8497_8227,51728.0
8497_8496,999999.0
8498_8174,51728.0
8498_8499,999999.0
8499_8114,51728.0
8499_8498,999999.0
8500_8074,51728.0
8500_8501,999999.0
8501_8075,51728.0
8501_8500,999999.0
8502_8503,999999.0
8502_12387,50580.0
8503_8077,50580.0
8503_8502,999999.0
8504_8077,50580.0
8504_8505,999999.0
8505_8504,999999.0
8505_12377,50580.0
8506_8078,50580.0
8506_8507,999999.0
8507_8117,50580.0
8507_8506,999999.0
8508_8526,999999.0
8508_8583,52500.0
8509_1257,999999.0
8509_7620,10035.0
8509_7621,10035.0
8510_8511,286875.0
8510_8584,999999.0
8511_3142,71760.0
8511_8510,286875.0
8512_8513,219375.0
8512_8585,999999.0
8513_3143,74400.0
8513_8512,219375.0
8514_8515,131250.0
8514_8586,999999.0
8515_3144,33150.0
8515_8514,131250.0
8516_8517,18750.0
8516_8587,999999.0
8517_3145,16575.0
8517_8516,18750.0
8518_8519,999999.0
8518_8589,999999.0
8519_3147,33480.0
8519_8518,999999.0
8520_8521,999999.0
8520_8590,999999.0
8521_3148,14055.0
8521_8520,999999.0
8522_8523,999999.0
8522_8591,999999.0
8523_3149,14055.0
8523_8522,999999.0
8524_8525,999999.0
8524_8592,999999.0
8525_3150,33150.0
8525_8524,999999.0
8526_3141,22748.0
8526_8508,999999.0
8527_7071,7988.0
8527_9014,4050.0
8527_12084,7988.0
8528_8373,999999.0
8528_8530,51728.0
8529_2906,4515.0
8529_3055,4515.0
8529_7066,4515.0
8529_7069,4515.0
8530_8567,50580.0
8530_11251,5505.0
8531_2191,14055.0
8531_11956,14055.0
8532_1578,23355.0
8532_3047,23355.0
8533_3024,33150.0
8533_8477,33480.0
8534_1570,50580.0
8534_1571,999999.0
8535_1570,999999.0
8535_8271,24930.0
8535_8538,51728.0
8535_11184,28598.0
8536_2153,14055.0
8536_2170,15975.0
8537_3016,7028.0
8537_5129,14055.0
8538_7875,10035.0
8538_8269,10035.0
8538_8535,51728.0
8538_8540,999999.0
8539_2843,21915.0
8539_5655,21915.0
8540_8538,999999.0
8540_8542,51728.0
8541_4807,14055.0
8541_5121,14055.0
8542_7925,4733.0
8542_8544,51728.0
8543_2888,52223.0
8544_7898,15975.0
8544_7968,15975.0
8544_8546,51728.0
8545_2842,52223.0
8546_8548,51728.0
8547_4806,5018.0
8547_5022,5018.0
8548_8494,4733.0
8548_11096,51728.0
8549_2839,21915.0
8549_4817,21915.0
8550_8552,51728.0
8551_3219,14055.0
8551_4765,7028.0
8552_7908,7988.0
8552_7966,7988.0
8552_8570,51728.0
8553_2837,7028.0
8553_4765,7028.0
8554_3316,71040.0
8554_8555,236250.0
8555_8554,236250.0
8555_8557,999999.0
8556_3644,14055.0
8557_3177,71040.0
8557_8555,999999.0
8558_3648,34725.0
8559_2811,34725.0
8560_8561,999999.0
8560_9623,33150.0
8561_1456,999999.0
8561_8560,999999.0
8562_3760,9915.0
8562_3946,9915.0
8563_3945,16493.0
8563_3948,16493.0
8564_3051,14940.0
8564_9038,14940.0
8565_4083,16493.0
8566_7768,15975.0
8567_8534,50580.0
8568_4172,15480.0
8569_2832,9915.0
8569_4324,9915.0
8570_7968,4733.0
8570_8571,51728.0
8571_8540,51728.0
8572_2846,33480.0
8573_2830,33480.0
8574_7682,4515.0
8574_8578,7988.0
8574_12421,7988.0
8575_4764,8715.0
8575_5697,8715.0
8576_8619,5018.0
8577_4607,21915.0
8577_5698,21915.0
8578_7874,7988.0
8578_8239,4515.0
8578_8574,7988.0
8579_4552,15975.0
8579_4553,15975.0
8580_7606,5018.0
8580_9039,5018.0
8580_12416,32415.0
8580_12420,33150.0
8581_2918,33480.0
8581_2936,33150.0
8582_8566,15975.0
8582_8593,4733.0
8583_1527,23355.0
8583_8508,52500.0
8584_2855,71040.0
8584_8510,999999.0
8585_2820,74400.0
8585_8512,999999.0
8586_5660,33150.0
8586_8514,999999.0
8587_2503,16208.0
8587_8516,999999.0
8588_3105,51728.0
8588_8490,999999.0
8589_3119,33150.0
8589_8518,999999.0
8590_2576,15975.0
8590_8520,999999.0
8591_2564,14055.0
8591_8522,999999.0
8592_3130,33150.0
8592_8524,999999.0
8593_9257,7290.0
8594_9194,9165.0
8594_11756,9165.0
8594_12405,6240.0
8595_1401,999999.0
8595_5843,6240.0
8596_1402,999999.0
8596_10180,16770.0
8597_1405,999999.0
8597_11637,6240.0
8598_1406,999999.0
8598_10332,6240.0
8599_1407,999999.0
8599_10735,6240.0
8600_1409,999999.0
8600_10757,5258.0
8601_1645,9165.0
8601_1646,6240.0
8601_10758,6240.0
8601_12147,9165.0
8602_1412,999999.0
8602_10769,6240.0
8603_1413,999999.0
8603_10772,5258.0
8604_1414,999999.0
8604_11017,6240.0
8605_1415,999999.0
8605_11027,18330.0
8606_9270,5258.0
8606_10995,6240.0
8606_10996,6240.0
8606_11977,5258.0
8607_1416,999999.0
8607_5894,6240.0
8608_1418,999999.0
8608_11010,6240.0
8609_1419,999999.0
8609_10970,6240.0
8610_1420,999999.0
8610_10953,6240.0
8611_1422,999999.0
8611_10945,9165.0
8612_1423,999999.0
8612_10925,6240.0
8613_1425,999999.0
8613_10918,7988.0
8614_1426,999999.0
8614_10918,5018.0
8615_1428,999999.0
8615_8672,32415.0
8616_1429,999999.0
8616_10912,6240.0
8617_1430,999999.0
8617_10910,5018.0
8618_8651,15975.0
8619_103,999999.0
8619_8630,5018.0
8619_8631,5018.0
8620_1510,999999.0
8620_8632,5018.0
8621_8582,15975.0
8622_8009,7290.0
8623_1444,999999.0
8623_8670,32415.0
8624_1447,999999.0
8624_9560,18330.0
8625_1450,999999.0
8625_9567,6240.0
8626_1451,999999.0
8626_9571,9165.0
8627_8628,14580.0
8627_9387,5018.0
8627_10421,16770.0
8627_11824,5018.0
8628_8627,14580.0
8628_9999,14580.0
8628_10463,5018.0
8628_11825,5018.0
8629_1455,999999.0
8629_8469,9165.0
8630_8621,4733.0
8631_8630,5018.0
8631_8646,4733.0
8631_8650,4733.0
8632_8631,5018.0
8632_8638,4733.0
8633_1463,999999.0
8633_11085,7988.0
8634_1465,999999.0
8634_11249,9165.0
8635_1466,999999.0
8635_5901,9165.0
8636_1467,999999.0
8636_11175,18330.0
8637_1469,999999.0
8637_11205,5018.0
8638_8646,4733.0
8638_8650,4733.0
8638_8651,4733.0
8639_1472,999999.0
8639_10470,51728.0
8640_1473,999999.0
8640_12941,15975.0
8641_1474,999999.0
8641_11215,5258.0
8642_1475,999999.0
8642_11232,6240.0
8643_1477,999999.0
8643_11243,9165.0
8644_1478,999999.0
8644_11244,6240.0
8645_1480,999999.0
8645_11283,9165.0
8646_9257,4733.0
8647_1483,999999.0
8647_11362,9165.0
8648_1484,999999.0
8648_11482,9165.0
8649_11487,6240.0
8649_11488,6240.0
8650_8622,4733.0
8651_9184,15975.0
8652_1492,999999.0
8652_11597,5258.0
8653_1493,999999.0
8653_9109,32415.0
8654_1494,999999.0
8654_11599,9165.0
8655_1495,999999.0
8655_11646,18330.0
8656_5127,4050.0
8656_6286,4050.0
8656_8657,4050.0
8657_269,999999.0
8657_6276,4050.0
8657_8656,4050.0
8658_1501,999999.0
8658_11685,6240.0
8659_1502,999999.0
8659_11685,5258.0
8660_1503,999999.0
8660_11698,9165.0
8661_1504,999999.0
8661_11707,6240.0
8662_1505,999999.0
8662_11711,9165.0
8663_1506,999999.0
8663_10346,50580.0
8664_1507,999999.0
8664_11728,5018.0
8665_1508,999999.0
8665_11730,32415.0
8666_1509,999999.0
8666_11735,18330.0
8667_8668,999999.0
8667_12323,32415.0
8668_8667,999999.0
8668_10293,32415.0
8669_8670,999999.0
8669_9552,32415.0
8670_8623,32415.0
8670_8669,999999.0
8671_8672,999999.0
8671_12299,32415.0
8672_8615,32415.0
8672_8671,999999.0
8673_1039,999999.0
8673_6632,5018.0
8673_6633,5018.0
8674_1040,999999.0
8674_6633,4515.0
8674_8398,4515.0
8675_1040,999999.0
8675_6642,15975.0
8675_8375,15975.0
8676_1041,999999.0
8676_6642,15975.0
8676_6678,15975.0
8677_1042,999999.0
8677_6645,5018.0
8677_12017,5018.0
8678_1051,999999.0
8678_6647,5018.0
8678_6648,5018.0
8679_1305,999999.0
8679_6649,5018.0
8679_11060,5018.0
8680_1043,999999.0
8680_6644,24930.0
8680_6645,24930.0
8681_1043,999999.0
8681_6645,24930.0
8681_12016,24930.0
8682_1044,999999.0
8682_6588,24930.0
8682_6631,24930.0
8683_1046,999999.0
8683_3960,999999.0
8683_6612,15975.0
8684_6608,7988.0
8684_6609,4515.0
8684_9166,7988.0
8685_6608,7988.0
8685_7102,7988.0
8686_1154,999999.0
8686_7091,15975.0
8686_7102,14055.0
8687_1048,999999.0
8687_6610,7988.0
8687_9166,7988.0
8688_1049,999999.0
8688_6611,7988.0
8688_6613,7988.0
8689_1306,999999.0
8689_6606,15975.0
8689_8294,15975.0
8690_1050,999999.0
8690_6602,4515.0
8690_6618,4515.0
8691_1052,999999.0
8691_6653,4515.0
8692_1053,999999.0
8692_6668,4515.0
8692_6669,4515.0
8693_1055,999999.0
8693_9149,24930.0
8693_12015,24930.0
8694_1055,999999.0
8694_8092,15975.0
8694_9150,15975.0
8695_1056,999999.0
8695_6692,6240.0
8695_6699,6240.0
8696_1056,999999.0
8696_6699,12480.0
8696_6700,12480.0
8697_6686,24930.0
8697_6698,24930.0
8697_13016,5018.0
8698_1059,999999.0
8698_6682,5018.0
8698_13015,5018.0
8699_1060,999999.0
8699_6682,5018.0
8699_6683,5018.0
8700_1060,999999.0
8700_6682,7988.0
8700_6989,7988.0
8701_1061,999999.0
8701_6761,5018.0
8701_6762,5018.0
8702_1061,999999.0
8702_6760,5018.0
8702_6761,5018.0
8703_6764,7988.0
8703_6777,7988.0
8703_8704,5018.0
8704_1062,999999.0
8704_6741,5018.0
8704_8703,5018.0
8705_1062,999999.0
8705_6776,5018.0
8705_6777,5018.0
8706_1063,999999.0
8706_6760,5018.0
8706_8724,5018.0
8707_1063,999999.0
8707_6765,5018.0
8707_6766,5018.0
8708_1308,999999.0
8708_6784,6240.0
8708_6813,6240.0
8709_1308,999999.0
8709_6811,6240.0
8709_6813,6240.0
8710_1066,999999.0
8710_6822,6240.0
8710_6850,6240.0
8711_1068,999999.0
8711_6808,24930.0
8711_6809,24930.0
8712_1068,999999.0
8712_6808,5018.0
8712_6822,5018.0
8713_1309,999999.0
8713_6787,15975.0
8713_6788,15975.0
8714_1309,999999.0
8714_6790,5018.0
8715_1069,999999.0
8715_6801,7988.0
8715_6804,7988.0
8716_1070,999999.0
8716_6795,5018.0
8716_6856,5018.0
8717_1071,999999.0
8717_6860,4515.0
8717_6861,4515.0
8718_1073,999999.0
8718_6867,28598.0
8718_12467,28598.0
8719_1073,999999.0
8719_6867,6240.0
8719_6875,6240.0
8720_1074,999999.0
8720_6881,6240.0
8720_6885,6240.0
8721_1074,999999.0
8721_6881,18330.0
8721_6882,18330.0
8722_5844,5505.0
8722_6892,6240.0
8722_8080,6240.0
8723_1076,999999.0
8723_6911,5258.0
8723_6912,5258.0
8724_6743,5018.0
8724_6761,5018.0
8724_6765,5018.0
8724_8706,5018.0
8725_1077,999999.0
8725_6890,4515.0
8725_6897,5258.0
8726_1077,999999.0
8726_6890,4515.0
8726_12004,4515.0
8727_1078,999999.0
8727_6906,24930.0
8727_6907,24930.0
8728_1090,999999.0
8728_6730,7988.0
8728_6833,4050.0
8729_1091,999999.0
8729_5872,7988.0
8729_6726,7988.0
8730_5874,4515.0
8730_6720,15975.0
8730_11336,18330.0
8731_1092,999999.0
8731_6729,4358.0
8731_6834,4358.0
8732_1092,999999.0
8732_6725,7028.0
8732_6729,7028.0
8733_1095,999999.0
8733_6742,5018.0
8733_6816,5018.0
8734_1095,999999.0
8734_6742,10035.0
8734_6751,10035.0
8735_1096,999999.0
8735_6752,5018.0
8735_12010,5018.0
8736_1096,999999.0
8736_6752,5018.0
8736_6753,5018.0
8737_1097,999999.0
8737_6745,5018.0
8737_6747,5018.0
8738_1098,999999.0
8738_6747,10035.0
8738_6748,10035.0
8739_1097,999999.0
8739_6751,10035.0
8739_12009,10035.0
8740_1099,999999.0
8740_6754,10035.0
8740_6755,10035.0
8741_1099,999999.0
8741_6757,10035.0
8741_12005,10035.0
8742_1101,999999.0
8742_6772,10035.0
8742_6782,10035.0
8743_1101,999999.0
8743_6773,10035.0
8743_6774,10035.0
8744_1101,999999.0
8744_6773,5018.0
8744_8297,5018.0
8745_6740,5258.0
8745_8083,5258.0
8746_1101,999999.0
8746_6768,5018.0
8746_8297,5018.0
8747_1103,999999.0
8747_6759,24930.0
8747_6766,24930.0
8748_1104,999999.0
8748_6758,12480.0
8748_12006,10035.0
8749_1102,999999.0
8749_6756,5018.0
8749_6757,5018.0
8750_1105,999999.0
8750_6746,5018.0
8750_12114,5018.0
8751_1105,999999.0
8751_6746,10035.0
8751_6747,10035.0
8752_1106,999999.0
8752_6665,9165.0
8752_8087,18330.0
8753_1106,999999.0
8753_6662,6240.0
8753_6663,6240.0
8754_1107,999999.0
8754_6590,10035.0
8754_6598,10035.0
8755_1108,999999.0
8755_6716,5258.0
8755_6717,5258.0
8756_1118,999999.0
8756_5880,18330.0
8756_8112,15975.0
8757_688,999999.0
8757_2728,5018.0
8757_9136,6240.0
8758_688,999999.0
8758_2727,4515.0
8758_2728,4515.0
8759_688,999999.0
8759_9135,15975.0
8759_12859,15975.0
8760_687,999999.0
8760_2723,5018.0
8760_9136,5018.0
8761_689,999999.0
8761_2666,5018.0
8761_11696,5018.0
8762_689,999999.0
8762_12714,4515.0
8762_12715,4515.0
8763_689,999999.0
8763_2667,7988.0
8763_2669,7988.0
8764_690,999999.0
8764_2668,7988.0
8764_2669,7988.0
8765_690,999999.0
8765_2671,9165.0
8765_2674,9165.0
8766_2668,4515.0
8766_2670,6240.0
8766_2671,5258.0
8766_9138,6240.0
8767_691,999999.0
8767_2721,5018.0
8767_8777,5018.0
8768_691,999999.0
8768_2723,9165.0
8768_9137,9165.0
8769_691,999999.0
8769_2722,5258.0
8769_9052,5258.0
8770_692,999999.0
8770_2697,15975.0
8770_2701,15975.0
8771_692,999999.0
8771_2701,9030.0
8771_2702,9030.0
8772_692,999999.0
8772_8797,10035.0
8772_11908,10035.0
8773_693,999999.0
8773_2719,9030.0
8773_12674,9030.0
8774_913,999999.0
8774_11904,15975.0
8774_12675,15975.0
8775_693,999999.0
8775_12675,4515.0
8775_12676,4515.0
8776_2694,5018.0
8776_11905,5018.0
8776_12676,4515.0
8777_694,999999.0
8777_2694,5018.0
8777_8767,5018.0
8778_694,999999.0
8778_2694,5018.0
8778_9051,5018.0
8779_695,999999.0
8779_2692,5018.0
8779_2693,5018.0
8780_695,999999.0
8780_2684,15975.0
8780_2692,15975.0
8781_695,999999.0
8781_2691,5018.0
8781_2692,5018.0
8782_696,999999.0
8782_1626,15975.0
8782_2691,15975.0
8783_696,999999.0
8783_2690,5018.0
8783_2691,5018.0
8784_696,999999.0
8784_2690,7988.0
8784_2704,15975.0
8785_697,999999.0
8785_2683,5018.0
8785_2693,5018.0
8786_697,999999.0
8786_2677,15975.0
8786_2682,15975.0
8787_697,999999.0
8787_2677,5018.0
8787_2733,5018.0
8788_698,999999.0
8788_2693,5018.0
8788_2733,5018.0
8789_2695,5018.0
8789_2696,5018.0
8789_12673,4515.0
8790_699,999999.0
8790_2696,7988.0
8790_2697,7988.0
8791_2695,9030.0
8791_2701,9030.0
8791_12677,4515.0
8792_700,999999.0
8792_2716,15975.0
8792_12669,15975.0
8793_700,999999.0
8793_2718,5018.0
8793_12670,5018.0
8794_700,999999.0
8794_2718,15975.0
8794_5793,15975.0
8795_701,999999.0
8795_9133,15975.0
8795_12657,15975.0
8796_2712,5018.0
8796_11840,5018.0
8796_12655,4515.0
8796_12668,4515.0
8797_2715,10035.0
8797_2717,4515.0
8797_8772,10035.0
8797_12668,4515.0
8798_702,999999.0
8798_2711,15975.0
8798_2712,15975.0
8799_702,999999.0
8799_2709,5018.0
8799_2710,5018.0
8800_703,999999.0
8800_9684,6240.0
8800_10322,6240.0
8801_1272,999999.0
8801_2707,10035.0
8801_2708,10035.0
8802_1272,999999.0
8802_9053,18330.0
8802_11910,15975.0
8803_5798,15975.0
8803_12655,4515.0
8803_12659,15975.0
8804_704,999999.0
8804_3537,6240.0
8804_5799,6240.0
8805_723,999999.0
8805_2329,7988.0
8805_5806,7988.0
8806_723,999999.0
8806_2328,4515.0
8806_9694,4515.0
8807_724,999999.0
8807_2327,7028.0
8807_2332,7988.0
8808_724,999999.0
8808_2328,4515.0
8808_2329,4515.0
8809_725,999999.0
8809_2326,7028.0
8809_2327,7028.0
8810_725,999999.0
8810_2333,7988.0
8810_12635,7988.0
8811_1276,999999.0
8811_2321,5018.0
8811_2636,5018.0
8812_1276,999999.0
8812_2333,4515.0
8812_3674,4515.0
8813_726,999999.0
8813_2331,7988.0
8813_2332,7988.0
8814_727,999999.0
8814_2638,4515.0
8814_2640,4515.0
8815_727,999999.0
8815_2637,5018.0
8815_12636,5018.0
8816_9130,4515.0
8816_10426,4515.0
8816_12638,4515.0
8817_1277,999999.0
8817_2639,6240.0
8817_9685,6240.0
8818_728,999999.0
8818_2641,6240.0
8818_2706,6240.0
8819_729,999999.0
8819_9132,6240.0
8819_12663,5018.0
8820_729,999999.0
8820_2648,6240.0
8820_12661,5018.0
8821_2704,15975.0
8821_2705,15975.0
8821_12660,4515.0
8822_730,999999.0
8822_2645,5018.0
8822_2646,5018.0
8823_730,999999.0
8823_2317,5018.0
8823_9125,5018.0
8824_1278,999999.0
8824_2663,4515.0
8824_3168,4515.0
8825_731,999999.0
8825_12714,15975.0
8825_12717,15975.0
8826_731,999999.0
8826_12733,4515.0
8826_12734,4515.0
8827_732,999999.0
8827_2689,5018.0
8827_2690,5018.0
8828_732,999999.0
8828_2686,15975.0
8828_2690,7988.0
8829_732,999999.0
8829_2687,7988.0
8829_8831,7988.0
8830_733,999999.0
8830_2687,5018.0
8830_2689,5018.0
8831_733,999999.0
8831_2688,7988.0
8831_8829,7988.0
8832_733,999999.0
8832_2689,5018.0
8832_12662,5018.0
8833_734,999999.0
8833_2649,5018.0
8833_8835,5018.0
8834_735,999999.0
8834_2681,5018.0
8834_2687,5018.0
8835_735,999999.0
8835_2650,5018.0
8835_8833,5018.0
8836_736,999999.0
8836_2651,5018.0
8836_12710,5018.0
8837_736,999999.0
8837_2651,5018.0
8837_2680,5018.0
8838_736,999999.0
8838_2680,24930.0
8838_2681,24930.0
8839_737,999999.0
8839_2679,15975.0
8839_2680,15975.0
8840_2675,7988.0
8840_2678,7988.0
8840_12738,4515.0
8841_10443,4515.0
8841_12735,4515.0
8841_12736,4515.0
8841_12737,4515.0
8842_738,999999.0
8842_2648,5018.0
8842_12667,5018.0
8843_741,999999.0
8843_2652,5018.0
8843_2653,4358.0
8844_739,999999.0
8844_2646,5018.0
8844_2647,5018.0
8845_739,999999.0
8845_11918,5018.0
8845_12712,5018.0
8846_739,999999.0
8846_2646,5018.0
8846_12711,5018.0
8847_740,999999.0
8847_2653,4358.0
8847_2654,4358.0
8848_740,999999.0
8848_2314,14055.0
8848_2654,14055.0
8849_741,999999.0
8849_8851,4358.0
8849_12709,4515.0
8850_741,999999.0
8850_2652,15975.0
8850_2654,15975.0
8851_742,999999.0
8851_8849,4358.0
8851_12710,4515.0
8852_742,999999.0
8852_12731,5018.0
8852_12740,5018.0
8853_742,999999.0
8853_12731,4515.0
8853_12732,4515.0
8854_743,999999.0
8854_2662,5018.0
8854_2672,5018.0
8855_743,999999.0
8855_2660,5018.0
8855_2672,5018.0
8856_744,999999.0
8856_2660,4515.0
8856_11881,4515.0
8857_744,999999.0
8857_2307,4515.0
8857_12726,4515.0
8858_744,999999.0
8858_2659,5018.0
8858_12728,5018.0
8859_745,999999.0
8859_2661,24930.0
8859_12727,24930.0
8860_745,999999.0
8860_2661,15975.0
8860_12726,14055.0
8861_746,999999.0
8861_2657,14055.0
8861_12732,14055.0
8862_1151,999999.0
8862_8237,4515.0
8862_11939,4515.0
8863_746,999999.0
8863_2310,4358.0
8863_9129,5018.0
8864_747,999999.0
8864_2303,5018.0
8864_2307,5018.0
8865_747,999999.0
8865_5475,5018.0
8865_6479,5018.0
8866_747,999999.0
8866_2304,4515.0
8866_2306,4515.0
8867_748,999999.0
8867_11877,5018.0
8867_12721,5018.0
8868_2878,14055.0
8868_5364,14055.0
8868_12720,4515.0
8869_5364,5018.0
8869_11878,5018.0
8869_12722,4515.0
8869_12723,4515.0
8870_749,999999.0
8870_11882,7988.0
8870_12725,7988.0
8871_749,999999.0
8871_12724,4515.0
8871_12725,4515.0
8872_2302,15975.0
8872_2309,15975.0
8872_12730,5018.0
8873_749,999999.0
8873_2302,5018.0
8873_12724,5018.0
8874_9055,5018.0
8874_11879,5018.0
8874_11880,4515.0
8875_750,999999.0
8875_2298,15975.0
8875_2299,15975.0
8876_751,999999.0
8876_5278,14055.0
8876_5279,14055.0
8877_751,999999.0
8877_3033,15975.0
8877_5278,14055.0
8878_752,999999.0
8878_5324,15975.0
8878_5325,15975.0
8879_752,999999.0
8879_2301,5018.0
8879_2731,5018.0
8880_753,999999.0
8880_2297,15975.0
8880_3038,14055.0
8881_9128,7988.0
8881_11886,7988.0
8881_12702,4515.0
8881_12703,4050.0
8882_753,999999.0
8882_5262,14055.0
8882_5268,14055.0
8883_754,999999.0
8883_2299,15975.0
8883_2310,15975.0
8884_755,999999.0
8884_2297,14055.0
8884_2313,14055.0
8885_754,999999.0
8885_2311,5018.0
8885_11885,4358.0
8886_755,999999.0
8886_2315,10035.0
8886_3226,8715.0
8887_756,999999.0
8887_2315,10035.0
8887_2316,10035.0
8888_756,999999.0
8888_2296,7988.0
8888_3226,7028.0
8889_2316,5018.0
8889_2317,5018.0
8889_2646,5018.0
8889_11893,5018.0
8890_757,999999.0
8890_2285,9165.0
8890_2286,9165.0
8891_757,999999.0
8891_2277,6240.0
8891_12699,6240.0
8892_757,999999.0
8892_2283,6240.0
8892_2286,6240.0
8893_757,999999.0
8893_2287,9165.0
8893_2288,9165.0
8894_758,999999.0
8894_2278,6240.0
8894_2281,6240.0
8895_758,999999.0
8895_2281,6240.0
8895_8896,5018.0
8896_759,999999.0
8896_2140,5018.0
8896_8895,5018.0
8897_759,999999.0
8897_2141,7988.0
8897_5155,7988.0
8898_759,999999.0
8898_2281,6240.0
8898_2282,5018.0
8899_760,999999.0
8899_2137,15975.0
8899_2139,18330.0
8900_760,999999.0
8900_2121,4358.0
8900_2139,6240.0
8901_760,999999.0
8901_2094,6240.0
8901_12696,5018.0
8902_764,999999.0
8902_2284,9165.0
8902_2285,9165.0
8903_764,999999.0
8903_2326,4050.0
8903_2328,4050.0
8904_764,999999.0
8904_2325,6240.0
8904_9772,6240.0
8905_765,999999.0
8905_3539,4515.0
8905_12619,4515.0
8906_720,999999.0
8906_9765,5018.0
8906_9767,5018.0
8907_765,999999.0
8907_3538,4515.0
8907_12613,4515.0
8908_767,999999.0
8908_2260,5018.0
8908_12618,5018.0
8909_767,999999.0
8909_5813,5018.0
8909_12618,5018.0
8910_767,999999.0
8910_2259,7988.0
8910_2260,7988.0
8911_768,999999.0
8911_2260,7988.0
8911_2263,7988.0
8912_768,999999.0
8912_2263,15975.0
8912_2264,15975.0
8913_769,999999.0
8913_2240,4515.0
8913_3540,4515.0
8914_769,999999.0
8914_2239,5018.0
8914_2240,5018.0
8915_769,999999.0
8915_2237,7988.0
8915_8919,7988.0
8916_770,999999.0
8916_2228,15975.0
8916_2230,7988.0
8917_770,999999.0
8917_2232,9165.0
8917_2236,9165.0
8918_2230,9165.0
8918_2237,9165.0
8918_12594,5258.0
8919_2238,15975.0
8919_8915,7988.0
8919_12595,4515.0
8920_771,999999.0
8920_2238,15975.0
8920_2243,14055.0
8921_774,999999.0
8921_2264,7988.0
8922_772,999999.0
8922_2271,4515.0
8922_3361,4515.0
8923_773,999999.0
8923_2257,4358.0
8923_2265,4358.0
8924_773,999999.0
8924_2255,14055.0
8925_773,999999.0
8925_2265,14055.0
8926_774,999999.0
8926_2257,14055.0
8927_775,999999.0
8927_2240,4515.0
8927_2248,4050.0
8928_775,999999.0
8928_2259,15975.0
8928_5815,15975.0
8929_774,999999.0
8929_8931,4050.0
8929_12624,4050.0
8930_776,999999.0
8930_2247,4050.0
8930_2248,4050.0
8931_2248,4050.0
8931_8929,4050.0
8931_11954,4050.0
8932_776,999999.0
8932_2247,4050.0
8932_2255,4050.0
8933_1279,999999.0
8933_2244,14055.0
8933_3051,14055.0
8934_777,999999.0
8934_2245,14055.0
8935_778,999999.0
8935_2253,4050.0
8935_2254,4050.0
8936_778,999999.0
8936_2253,4358.0
8936_2267,4358.0
8937_778,999999.0
8937_2266,14055.0
8938_779,999999.0
8938_2270,7028.0
8938_9056,7028.0
8939_779,999999.0
8939_2190,7028.0
8939_3416,7028.0
8940_780,999999.0
8940_3323,7988.0
8940_12681,7988.0
8941_780,999999.0
8941_2235,5018.0
8941_2274,5018.0
8942_780,999999.0
8942_8952,15975.0
8942_12683,7988.0
8943_2271,5018.0
8943_2274,5018.0
8943_12625,4515.0
8943_12681,4515.0
8944_2271,4515.0
8944_3426,4515.0
8944_12625,4515.0
8945_781,999999.0
8945_2275,15975.0
8945_10447,15975.0
8946_782,999999.0
8946_2275,7988.0
8946_11936,7988.0
8947_782,999999.0
8947_2234,15975.0
8947_10446,15975.0
8948_1280,999999.0
8948_2234,15975.0
8948_2275,15975.0
8949_767,999999.0
8949_2273,4515.0
8949_11948,4515.0
8950_5876,4050.0
8950_7083,4050.0
8950_9158,4050.0
8951_784,999999.0
8951_2241,7988.0
8951_2242,7988.0
8952_2189,4515.0
8952_2193,15975.0
8952_8942,15975.0
8953_784,999999.0
8953_2156,7988.0
8953_2241,7988.0
8954_786,999999.0
8954_12689,14055.0
8954_12690,14055.0
8955_9057,9030.0
8955_12686,9030.0
8955_12687,4050.0
8956_787,999999.0
8956_2145,4358.0
8956_2153,4358.0
8957_2145,8100.0
8957_12686,9030.0
8957_12688,4050.0
8958_11931,4358.0
8958_12689,4050.0
8958_12691,4358.0
8959_788,999999.0
8959_2170,5018.0
8959_2171,5018.0
8960_788,999999.0
8960_2167,4515.0
8960_2171,4515.0
8961_788,999999.0
8961_1585,7988.0
8961_1588,7988.0
8962_789,999999.0
8962_4800,21915.0
8962_4801,21915.0
8963_789,999999.0
8963_2093,7988.0
8963_4799,7988.0
8964_790,999999.0
8964_2095,7988.0
8964_3164,7988.0
8965_1281,999999.0
8965_2097,5018.0
8965_3164,5018.0
8966_790,999999.0
8966_2093,5018.0
8966_2097,5018.0
8967_791,999999.0
8967_2089,5018.0
8967_2090,5018.0
8968_791,999999.0
8968_2089,4515.0
8968_5662,4515.0
8969_791,999999.0
8969_2091,4515.0
8969_4787,4515.0
8970_1281,999999.0
8970_2131,5018.0
8970_2132,5018.0
8971_792,999999.0
8971_2122,4515.0
8971_2132,4515.0
8972_792,999999.0
8972_2122,4515.0
8972_2126,4515.0
8973_1281,999999.0
8973_2130,5018.0
8973_2131,5018.0
8974_793,999999.0
8974_2133,5018.0
8974_3169,5018.0
8975_1281,999999.0
8975_2129,7988.0
8975_3164,7988.0
8976_794,999999.0
8976_2150,6240.0
8976_2151,6240.0
8977_794,999999.0
8977_2149,5258.0
8977_11940,4515.0
8978_794,999999.0
8978_2146,4515.0
8978_2150,5258.0
8979_795,999999.0
8979_2158,9165.0
8979_2159,9165.0
8980_795,999999.0
8980_2157,18330.0
8980_9120,18330.0
8981_795,999999.0
8981_2152,6240.0
8981_9118,5018.0
8982_796,999999.0
8982_2146,4515.0
8982_2147,4515.0
8983_796,999999.0
8983_2144,5018.0
8983_9112,5018.0
8984_796,999999.0
8984_9114,4515.0
8984_9115,4515.0
8985_797,999999.0
8985_2138,9030.0
8985_2144,9030.0
8986_797,999999.0
8986_2138,15975.0
8986_2143,15975.0
8987_797,999999.0
8987_2143,5018.0
8987_2144,5018.0
8988_798,999999.0
8988_2147,5018.0
8988_2148,5018.0
8989_798,999999.0
8989_2117,4358.0
8989_2136,5018.0
8990_798,999999.0
8990_2117,14055.0
8990_9110,14055.0
8991_799,999999.0
8991_2055,4515.0
8991_2113,4050.0
8992_799,999999.0
8992_2112,14055.0
8992_2113,14055.0
8993_799,999999.0
8993_1799,5018.0
8993_2112,4358.0
8994_800,999999.0
8994_2104,10035.0
8994_2106,10035.0
8995_800,999999.0
8995_2119,4515.0
8995_9010,4515.0
8996_800,999999.0
8996_2105,14055.0
8996_2203,15975.0
8997_2105,4515.0
8997_2117,14055.0
8997_2118,15975.0
8998_801,999999.0
8998_2064,4358.0
8998_2115,4358.0
8999_7063,21915.0
8999_7064,21915.0
8999_10448,4050.0
9000_801,999999.0
9000_2054,4050.0
9000_2064,4050.0
9001_801,999999.0
9001_2109,4050.0
9001_2116,4050.0
9002_802,999999.0
9002_2108,5018.0
9002_2109,5018.0
9003_802,999999.0
9003_2085,15975.0
9003_2108,15975.0
9004_802,999999.0
9004_2086,5018.0
9004_9006,5018.0
9005_802,999999.0
9005_2109,15975.0
9005_2203,15975.0
9006_803,999999.0
9006_2085,5018.0
9006_9004,5018.0
9007_803,999999.0
9007_2086,15975.0
9007_4779,15975.0
9008_804,999999.0
9008_2102,4358.0
9008_2103,4358.0
9009_804,999999.0
9009_2102,4050.0
9009_2124,4050.0
9010_804,999999.0
9010_2103,4050.0
9010_8995,4515.0
9011_804,999999.0
9011_2119,15975.0
9011_2123,14055.0
9012_805,999999.0
9012_2188,4358.0
9012_13323,4358.0
9013_805,999999.0
9013_2191,7028.0
9013_2192,7988.0
9014_3478,4050.0
9014_7071,4358.0
9014_7072,4358.0
9014_8527,4050.0
9015_806,999999.0
9015_2224,4515.0
9015_2225,4515.0
9016_808,999999.0
9016_2213,5018.0
9016_9017,5018.0
9017_807,999999.0
9017_2217,5018.0
9017_9016,5018.0
9018_808,999999.0
9018_2198,15975.0
9018_11951,24930.0
9019_2192,15975.0
9019_3049,24930.0
9019_9037,14580.0
9020_809,999999.0
9020_2183,4515.0
9020_2185,4515.0
9021_810,999999.0
9021_2181,10035.0
9021_3049,10035.0
9022_811,999999.0
9022_2178,5258.0
9022_2179,5258.0
9023_811,999999.0
9023_2178,5258.0
9023_5158,4515.0
9024_2178,5258.0
9024_5157,5018.0
9024_11949,5018.0
9025_812,999999.0
9025_1577,18330.0
9025_2162,18330.0
9026_2163,4515.0
9026_2216,4515.0
9026_11939,4515.0
9027_812,999999.0
9027_1804,4515.0
9027_3549,4515.0
9028_813,999999.0
9028_2180,4515.0
9028_2182,4515.0
9029_813,999999.0
9029_2177,10035.0
9029_9042,10035.0
9030_813,999999.0
9030_2179,15975.0
9030_9043,15975.0
9031_814,999999.0
9031_2173,12480.0
9031_2174,12480.0
9032_814,999999.0
9032_2173,5258.0
9032_2187,5258.0
9033_814,999999.0
9033_2184,5258.0
9033_2185,4515.0
9034_817,999999.0
9034_5820,5258.0
9034_11800,5258.0
9035_817,999999.0
9035_2231,7988.0
9035_5820,7988.0
9036_9899,4515.0
9036_12316,4515.0
9036_12562,4515.0
9037_8564,14940.0
9038_2206,3735.0
9038_9019,14580.0
9039_1385,999999.0
9039_7507,5018.0
9039_8580,5018.0
9040_2405,6240.0
9040_9043,5018.0
9040_11937,4515.0
9041_1384,999999.0
9041_7618,4515.0
9041_8212,5258.0
9042_2182,10035.0
9042_9029,10035.0
9042_9043,5018.0
9043_2177,15975.0
9043_9030,15975.0
9043_9040,5018.0
9043_9042,5018.0
9044_150,999999.0
9044_3407,4050.0
9044_4675,4050.0
9045_276,999999.0
9045_5150,15975.0
9045_6298,15975.0
9046_5153,15975.0
9046_6300,15975.0
9047_321,999999.0
9047_5256,7028.0
9047_6374,7028.0
9048_413,999999.0
9048_2486,7988.0
9048_6557,7988.0
9049_5597,5018.0
9049_6571,5018.0
9050_423,999999.0
9050_5612,9030.0
9050_13283,9030.0
9051_698,999999.0
9051_2693,5018.0
9051_8778,5018.0
9052_698,999999.0
9052_8769,5258.0
9052_11901,4515.0
9053_5801,18330.0
9053_8802,18330.0
9053_11909,4515.0
9054_742,999999.0
9054_2679,15975.0
9054_12732,15975.0
9055_751,999999.0
9055_2298,5018.0
9055_8874,5018.0
9056_772,999999.0
9056_3419,7028.0
9056_8938,7028.0
9057_785,999999.0
9057_3387,9030.0
9057_8955,9030.0
9058_432,999999.0
9058_1758,4358.0
9058_2077,4358.0
9059_432,999999.0
9059_1756,8715.0
9059_2083,8715.0
9060_436,999999.0
9060_1755,8715.0
9060_2083,8715.0
9061_439,999999.0
9061_1768,7988.0
9061_2608,7988.0
9062_443,999999.0
9062_1769,5018.0
9062_2612,4358.0
9063_449,999999.0
9063_1742,4515.0
9063_2756,4050.0
9064_449,999999.0
9064_1740,5018.0
9064_2755,4358.0
9065_452,999999.0
9065_2035,4050.0
9065_12482,4050.0
9066_453,999999.0
9066_1725,4050.0
9066_2617,4050.0
9067_460,999999.0
9067_1720,7028.0
9067_12479,7028.0
9068_463,999999.0
9068_2003,5018.0
9068_2753,5018.0
9069_464,999999.0
9069_1737,7988.0
9069_2773,15975.0
9070_465,999999.0
9070_1737,4515.0
9070_2756,4050.0
9071_467,999999.0
9071_1733,5018.0
9071_2758,4358.0
9072_469,999999.0
9072_1734,5018.0
9072_12104,5018.0
9073_472,999999.0
9073_1714,4358.0
9073_2769,4358.0
9074_473,999999.0
9074_1737,7988.0
9074_2757,15975.0
9075_475,999999.0
9075_2000,4515.0
9075_2781,4515.0
9076_481,999999.0
9076_1872,4050.0
9076_2786,4050.0
9077_484,999999.0
9077_1741,5018.0
9077_3234,5018.0
9078_484,999999.0
9078_1740,5018.0
9078_2792,5018.0
9079_490,999999.0
9079_1857,5018.0
9079_2790,5018.0
9080_490,999999.0
9080_1856,7988.0
9080_2794,7988.0
9081_493,999999.0
9081_1866,15975.0
9081_2814,15975.0
9082_497,999999.0
9082_2816,7028.0
9082_12255,7028.0
9083_515,999999.0
9083_1926,4358.0
9083_2807,4358.0
9084_533,999999.0
9084_1929,5018.0
9084_3079,5018.0
9085_539,999999.0
9085_1927,5018.0
9085_3080,5018.0
9086_544,999999.0
9086_1856,5018.0
9086_2792,5018.0
9087_544,999999.0
9087_2029,5018.0
9087_3234,5018.0
9088_569,999999.0
9088_2038,15975.0
9088_2606,15975.0
9089_570,999999.0
9089_1790,5018.0
9089_3290,5018.0
9090_573,999999.0
9090_1814,5018.0
9090_3293,5018.0
9091_890,999999.0
9091_7381,4358.0
9091_12909,4358.0
9092_990,999999.0
9092_7788,5018.0
9092_12949,5018.0
9093_7958,5018.0
9093_8052,5018.0
9093_11996,5018.0
9094_7058,5018.0
9094_8237,4358.0
9094_9591,4515.0
9095_1149,999999.0
9095_7083,21915.0
9095_9159,24930.0
9096_7162,15975.0
9096_7163,15975.0
9096_8364,4515.0
9097_1193,999999.0
9097_7202,7988.0
9097_8416,7988.0
9098_1199,999999.0
9098_7170,7988.0
9098_8420,7988.0
9099_1210,999999.0
9099_7269,7988.0
9099_13187,7988.0
9100_1211,999999.0
9100_8432,5018.0
9100_13199,5018.0
9101_1219,999999.0
9101_7326,5018.0
9101_13212,5018.0
9102_1221,999999.0
9102_7327,5018.0
9102_8443,5018.0
9103_1219,999999.0
9103_7331,15975.0
9103_8442,15975.0
9104_5914,32415.0
9104_9105,999999.0
9105_9104,999999.0
9105_11629,32415.0
9106_9107,999999.0
9106_12399,32415.0
9107_9106,999999.0
9107_11604,32415.0
9108_9109,999999.0
9108_11604,32415.0
9109_8653,50580.0
9109_9108,999999.0
9110_2112,4358.0
9110_2138,15975.0
9110_8990,14055.0
9111_2136,5018.0
9111_2148,5018.0
9111_11944,4515.0
9112_2147,5018.0
9112_8983,5018.0
9112_9113,4515.0
9112_11945,4515.0
9113_9112,4515.0
9113_9114,4515.0
9113_9117,4515.0
9114_2144,4515.0
9114_8984,4515.0
9114_9113,4515.0
9114_9119,4515.0
9115_2143,15975.0
9115_2157,15975.0
9115_8984,4515.0
9115_9116,4515.0
9116_1801,4515.0
9116_1802,15975.0
9116_9115,4515.0
9116_11946,15975.0
9117_2146,5018.0
9117_9113,4515.0
9117_9118,5018.0
9118_8981,5018.0
9118_9117,5018.0
9118_9119,5258.0
9119_2159,5258.0
9119_9114,4515.0
9119_9118,5258.0
9119_9120,5258.0
9120_2059,5258.0
9120_2158,18330.0
9120_8980,18330.0
9120_9119,5258.0
9121_2282,5018.0
9121_5156,5018.0
9121_9122,5018.0
9122_2289,15975.0
9122_9121,5018.0
9122_9123,15975.0
9123_2288,15975.0
9123_9122,15975.0
9123_9124,5018.0
9124_2288,7988.0
9124_9123,5018.0
9124_11892,7988.0
9124_11895,5018.0
9125_1611,5018.0
9125_8823,5018.0
9125_9126,5018.0
9125_12708,5018.0
9126_9125,5018.0
9126_9130,5018.0
9126_9132,5018.0
9127_3037,14580.0
9127_3038,14580.0
9127_12701,5018.0
9128_2311,5018.0
9128_3032,7988.0
9128_8881,7988.0
9128_12701,5018.0
9129_2311,5018.0
9129_2655,4358.0
9129_8863,5018.0
9130_2642,5258.0
9130_8816,4515.0
9130_9126,5018.0
9130_12640,5018.0
9131_2642,6240.0
9131_11911,5018.0
9131_12640,5018.0
9132_2644,6240.0
9132_8819,6240.0
9132_9126,5018.0
9133_2713,18330.0
9133_8795,15975.0
9133_10368,4515.0
9134_2425,4515.0
9134_2433,5018.0
9134_11846,5018.0
9135_8759,15975.0
9135_9136,4515.0
9135_11898,15975.0
9136_8757,6240.0
9136_8760,5018.0
9136_9135,4515.0
9136_11899,4515.0
9137_8768,9165.0
9137_11897,7988.0
9137_11899,4515.0
9138_2676,6240.0
9138_8766,6240.0
9138_11900,4515.0
9139_5563,4358.0
9139_5564,14055.0
9139_6531,14055.0
9140_2883,7028.0
9140_5391,4050.0
9140_5446,7028.0
9141_5445,7028.0
9141_5446,7028.0
9141_6473,4050.0
9142_5404,999999.0
9142_5441,4358.0
9142_6471,7028.0
9143_5480,4358.0
9143_5482,4358.0
9143_5483,4358.0
9143_6484,4358.0
9144_5376,14055.0
9144_5387,7028.0
9144_6455,7028.0
9144_9145,14055.0
9145_5087,8715.0
9145_5388,8715.0
9145_9144,14055.0
9145_9146,14055.0
9146_5388,7028.0
9146_5434,7028.0
9146_9145,14055.0
9147_2488,5018.0
9147_9148,5018.0
9147_12895,4515.0
9148_2486,5018.0
9148_5620,7988.0
9148_9147,5018.0
9149_6676,24930.0
9149_8693,24930.0
9149_9150,5018.0
9150_6679,15975.0
9150_8694,15975.0
9150_9149,5018.0
9151_2851,34260.0
9151_3680,5018.0
9151_4458,34260.0
9151_4493,4515.0
9152_4896,4958.0
9152_6038,4958.0
9152_9153,5655.0
9153_4896,9915.0
9153_6057,9915.0
9153_9154,5655.0
9154_184,999999.0
9154_9155,8715.0
9155_4891,13590.0
9155_9156,8715.0
9156_3944,8715.0
9156_4888,14055.0
9156_4889,14055.0
9157_3564,7028.0
9157_7048,999999.0
9157_8238,7028.0
9158_5876,4358.0
9158_7062,4358.0
9158_8950,4050.0
9158_10561,4050.0
9159_5876,4358.0
9159_8327,21915.0
9159_9095,24930.0
9160_7093,4050.0
9160_7101,7028.0
9160_7102,7028.0
9161_7205,4515.0
9161_13098,4515.0
9161_13104,4515.0
9162_1195,999999.0
9162_13087,4515.0
9162_13092,4515.0
9163_9164,4515.0
9163_12019,4515.0
9163_12020,4515.0
9164_4193,999999.0
9164_7558,15975.0
9164_9163,4515.0
9164_9165,4515.0
9165_6630,5018.0
9165_9164,4515.0
9165_12018,5018.0
9166_8684,7988.0
9166_8687,7988.0
9166_12021,4515.0
9166_12027,4515.0
9167_6604,15975.0
9167_11061,4515.0
9167_13334,15975.0
9168_7245,7988.0
9168_12079,5018.0
9168_13143,7988.0
9169_6667,9165.0
9169_6669,7988.0
9169_9170,6240.0
9170_6667,6240.0
9170_6695,6240.0
9170_9169,6240.0
9170_9171,6240.0
9171_6666,6240.0
9171_6697,6240.0
9171_6701,5018.0
9171_9170,6240.0
9172_6705,9165.0
9172_6706,5258.0
9172_6710,9165.0
9173_6585,6240.0
9173_6605,6240.0
9173_10375,6240.0
9174_9185,71040.0
9175_5856,5018.0
9175_7902,10035.0
9175_12997,10035.0
9176_1386,999999.0
9176_7769,4515.0
9176_7833,4515.0
9177_6838,9165.0
9177_6840,9165.0
9177_8376,5258.0
9178_5848,4515.0
9178_7767,5018.0
9178_8286,5018.0
9179_5848,4515.0
9179_8287,5018.0
9179_11109,5018.0
9180_7805,4515.0
9180_7806,4515.0
9180_7817,4515.0
9181_9187,6240.0
9181_9191,6240.0
9181_11686,6240.0
9182_8009,71040.0
9183_8621,15975.0
9184_3315,15975.0
9185_7737,71040.0
9186_1704,7290.0
9186_9182,71040.0
9187_9181,6240.0
9187_9189,6240.0
9187_9199,32415.0
9187_12413,32415.0
9188_8576,5018.0
9189_5896,9165.0
9189_9187,6240.0
9189_11683,9165.0
9190_1392,999999.0
9190_11683,6240.0
9190_12412,6240.0
9191_1392,999999.0
9191_9181,6240.0
9191_11684,6240.0
9192_1392,999999.0
9192_4110,6240.0
9192_5895,6240.0
9193_9194,5258.0
9193_11683,6240.0
9193_11756,5258.0
9193_12411,5258.0
9194_8594,9165.0
9194_9193,5258.0
9194_11754,9165.0
9195_1391,999999.0
9195_11750,5258.0
9195_11753,5258.0
9196_1391,999999.0
9196_11751,9165.0
9196_11757,9165.0
9197_11752,9165.0
9197_11753,9165.0
9197_12406,5258.0
9198_1261,999999.0
9198_11739,5258.0
9198_12406,5258.0
9199_1697,32415.0
9199_9187,32415.0
9199_9220,9165.0
9199_11755,9165.0
9200_1391,999999.0
9200_12409,10515.0
9200_12410,10515.0
9201_1390,999999.0
9201_9202,6240.0
9201_11743,6240.0
9202_9201,6240.0
9202_9203,5258.0
9202_11738,6240.0
9202_11740,5258.0
9203_1390,999999.0
9203_9202,5258.0
9203_9204,5258.0
9204_9203,5258.0
9204_9205,5258.0
9205_1260,999999.0
9205_9204,5258.0
9205_11646,5258.0
9206_104,999999.0
9206_4558,15975.0
9206_5647,15975.0
9207_1705,4515.0
9207_9210,4515.0
9208_1390,999999.0
9208_11738,5258.0
9208_11739,5258.0
9209_1390,999999.0
9209_9263,6240.0
9209_11673,6240.0
9210_1700,15975.0
9210_9207,4515.0
9210_9211,4515.0
9211_9210,4515.0
9211_9212,4515.0
9212_2778,4515.0
9212_9211,4515.0
9213_9214,4733.0
9213_9215,5018.0
9213_12088,5018.0
9214_9213,4733.0
9214_13346,51728.0
9215_9213,5018.0
9215_9216,4733.0
9215_12087,5018.0
9216_9215,4733.0
9216_13351,71040.0
9217_7275,7988.0
9217_8455,7988.0
9217_8456,4515.0
9218_2382,4515.0
9218_9250,4515.0
9218_12070,5018.0
9218_13338,5018.0
9219_7298,6240.0
9219_8451,6240.0
9219_12132,6240.0
9220_1391,999999.0
9220_9199,9165.0
9220_11750,9165.0
9221_8452,7988.0
9221_12131,7988.0
9221_12132,5018.0
9221_13339,5018.0
9222_4129,5018.0
9222_7280,5018.0
9222_13339,5018.0
9223_7576,15975.0
9223_8452,7988.0
9223_13228,6240.0
9224_7298,6240.0
9224_7299,6240.0
9224_9225,6240.0
9225_7294,5258.0
9225_7296,999999.0
9225_9224,6240.0
9226_11614,6240.0
9226_12067,7988.0
9226_12071,7988.0
9227_7291,6240.0
9227_7292,6240.0
9227_9228,6240.0
9227_11614,6240.0
9228_7292,6240.0
9228_7310,6240.0
9228_9227,6240.0
9229_7315,4515.0
9229_12066,15975.0
9229_13167,15975.0
9230_7300,999999.0
9230_7306,6240.0
9230_9231,5258.0
9231_7305,6240.0
9231_7306,6240.0
9231_9230,5258.0
9231_9247,5258.0
9232_7323,5018.0
9232_12063,5018.0
9232_12064,7988.0
9233_7316,7988.0
9233_7319,5018.0
9233_8438,5018.0
9233_12064,7988.0
9234_5886,7988.0
9234_7317,7988.0
9234_9235,7988.0
9235_7314,15975.0
9235_7317,15975.0
9235_9234,7988.0
9235_9236,7988.0
9236_7316,7988.0
9236_9235,7988.0
9236_12059,4515.0
9236_13161,7988.0
9237_7333,7988.0
9237_9238,9165.0
9237_13161,7988.0
9237_13162,7988.0
9238_7334,15975.0
9238_8153,18330.0
9238_9237,9165.0
9239_10465,7028.0
9239_10531,7028.0
9239_10532,7028.0
9240_6575,999999.0
9240_9241,5258.0
9240_12060,18330.0
9241_7344,5258.0
9241_9240,5258.0
9241_13159,5258.0
9242_7336,5258.0
9242_7338,999999.0
9242_12061,6240.0
9243_9244,5018.0
9243_12063,10035.0
9243_13153,12480.0
9243_13154,5018.0
9244_7332,5018.0
9244_9243,5018.0
9244_12122,5018.0
9244_13209,5018.0
9245_12080,5018.0
9245_12121,5018.0
9245_12122,5018.0
9245_13208,5018.0
9246_8172,15975.0
9246_8349,7988.0
9246_13145,4515.0
9246_13205,5018.0
9247_7304,12480.0
9247_8457,12480.0
9247_9231,5258.0
9247_9248,5258.0
9248_7304,6240.0
9248_9247,5258.0
9248_9249,5258.0
9248_11628,6240.0
9249_1639,12480.0
9249_9248,5258.0
9249_11628,12480.0
9250_7570,9165.0
9250_7571,9165.0
9250_9218,4515.0
9251_7290,7988.0
9251_7318,7988.0
9251_8459,7988.0
9252_1392,999999.0
9252_11682,9165.0
9252_11756,9165.0
9253_1389,999999.0
9253_7494,6240.0
9253_11667,6240.0
9254_1389,999999.0
9254_7493,18330.0
9254_11666,18330.0
9255_1389,999999.0
9255_7494,6240.0
9255_11679,6240.0
9256_108,999999.0
9256_4557,24930.0
9256_5733,24930.0
9257_7739,7290.0
9258_102,999999.0
9258_2915,15975.0
9258_4556,15975.0
9259_5883,6240.0
9259_10335,6240.0
9259_11583,5258.0
9260_1389,999999.0
9260_11678,6240.0
9260_11679,6240.0
9261_1388,999999.0
9261_11671,5258.0
9261_11672,5258.0
9262_1388,999999.0
9262_9263,5258.0
9262_12400,5258.0
9263_9209,6240.0
9263_9262,5258.0
9263_11648,6240.0
9264_1260,999999.0
9264_11649,18330.0
9264_11650,18330.0
9265_1259,999999.0
9265_11667,7988.0
9265_11679,7988.0
9266_1259,999999.0
9266_11658,5018.0
9266_11662,5018.0
9267_1387,999999.0
9267_11668,5018.0
9267_11677,5018.0
9268_1387,999999.0
9268_11670,4515.0
9268_11671,4515.0
9269_1439,999999.0
9269_7238,9165.0
9270_669,999999.0
9270_8606,5258.0
9270_11017,5258.0
9271_10027,4515.0
9271_12513,4515.0
9271_12514,4515.0
9272_3680,10035.0
9272_3682,15975.0
9272_4419,10035.0
9272_4437,15975.0
9273_2439,5018.0
9273_11538,7988.0
9273_13322,7988.0
9274_2551,9165.0
9274_9622,5258.0
9274_13322,15975.0
9275_962,999999.0
9275_5786,7988.0
9275_9276,7988.0
9276_9275,7988.0
9276_9277,7988.0
9276_9279,7988.0
9277_9276,7988.0
9277_9278,7988.0
9277_9619,7988.0
9277_9620,7988.0
9278_9277,7988.0
9278_9279,7988.0
9278_9281,7988.0
9278_9285,5018.0
9279_9276,7988.0
9279_9278,7988.0
9279_9280,7988.0
9280_962,999999.0
9280_9279,7988.0
9280_11538,7988.0
9281_962,999999.0
9281_9278,7988.0
9281_9282,7988.0
9282_9281,7988.0
9282_9283,5018.0
9282_12865,9165.0
9283_1350,999999.0
9283_9282,5018.0
9283_9312,6240.0
9284_961,999999.0
9284_9618,6240.0
9284_9657,6240.0
9285_9278,5018.0
9285_9618,15975.0
9285_9619,15975.0
9286_2063,5018.0
9286_11958,5018.0
9287_1297,999999.0
9287_3346,6240.0
9287_12875,9165.0
9288_9290,9165.0
9288_11849,7988.0
9288_12873,6240.0
9289_5788,6240.0
9289_12873,6240.0
9289_12874,5258.0
9290_959,999999.0
9290_9288,9165.0
9290_9293,9165.0
9291_9293,5018.0
9291_11523,7988.0
9291_12861,5018.0
9292_958,999999.0
9292_9293,5018.0
9292_9294,5018.0
9293_9290,9165.0
9293_9291,5018.0
9293_9292,5018.0
9293_11055,6240.0
9294_9292,5018.0
9294_11526,5018.0
9294_11527,5018.0
9294_12142,6240.0
9295_9296,6240.0
9295_10371,6240.0
9295_12142,6240.0
9296_1349,999999.0
9296_9295,6240.0
9296_9297,5018.0
9297_3100,5018.0
9297_5792,5018.0
9297_7981,5018.0
9297_9296,5018.0
9298_5792,5018.0
9298_9299,4515.0
9298_11042,5018.0
9298_11838,4515.0
9299_911,999999.0
9299_2416,4515.0
9299_9298,4515.0
9300_5794,15975.0
9300_10370,4515.0
9300_11043,15975.0
9301_11042,5018.0
9301_11043,15975.0
9301_11044,5018.0
9301_11837,15975.0
9302_1295,999999.0
9302_9377,18330.0
9302_11837,15975.0
9303_1295,999999.0
9303_9663,6240.0
9303_12355,6240.0
9304_5796,4515.0
9304_10370,15975.0
9304_11045,15975.0
9305_1290,999999.0
9305_10368,15975.0
9305_11045,15975.0
9306_2713,18330.0
9306_9307,18330.0
9306_9308,6240.0
9306_11049,18330.0
9307_915,999999.0
9307_9306,18330.0
9307_11835,15975.0
9308_915,999999.0
9308_9306,6240.0
9308_9590,6240.0
9309_9310,6240.0
9309_9654,6240.0
9309_12356,5258.0
9310_9309,6240.0
9310_9312,6240.0
9310_11857,5258.0
9311_963,999999.0
9311_9654,5258.0
9311_9655,5258.0
9312_9283,6240.0
9312_9310,6240.0
9312_11535,5258.0
9313_2555,9165.0
9313_9314,6240.0
9313_9315,6240.0
9313_9654,6240.0
9314_2554,6240.0
9314_8464,6240.0
9314_9313,6240.0
9314_9625,6240.0
9315_9313,6240.0
9315_9316,6240.0
9315_9625,6240.0
9316_9315,6240.0
9316_9317,6240.0
9316_9318,5258.0
9317_963,999999.0
9317_9316,6240.0
9317_9658,6240.0
9318_9316,5258.0
9318_9319,5258.0
9318_12844,5258.0
9319_5784,5258.0
9319_9318,5258.0
9319_9655,5258.0
9320_9322,5258.0
9320_9655,5258.0
9320_11535,5258.0
9320_11536,5258.0
9321_961,999999.0
9321_9322,9165.0
9321_9617,9165.0
9322_9320,5258.0
9322_9321,9165.0
9322_9656,9165.0
9323_960,999999.0
9323_9326,9165.0
9323_9656,9165.0
9324_960,999999.0
9324_9370,6240.0
9324_11845,6240.0
9325_9326,6240.0
9325_9370,6240.0
9325_9664,5258.0
9326_9323,9165.0
9326_9325,6240.0
9326_9327,6240.0
9326_9661,9165.0
9327_5784,5258.0
9327_9326,6240.0
9327_9659,6240.0
9327_9661,5258.0
9328_9329,5018.0
9328_12846,6240.0
9328_12847,6240.0
9329_948,999999.0
9329_9328,5018.0
9329_9330,5018.0
9330_8466,7988.0
9330_9329,5018.0
9330_9334,5018.0
9330_9335,7988.0
9331_948,999999.0
9331_9334,7988.0
9331_9336,7988.0
9332_947,999999.0
9332_12846,5258.0
9332_12848,5258.0
9333_9336,9165.0
9333_9339,9165.0
9333_12836,5258.0
9334_9330,5018.0
9334_9331,7988.0
9334_9623,7988.0
9335_948,999999.0
9335_9330,7988.0
9335_12849,7988.0
9336_9331,7988.0
9336_9333,9165.0
9336_12849,7988.0
9337_9338,6240.0
9337_9440,6240.0
9337_9653,5258.0
9337_12805,6240.0
9338_947,999999.0
9338_9337,6240.0
9338_9341,6240.0
9339_9333,9165.0
9339_9340,6240.0
9339_9347,9165.0
9339_12836,5258.0
9340_947,999999.0
9340_9339,6240.0
9340_9341,6240.0
9341_9338,6240.0
9341_9340,6240.0
9341_12837,5258.0
9341_12838,6240.0
9342_9343,6240.0
9342_12805,6240.0
9342_12837,5258.0
9343_9342,6240.0
9343_9645,6240.0
9343_12841,6240.0
9344_9439,9165.0
9344_9445,6240.0
9344_9652,9165.0
9344_12830,6240.0
9345_949,999999.0
9345_9346,9165.0
9345_9672,9165.0
9346_9345,9165.0
9346_9355,6240.0
9346_12354,9165.0
9346_12841,6240.0
9347_9339,9165.0
9347_9348,9165.0
9347_12839,6240.0
9348_950,999999.0
9348_9347,9165.0
9348_9349,9165.0
9349_9348,9165.0
9349_9351,9165.0
9349_9352,18330.0
9350_1132,999999.0
9350_7057,4515.0
9350_9353,4515.0
9351_9349,9165.0
9351_9352,9165.0
9351_9354,9165.0
9351_12354,9165.0
9352_9349,18330.0
9352_9351,9165.0
9352_9366,9165.0
9352_9667,18330.0
9353_9350,4515.0
9353_9436,4515.0
9353_11474,4515.0
9354_9351,9165.0
9354_9356,9165.0
9354_12843,5258.0
9355_9346,6240.0
9355_9356,6240.0
9355_12842,5258.0
9355_12843,5258.0
9356_9354,9165.0
9356_9355,6240.0
9356_9357,7988.0
9357_9356,7988.0
9357_9358,7988.0
9357_9359,7988.0
9357_11826,4515.0
9358_9357,7988.0
9358_9360,7988.0
9358_9384,33150.0
9359_955,999999.0
9359_9357,7988.0
9359_11520,7988.0
9360_955,999999.0
9360_9358,7988.0
9360_9361,7988.0
9361_9360,7988.0
9361_9413,14055.0
9362_951,999999.0
9362_9669,5258.0
9362_11828,4515.0
9363_951,999999.0
9363_9364,18330.0
9363_9667,18330.0
9364_9363,18330.0
9364_9374,18330.0
9364_9668,6240.0
9364_9669,5258.0
9365_950,999999.0
9365_9366,5258.0
9365_12836,5258.0
9366_9352,9165.0
9366_9365,5258.0
9366_9367,9165.0
9366_9665,5258.0
9367_9366,9165.0
9367_9368,9165.0
9367_12835,5258.0
9368_9367,9165.0
9368_9369,5258.0
9368_9659,5258.0
9368_9661,9165.0
9369_960,999999.0
9369_9368,5258.0
9369_9664,5258.0
9370_9324,6240.0
9370_9325,6240.0
9370_9371,6240.0
9370_11530,6240.0
9371_9370,6240.0
9371_9664,5258.0
9371_12832,6240.0
9372_950,999999.0
9372_9373,6240.0
9372_9375,6240.0
9373_9372,6240.0
9373_9665,5258.0
9373_9668,6240.0
9374_9364,18330.0
9374_9669,5258.0
9374_11054,18330.0
9375_9372,6240.0
9375_9376,5258.0
9375_12831,6240.0
9376_1295,999999.0
9376_9375,5258.0
9376_12355,5258.0
9377_9302,18330.0
9377_11053,6240.0
9377_11054,18330.0
9377_12355,6240.0
9378_957,999999.0
9378_5783,5258.0
9378_11053,5258.0
9379_5783,6240.0
9379_9380,6240.0
9379_9381,18330.0
9379_11835,15975.0
9380_915,999999.0
9380_9379,6240.0
9380_11830,5018.0
9381_9379,18330.0
9381_10116,5258.0
9381_11053,6240.0
9381_11831,15975.0
9382_9599,18330.0
9382_9670,18330.0
9383_9615,18330.0
9383_11827,15975.0
9384_9358,33150.0
9384_9410,14055.0
9384_9600,32415.0
9384_11827,15975.0
9385_952,999999.0
9385_10119,6240.0
9385_11829,5018.0
9386_9387,6240.0
9386_9388,6240.0
9386_10116,6240.0
9386_11830,5018.0
9387_916,999999.0
9387_8627,5018.0
9387_9386,6240.0
9388_916,999999.0
9388_9386,6240.0
9388_9590,6240.0
9389_916,999999.0
9389_10275,6240.0
9389_11825,5018.0
9390_918,999999.0
9390_10276,9165.0
9390_11052,7988.0
9391_10278,5258.0
9391_12349,5258.0
9392_917,999999.0
9392_9395,4515.0
9392_10278,4515.0
9393_917,999999.0
9393_9394,5018.0
9393_9425,5018.0
9394_9393,5018.0
9394_9395,5018.0
9394_12826,6240.0
9395_9392,4515.0
9395_9394,5018.0
9395_9398,5018.0
9396_9397,7988.0
9396_9398,7988.0
9396_10463,6240.0
9397_917,999999.0
9397_9396,7988.0
9397_11052,7988.0
9398_9395,5018.0
9398_9396,7988.0
9398_9399,7988.0
9399_917,999999.0
9399_9398,7988.0
9399_9401,7988.0
9400_956,999999.0
9400_9401,5018.0
9400_11824,5018.0
9401_9399,7988.0
9401_9400,5018.0
9401_10120,7988.0
9402_956,999999.0
9402_9403,7988.0
9402_10120,7988.0
9403_9402,7988.0
9403_9405,5258.0
9403_11521,7988.0
9404_9473,14055.0
9404_9601,999999.0
9404_9612,18330.0
9404_10421,16770.0
9405_9403,5258.0
9405_9406,4515.0
9405_9626,5258.0
9406_1294,999999.0
9406_9405,4515.0
9406_9627,5258.0
9407_953,999999.0
9407_9473,4050.0
9407_9627,4515.0
9408_9473,4050.0
9408_9558,4050.0
9408_11829,4358.0
9409_9411,14055.0
9409_9412,7028.0
9409_9558,999999.0
9410_9384,14055.0
9410_9411,7028.0
9410_11828,4515.0
9411_9361,14055.0
9411_9410,7028.0
9411_9413,7028.0
9412_954,999999.0
9412_9409,7028.0
9412_9414,7028.0
9413_9409,14055.0
9413_9411,7028.0
9413_9414,7028.0
9414_9412,7028.0
9414_9413,7028.0
9414_9415,7028.0
9415_954,999999.0
9415_9414,7028.0
9415_9613,7028.0
9416_953,999999.0
9416_9417,7988.0
9416_9613,7988.0
9417_9416,7988.0
9417_9418,4515.0
9417_9419,15975.0
9418_953,999999.0
9418_9417,4515.0
9418_9421,4515.0
9419_9417,15975.0
9419_9605,15975.0
9419_9616,999999.0
9419_12353,7988.0
9420_9422,7988.0
9420_9608,7988.0
9420_11509,5258.0
9421_9418,4515.0
9421_9614,4515.0
9421_11509,5258.0
9422_9420,7988.0
9422_9649,4515.0
9422_11287,5018.0
9422_12828,9165.0
9423_9648,9165.0
9423_12825,5258.0
9423_12828,9165.0
9424_919,999999.0
9424_12351,5258.0
9424_12352,5258.0
9425_9393,5018.0
9425_10464,6240.0
9425_12350,5258.0
9425_12827,5258.0
9426_9427,6240.0
9426_9428,6240.0
9426_10464,6240.0
9427_9426,6240.0
9427_9429,6240.0
9427_12824,6240.0
9428_9426,6240.0
9428_9480,5258.0
9428_10130,6240.0
9429_9427,6240.0
9429_9477,6240.0
9429_12817,5258.0
9430_921,999999.0
9430_9432,5018.0
9430_12823,6240.0
9431_921,999999.0
9431_12815,5258.0
9431_12822,5258.0
9432_945,999999.0
9432_9430,5018.0
9432_9433,5018.0
9433_9432,5018.0
9433_9434,7988.0
9433_9453,4515.0
9433_9648,7988.0
9434_945,999999.0
9434_9433,7988.0
9434_11816,9165.0
9435_9454,6240.0
9435_11816,9165.0
9435_12798,9165.0
9435_12800,6240.0
9436_1133,999999.0
9436_9353,4515.0
9436_10459,4515.0
9437_9607,9165.0
9437_9649,999999.0
9438_946,999999.0
9438_9649,18330.0
9438_12829,18330.0
9439_9344,9165.0
9439_9650,9165.0
9439_12829,5258.0
9440_8468,5258.0
9440_9337,6240.0
9440_9442,6240.0
9440_9653,6240.0
9441_946,999999.0
9441_9445,6240.0
9441_9643,6240.0
9442_9440,6240.0
9442_9646,6240.0
9442_12804,5258.0
9443_943,999999.0
9443_9444,6240.0
9443_9446,6240.0
9444_9443,6240.0
9444_9449,5258.0
9444_9589,6240.0
9445_9344,6240.0
9445_9441,6240.0
9445_9644,6240.0
9445_9647,6240.0
9446_9443,6240.0
9446_9646,6240.0
9446_9647,6240.0
9447_943,999999.0
9447_9639,5258.0
9447_12753,5258.0
9448_943,999999.0
9448_9589,5258.0
9448_9640,5258.0
9449_943,999999.0
9449_9444,5258.0
9449_9641,5258.0
9450_9451,6240.0
9450_9641,5258.0
9450_9643,6240.0
9451_9450,6240.0
9451_9452,9165.0
9451_9637,5258.0
9451_9650,9165.0
9452_9451,9165.0
9452_9598,9165.0
9452_9637,9165.0
9453_9433,4515.0
9453_9454,5258.0
9453_9633,5258.0
9454_9435,6240.0
9454_9453,5258.0
9454_9631,6240.0
9454_12795,5258.0
9455_9456,5258.0
9455_9631,5258.0
9455_9632,5258.0
9456_9455,5258.0
9456_9638,5258.0
9456_12793,5258.0
9457_937,999999.0
9457_9580,6240.0
9457_12791,6240.0
9458_937,999999.0
9458_9459,6240.0
9458_12768,6240.0
9459_9458,6240.0
9459_9460,6240.0
9459_9461,4515.0
9460_9459,6240.0
9460_9630,6240.0
9460_12791,6240.0
9461_9459,4515.0
9461_9542,4515.0
9461_11819,5258.0
9461_12773,5258.0
9462_9463,7988.0
9462_11819,5258.0
9462_13026,9165.0
9463_9462,7988.0
9463_12774,9165.0
9463_12776,5258.0
9464_9465,9165.0
9464_9630,6240.0
9464_12774,9165.0
9465_923,999999.0
9465_9464,9165.0
9465_12781,9165.0
9466_2374,6240.0
9466_9467,9165.0
9466_12781,9165.0
9466_12789,5258.0
9467_9466,9165.0
9467_9468,5258.0
9467_12790,5258.0
9467_12796,9165.0
9468_923,999999.0
9468_9467,5258.0
9468_12786,5258.0
9469_2374,5018.0
9469_12784,5018.0
9469_12786,4515.0
9470_9496,4515.0
9470_12786,4515.0
9470_12810,4515.0
9471_9472,5018.0
9471_12811,4515.0
9471_12813,5018.0
9472_9471,5018.0
9472_9487,5018.0
9472_10140,4515.0
9473_9404,14055.0
9473_9407,4050.0
9473_9408,4050.0
9473_9558,14055.0
9474_922,999999.0
9474_9475,5018.0
9474_12813,6240.0
9475_9474,5018.0
9475_9476,5018.0
9475_9478,5018.0
9476_9475,5018.0
9476_9477,5018.0
9476_12816,6240.0
9477_922,999999.0
9477_9429,6240.0
9477_9476,5018.0
9478_922,999999.0
9478_9475,5018.0
9478_9479,5018.0
9479_9478,5018.0
9479_9483,5258.0
9479_12818,5258.0
9479_12820,6240.0
9480_920,999999.0
9480_9428,5258.0
9480_12818,5258.0
9481_5831,9165.0
9481_9482,10035.0
9481_10283,7988.0
9481_12820,6240.0
9482_9481,10035.0
9482_10284,10035.0
9482_10295,33150.0
9482_12345,32415.0
9483_920,999999.0
9483_5830,5258.0
9483_9479,5258.0
9484_5831,5258.0
9484_9499,33150.0
9484_12343,5258.0
9484_12344,32415.0
9485_5831,9165.0
9485_9486,7988.0
9486_5830,4515.0
9486_9485,7988.0
9486_9487,5018.0
9486_9489,7988.0
9487_925,999999.0
9487_9472,5018.0
9487_9486,5018.0
9488_925,999999.0
9488_9489,9030.0
9488_11815,9030.0
9489_9486,15975.0
9489_9488,9030.0
9489_9490,7988.0
9490_9489,15975.0
9490_9491,5018.0
9490_9493,7988.0
9491_9490,5018.0
9491_9492,5018.0
9491_10502,4515.0
9492_9491,5018.0
9492_9494,5018.0
9492_9499,10035.0
9493_925,999999.0
9493_9490,7988.0
9493_9494,7988.0
9494_9492,5018.0
9494_9493,7988.0
9494_12809,7988.0
9495_9500,5018.0
9495_9513,7988.0
9495_12783,5018.0
9495_12809,7988.0
9496_9470,4515.0
9496_9592,4515.0
9496_10140,9030.0
9497_9498,5018.0
9497_12783,5018.0
9497_12785,4515.0
9498_924,999999.0
9498_9497,5018.0
9498_12784,5018.0
9499_2401,32415.0
9499_9484,33150.0
9499_9492,10035.0
9499_9500,12480.0
9500_9495,5018.0
9500_9499,12480.0
9500_9501,6240.0
9500_12806,6240.0
9501_927,999999.0
9501_9500,6240.0
9501_9502,6240.0
9502_9501,6240.0
9502_10291,6240.0
9502_12807,5258.0
9503_927,999999.0
9503_10139,5258.0
9503_10502,5258.0
9504_927,999999.0
9504_9505,5258.0
9504_12807,5258.0
9505_9504,5258.0
9505_9506,6240.0
9505_10292,6240.0
9506_9505,6240.0
9506_9507,4515.0
9506_9509,5018.0
9507_9506,4515.0
9507_9508,5258.0
9507_10294,5258.0
9508_928,999999.0
9508_9507,5258.0
9508_12764,5258.0
9509_9506,5018.0
9509_9510,4515.0
9509_9511,5018.0
9509_12764,5258.0
9510_930,999999.0
9510_9509,9030.0
9510_9550,4515.0
9511_930,999999.0
9511_9509,5018.0
9511_9512,5018.0
9512_9511,5018.0
9512_9515,6240.0
9512_12775,6240.0
9513_9495,7988.0
9513_9514,9165.0
9513_12779,5258.0
9513_12780,5258.0
9514_2401,32415.0
9514_9513,9165.0
9514_9515,18330.0
9515_9512,6240.0
9515_9514,18330.0
9515_9516,18330.0
9515_13025,6240.0
9516_931,999999.0
9516_9515,18330.0
9516_9529,15975.0
9517_9518,6240.0
9517_9526,9030.0
9517_13025,5258.0
9518_931,999999.0
9518_9517,6240.0
9518_9519,5018.0
9519_9518,5018.0
9519_9520,4515.0
9519_9523,5018.0
9520_9519,4515.0
9520_9521,7988.0
9520_13026,7988.0
9521_933,999999.0
9521_9520,7988.0
9521_9522,7988.0
9522_9521,7988.0
9522_9524,5018.0
9522_9538,15975.0
9522_9539,5018.0
9523_933,999999.0
9523_9519,5018.0
9523_9524,5018.0
9524_9522,5018.0
9524_9523,5018.0
9524_9525,4515.0
9525_934,999999.0
9525_9524,4515.0
9525_9527,4515.0
9526_9517,4515.0
9526_9527,9030.0
9526_9529,4515.0
9527_9525,4515.0
9527_9526,4515.0
9527_9528,9030.0
9527_9530,4515.0
9528_935,999999.0
9528_9527,4515.0
9528_9533,9030.0
9529_9516,15975.0
9529_9526,4515.0
9529_9530,15975.0
9529_12775,6240.0
9530_9527,4515.0
9530_9529,15975.0
9530_9594,15975.0
9531_1672,15975.0
9531_9533,7988.0
9531_9594,15975.0
9531_13023,18330.0
9532_9533,9030.0
9532_9536,4515.0
9532_13022,5258.0
9533_9528,4515.0
9533_9531,7988.0
9533_9532,4515.0
9533_9534,7988.0
9534_935,999999.0
9534_9533,7988.0
9534_9535,7988.0
9535_934,999999.0
9535_9534,7988.0
9535_9538,15975.0
9536_934,999999.0
9536_9532,4515.0
9536_9539,4515.0
9537_933,999999.0
9537_9539,5018.0
9537_13027,5018.0
9538_9522,15975.0
9538_9535,15975.0
9539_9522,5018.0
9539_9536,4515.0
9539_9537,5018.0
9540_932,999999.0
9540_9541,6240.0
9540_13027,6240.0
9541_936,999999.0
9541_9540,6240.0
9541_9542,5018.0
9542_9461,4515.0
9542_9541,5018.0
9542_9543,5018.0
9543_9542,5018.0
9543_9544,4515.0
9543_12767,5018.0
9544_9543,4515.0
9544_9545,4515.0
9544_9546,4515.0
9545_936,999999.0
9545_9544,4515.0
9545_12766,4515.0
9546_9544,4515.0
9546_9547,5258.0
9546_9560,5258.0
9546_12766,4515.0
9547_932,999999.0
9547_9546,5258.0
9547_13022,5258.0
9548_932,999999.0
9548_9560,18330.0
9548_13023,18330.0
9549_929,999999.0
9549_9551,9165.0
9549_13024,9165.0
9550_9510,4515.0
9550_9551,5258.0
9550_12763,5258.0
9550_12764,4515.0
9551_1630,9165.0
9551_9549,9165.0
9551_9550,5258.0
9551_9556,5258.0
9552_1630,4500.0
9552_8669,32415.0
9552_10293,33150.0
9553_1630,18330.0
9553_9554,6240.0
9553_9555,5258.0
9553_12761,5258.0
9554_928,999999.0
9554_9553,6240.0
9554_12758,6240.0
9555_9553,5258.0
9555_9557,5258.0
9555_12759,5258.0
9556_929,999999.0
9556_9551,5258.0
9556_9557,5258.0
9557_1670,5258.0
9557_9555,5258.0
9557_9556,5258.0
9557_12765,5258.0
9558_9408,4050.0
9558_9409,999999.0
9558_9473,14055.0
9559_1672,5258.0
9559_9628,5258.0
9559_12765,5258.0
9560_8624,18330.0
9560_9546,5258.0
9560_9548,18330.0
9560_9628,5258.0
9561_1674,5258.0
9561_1676,5258.0
9561_9562,5258.0
9561_12766,5258.0
9562_9561,5258.0
9562_9564,6240.0
9562_12767,6240.0
9563_938,999999.0
9563_9564,6240.0
9563_12768,6240.0
9564_9562,6240.0
9564_9563,6240.0
9564_9565,6240.0
9565_9564,6240.0
9565_9566,6240.0
9565_12741,5258.0
9566_9565,6240.0
9566_9567,6240.0
9566_9568,6240.0
9567_8625,6240.0
9567_9566,6240.0
9567_9568,6240.0
9568_9566,6240.0
9568_9567,6240.0
9568_9569,6240.0
9569_9568,6240.0
9569_12743,6240.0
9569_12744,6240.0
9570_939,999999.0
9570_9572,6240.0
9570_12744,6240.0
9571_940,999999.0
9571_1677,5258.0
9571_8626,9165.0
9571_9572,9165.0
9572_9570,6240.0
9572_9571,9165.0
9572_9573,9165.0
9573_9572,9165.0
9573_12746,5258.0
9573_12748,9165.0
9574_9575,9165.0
9574_12748,9165.0
9574_12749,6240.0
9575_9574,9165.0
9575_9576,5258.0
9575_9579,9165.0
9575_12750,5258.0
9576_9575,5258.0
9576_9577,6240.0
9576_12747,6240.0
9577_941,999999.0
9577_9576,6240.0
9577_9580,6240.0
9578_941,999999.0
9578_9579,9165.0
9578_9595,9165.0
9579_9575,9165.0
9579_9578,9165.0
9579_9587,6240.0
9580_9457,6240.0
9580_9577,6240.0
9580_9595,6240.0
9581_942,999999.0
9581_9587,6240.0
9581_12751,6240.0
9582_942,999999.0
9582_9583,6240.0
9582_12749,6240.0
9583_9582,6240.0
9583_9584,6240.0
9583_12751,6240.0
9584_8472,5258.0
9584_9583,6240.0
9584_9585,6240.0
9585_942,999999.0
9585_9584,6240.0
9585_9586,6240.0
9586_8470,6240.0
9586_9585,6240.0
9586_9588,6240.0
9587_941,999999.0
9587_9579,6240.0
9587_9581,6240.0
9588_9586,6240.0
9588_9589,6240.0
9588_12753,5258.0
9589_9444,6240.0
9589_9448,5258.0
9589_9588,6240.0
9590_9308,6240.0
9590_9388,6240.0
9590_10274,6240.0
9591_5790,4515.0
9591_8235,4515.0
9591_9094,4515.0
9592_924,999999.0
9592_9496,4515.0
9592_12785,4515.0
9593_926,999999.0
9593_10289,5018.0
9593_12343,4515.0
9594_935,999999.0
9594_9530,15975.0
9594_9531,15975.0
9595_9578,9165.0
9595_9580,6240.0
9595_9638,9165.0
9596_9597,9165.0
9596_9632,5258.0
9596_9638,9165.0
9596_9639,5258.0
9597_9596,9165.0
9597_9598,9165.0
9597_9621,5258.0
9598_9452,9165.0
9598_9597,9165.0
9598_9631,6240.0
9599_9383,18330.0
9599_9600,32415.0
9600_9384,32415.0
9600_9615,32415.0
9600_10421,999999.0
9601_9404,999999.0
9601_9603,33480.0
9602_9603,4733.0
9602_9611,7988.0
9602_9629,7988.0
9603_9602,4733.0
9603_9604,33150.0
9604_9605,4733.0
9604_9606,32415.0
9605_9419,15975.0
9605_9608,15975.0
9606_9437,9165.0
9607_9609,32415.0
9607_9616,7988.0
9608_9420,7988.0
9608_9605,15975.0
9608_9609,4733.0
9609_9610,33150.0
9610_9601,33480.0
9610_9611,4733.0
9611_9602,7988.0
9611_9610,4733.0
9611_9614,7988.0
9612_952,999999.0
9612_9404,18330.0
9612_11822,7988.0
9613_9415,7028.0
9613_9416,7988.0
9613_9629,7988.0
9614_9421,4515.0
9614_9611,7988.0
9614_9627,4515.0
9615_9382,18330.0
9616_9419,999999.0
9616_9606,7988.0
9617_9321,9165.0
9617_9618,15975.0
9617_12865,9165.0
9618_9284,6240.0
9618_9285,15975.0
9618_9617,15975.0
9619_9277,7988.0
9619_9285,15975.0
9619_9620,15975.0
9619_11762,7988.0
9620_2458,15975.0
9620_9277,7988.0
9620_9619,15975.0
9620_11761,7988.0
9621_9597,5258.0
9621_9639,5258.0
9621_9640,5258.0
9622_2594,5258.0
9622_9274,5258.0
9622_12867,5258.0
9623_8560,33150.0
9623_9334,7988.0
9623_9653,5018.0
9624_866,999999.0
9624_10044,4050.0
9624_10045,4050.0
9625_963,999999.0
9625_9314,6240.0
9625_9315,6240.0
9626_9405,5258.0
9626_11287,5018.0
9626_12352,6240.0
9627_9406,5258.0
9627_9407,4515.0
9627_9614,4515.0
9628_1671,5258.0
9628_9559,5258.0
9628_9560,5258.0
9629_953,999999.0
9629_9602,7988.0
9629_9613,7988.0
9630_9460,6240.0
9630_9464,6240.0
9630_12773,5258.0
9631_9454,6240.0
9631_9455,5258.0
9631_9598,6240.0
9631_9633,5258.0
9632_944,999999.0
9632_9455,5258.0
9632_9596,5258.0
9633_9453,5258.0
9633_9631,5258.0
9633_9634,5258.0
9633_9635,5258.0
9634_944,999999.0
9634_9633,5258.0
9634_9637,5258.0
9635_9633,5258.0
9635_9636,9165.0
9635_9637,9165.0
9636_9635,9165.0
9636_9650,5258.0
9636_11820,5258.0
9636_12829,18330.0
9637_9451,5258.0
9637_9452,9165.0
9637_9634,5258.0
9637_9635,9165.0
9638_9456,5258.0
9638_9595,9165.0
9638_9596,9165.0
9638_9639,5258.0
9639_9447,5258.0
9639_9596,5258.0
9639_9621,5258.0
9639_9638,5258.0
9640_9448,5258.0
9640_9621,5258.0
9640_9641,5258.0
9641_9449,5258.0
9641_9450,5258.0
9641_9640,5258.0
9641_9642,5258.0
9642_9641,5258.0
9642_12801,5258.0
9642_12803,5258.0
9643_9441,6240.0
9643_9450,6240.0
9643_9650,5258.0
9643_12801,5258.0
9644_9445,6240.0
9644_9645,5258.0
9644_9652,5258.0
9645_9343,6240.0
9645_9644,5258.0
9645_9646,5258.0
9646_9442,6240.0
9646_9446,6240.0
9646_9645,5258.0
9647_9445,6240.0
9647_9446,6240.0
9647_12803,5258.0
9648_9423,9165.0
9648_9433,7988.0
9648_11817,5258.0
9648_11820,5258.0
9649_9422,4515.0
9649_9437,999999.0
9649_9438,18330.0
9649_12830,6240.0
9650_9439,9165.0
9650_9451,9165.0
9650_9636,5258.0
9650_9643,5258.0
9651_3056,33150.0
9651_10112,32415.0
9652_9344,9165.0
9652_9644,5258.0
9652_9672,9165.0
9653_9337,5258.0
9653_9440,6240.0
9653_9623,5018.0
9654_9309,6240.0
9654_9311,5258.0
9654_9313,6240.0
9655_9311,5258.0
9655_9319,5258.0
9655_9320,5258.0
9655_9656,5258.0
9656_9322,9165.0
9656_9323,9165.0
9656_9655,5258.0
9656_9657,5258.0
9657_9284,6240.0
9657_9656,5258.0
9657_11845,6240.0
9657_12864,5258.0
9658_9317,6240.0
9658_12845,5258.0
9658_12847,6240.0
9659_9327,6240.0
9659_9368,5258.0
9659_12845,5258.0
9659_12846,6240.0
9660_9928,6240.0
9660_9933,4515.0
9660_10439,6240.0
9661_9326,9165.0
9661_9327,5258.0
9661_9368,9165.0
9662_11531,5258.0
9662_12831,6240.0
9662_12832,6240.0
9663_9303,6240.0
9663_10371,6240.0
9663_11531,5258.0
9664_9325,5258.0
9664_9369,5258.0
9664_9371,5258.0
9664_12834,5258.0
9665_9366,5258.0
9665_9373,5258.0
9665_9666,5258.0
9665_12833,5258.0
9666_9665,5258.0
9666_9667,5258.0
9666_9668,5258.0
9667_9352,18330.0
9667_9363,18330.0
9667_9666,5258.0
9667_11826,4515.0
9668_9364,6240.0
9668_9373,6240.0
9668_9666,5258.0
9669_9362,5258.0
9669_9364,5258.0
9669_9374,5258.0
9669_9670,5258.0
9670_9382,18330.0
9670_9669,5258.0
9670_11831,15975.0
9671_11520,7988.0
9671_11821,5258.0
9671_12353,7988.0
9672_9345,9165.0
9672_9652,9165.0
9672_12842,5258.0
9673_706,999999.0
9673_12649,5258.0
9673_12650,5258.0
9674_9675,6240.0
9674_9678,5258.0
9674_10275,6240.0
9674_12651,5258.0
9675_9674,6240.0
9675_9676,6240.0
9675_12653,5258.0
9675_12654,5258.0
9676_9675,6240.0
9676_9680,6240.0
9676_10367,6240.0
9676_12654,6240.0
9677_705,999999.0
9677_9678,6240.0
9677_12654,6240.0
9678_9674,5258.0
9678_9677,6240.0
9678_9699,5258.0
9678_12649,6240.0
9679_5799,6240.0
9679_10367,6240.0
9679_11913,4515.0
9680_9676,6240.0
9680_9681,6240.0
9680_9688,5258.0
9681_9680,6240.0
9681_9682,6240.0
9681_11913,4515.0
9682_9681,6240.0
9682_9687,6240.0
9682_11912,5018.0
9683_9684,18330.0
9683_9685,6240.0
9683_9687,18330.0
9683_11912,5018.0
9684_5801,18330.0
9684_8800,6240.0
9684_9683,18330.0
9684_9685,6240.0
9685_8817,6240.0
9685_9683,6240.0
9685_9684,6240.0
9685_9686,6240.0
9686_5803,6240.0
9686_9685,6240.0
9686_9687,9165.0
9686_9689,6240.0
9687_9682,6240.0
9687_9683,18330.0
9687_9686,9165.0
9687_9688,18330.0
9688_9680,5258.0
9688_9687,18330.0
9688_9689,5258.0
9688_11916,9165.0
9689_5800,5258.0
9689_9686,6240.0
9689_9688,5258.0
9689_9690,12480.0
9690_5805,32415.0
9690_9689,12480.0
9690_9691,12480.0
9690_9697,32415.0
9691_722,999999.0
9691_9690,12480.0
9691_9695,12480.0
9692_722,999999.0
9692_5806,9165.0
9692_10107,9165.0
9693_5806,4515.0
9693_10107,5258.0
9693_11917,4515.0
9694_8806,4515.0
9694_9772,4515.0
9694_11917,4515.0
9695_9691,12480.0
9695_9696,9165.0
9695_9701,6240.0
9695_10107,5505.0
9696_722,999999.0
9696_9695,9165.0
9696_9697,9165.0
9697_9690,32415.0
9697_9696,9165.0
9697_12644,18330.0
9698_721,999999.0
9698_12641,5258.0
9698_12642,5258.0
9699_9678,5258.0
9699_9700,9165.0
9699_11915,9165.0
9699_12644,5258.0
9700_9699,9165.0
9700_12642,9165.0
9700_12643,18330.0
9700_12644,18330.0
9701_721,999999.0
9701_9695,6240.0
9701_12641,6240.0
9702_11457,18330.0
9702_12626,15975.0
9702_12627,5018.0
9702_12641,6240.0
9703_721,999999.0
9703_11457,5258.0
9703_12611,5258.0
9704_9760,18330.0
9704_9779,15975.0
9704_10125,9165.0
9704_10471,15975.0
9705_707,999999.0
9705_10471,15975.0
9705_12645,18330.0
9706_707,999999.0
9706_9707,18330.0
9706_10021,15975.0
9707_9706,18330.0
9707_9709,6240.0
9707_9710,18330.0
9707_12645,18330.0
9708_9709,6240.0
9708_10122,5258.0
9708_10123,5258.0
9708_11921,6240.0
9709_9707,6240.0
9709_9708,6240.0
9709_11920,5018.0
9709_12646,6240.0
9710_9707,18330.0
9710_9711,18330.0
9710_9759,5258.0
9710_12646,5258.0
9711_9710,18330.0
9711_10099,11010.0
9711_12646,6240.0
9712_706,999999.0
9712_10099,9165.0
9712_10276,9165.0
9713_10099,6240.0
9713_10124,5258.0
9713_11922,5018.0
9713_12580,5018.0
9714_9716,7988.0
9714_12577,15975.0
9714_12579,15975.0
9715_708,999999.0
9715_10279,15975.0
9715_12577,15975.0
9716_9714,7988.0
9716_9718,7988.0
9716_11811,5018.0
9716_12580,5018.0
9717_10387,4515.0
9717_10390,4515.0
9717_11811,5018.0
9718_711,999999.0
9718_9716,7988.0
9718_9734,7988.0
9719_9732,4050.0
9719_9733,9030.0
9719_10126,4515.0
9720_9721,4050.0
9720_10126,4050.0
9720_11925,4050.0
9721_717,999999.0
9721_9720,4050.0
9721_9722,4050.0
9722_9721,4050.0
9722_9723,4050.0
9722_10392,4050.0
9723_717,999999.0
9723_9722,4050.0
9723_9724,4050.0
9724_9723,4050.0
9724_9725,4358.0
9724_9820,4358.0
9725_9724,8715.0
9725_9726,4358.0
9725_9731,7028.0
9725_11925,4050.0
9726_716,999999.0
9726_9725,4358.0
9726_9729,7988.0
9727_831,999999.0
9727_9728,5018.0
9727_10127,5018.0
9728_9727,5018.0
9728_9729,7988.0
9728_9744,7988.0
9728_10419,5018.0
9729_9726,7988.0
9729_9728,7988.0
9729_10364,4515.0
9730_716,999999.0
9730_9741,4515.0
9730_10364,4515.0
9731_9725,7028.0
9731_9732,4050.0
9731_9738,7028.0
9731_10364,5018.0
9732_714,999999.0
9732_9719,4050.0
9732_9731,4050.0
9733_711,999999.0
9733_9719,4515.0
9733_9734,9030.0
9734_9718,7988.0
9734_9733,4515.0
9734_9735,7988.0
9734_12632,4050.0
9735_712,999999.0
9735_9734,7988.0
9735_9736,14055.0
9736_9735,7028.0
9736_9737,7028.0
9736_9740,8715.0
9736_11923,7028.0
9737_712,999999.0
9737_9736,7028.0
9737_9738,7028.0
9738_714,999999.0
9738_9731,7028.0
9738_9737,7028.0
9739_713,999999.0
9739_9740,4050.0
9739_9752,4050.0
9740_9736,4358.0
9740_9739,4050.0
9740_9741,8715.0
9741_9730,4515.0
9741_9740,4358.0
9741_9742,4358.0
9742_1275,999999.0
9742_9741,4358.0
9742_9743,5018.0
9743_9742,5018.0
9743_9746,5018.0
9743_9748,5018.0
9743_10419,5018.0
9744_831,999999.0
9744_9728,7988.0
9744_9745,7988.0
9745_9744,7988.0
9745_9809,7988.0
9745_11250,5018.0
9745_12605,5018.0
9746_9743,5018.0
9746_9747,10035.0
9746_11924,5018.0
9746_12609,5018.0
9747_9746,10035.0
9747_9748,5018.0
9747_9749,10035.0
9748_1275,999999.0
9748_9743,5018.0
9748_9747,5018.0
9749_9747,10035.0
9749_9750,10035.0
9749_9751,5018.0
9750_9749,10035.0
9750_9785,5018.0
9750_10393,5018.0
9751_718,999999.0
9751_9749,5018.0
9751_9752,5018.0
9752_9739,4050.0
9752_9751,5018.0
9752_9753,4358.0
9752_9762,4515.0
9753_713,999999.0
9753_9752,4358.0
9753_9754,4358.0
9754_9753,4358.0
9754_9755,15975.0
9754_12633,14055.0
9755_9754,15975.0
9755_9756,5018.0
9755_9761,15975.0
9756_715,999999.0
9756_9755,5018.0
9756_9757,5018.0
9757_9756,5018.0
9757_9758,5018.0
9757_12632,4050.0
9758_9757,5018.0
9758_11922,5018.0
9758_12630,4515.0
9759_707,999999.0
9759_9710,5258.0
9759_12631,5258.0
9760_5809,4515.0
9760_9704,18330.0
9760_9761,15975.0
9760_9762,10035.0
9761_715,999999.0
9761_9755,15975.0
9761_9760,15975.0
9762_9752,4515.0
9762_9760,10035.0
9762_9763,10035.0
9762_9778,4515.0
9763_718,999999.0
9763_9762,10035.0
9763_9764,10035.0
9764_9763,10035.0
9764_9765,10035.0
9764_12629,4515.0
9765_8906,5018.0
9765_9764,10035.0
9765_9766,5018.0
9765_12628,5018.0
9766_720,999999.0
9766_9765,5018.0
9766_12627,5018.0
9767_719,999999.0
9767_8906,5018.0
9767_9768,5018.0
9768_9767,5018.0
9768_9769,5018.0
9768_9787,5018.0
9769_9768,5018.0
9769_9770,6240.0
9769_9784,5258.0
9770_763,999999.0
9770_9769,6240.0
9770_9771,6240.0
9771_9770,6240.0
9771_9776,18330.0
9771_10460,5018.0
9771_11457,18330.0
9772_8904,6240.0
9772_9694,4515.0
9772_10460,5018.0
9772_10461,5258.0
9773_2284,7988.0
9773_10110,7988.0
9773_10461,5258.0
9773_12619,4515.0
9774_9775,18330.0
9774_12613,7988.0
9774_12614,5258.0
9775_9774,9165.0
9775_9776,18330.0
9775_9777,18330.0
9775_9782,9165.0
9776_763,999999.0
9776_9771,18330.0
9776_9775,18330.0
9777_5812,15975.0
9777_9775,18330.0
9777_12615,5258.0
9778_718,999999.0
9778_9762,4515.0
9778_9779,4515.0
9779_9704,15975.0
9779_9778,4515.0
9779_12626,15975.0
9780_5813,5018.0
9780_5814,4515.0
9780_9791,6240.0
9780_12616,5258.0
9781_9782,5258.0
9781_12616,5258.0
9781_12617,5258.0
9782_9775,9165.0
9782_9781,5258.0
9782_9784,5258.0
9782_9789,9165.0
9783_2229,5018.0
9783_9948,5018.0
9783_12678,4515.0
9784_763,999999.0
9784_9769,5258.0
9784_9782,5258.0
9785_719,999999.0
9785_9750,10035.0
9785_12610,5018.0
9786_9787,5018.0
9786_9806,5018.0
9786_12610,10035.0
9787_9768,5018.0
9787_9786,5018.0
9787_12327,6240.0
9788_9789,9165.0
9788_9805,9165.0
9788_12327,6240.0
9789_9782,9165.0
9789_9788,9165.0
9789_9790,6240.0
9790_830,999999.0
9790_9789,6240.0
9790_9791,6240.0
9791_9780,6240.0
9791_9790,6240.0
9791_9792,6240.0
9791_9800,6240.0
9792_766,999999.0
9792_9791,6240.0
9792_9793,6240.0
9793_5815,15975.0
9793_5816,5018.0
9793_9792,6240.0
9793_9794,18330.0
9794_3540,4515.0
9794_9793,18330.0
9794_9795,18330.0
9795_9794,18330.0
9795_9796,18330.0
9795_10365,5258.0
9796_5818,5018.0
9796_9795,18330.0
9796_9797,15975.0
9797_5819,7988.0
9797_9796,15975.0
9797_9798,9165.0
9797_11801,9165.0
9798_9797,9165.0
9798_9799,9165.0
9799_9798,9165.0
9799_9801,9165.0
9799_9918,6240.0
9799_12326,6240.0
9800_9791,6240.0
9800_10365,5258.0
9800_12326,6240.0
9801_830,999999.0
9801_9799,9165.0
9801_9803,9165.0
9802_830,999999.0
9802_9803,9165.0
9802_10361,9165.0
9803_9801,9165.0
9803_9802,9165.0
9803_9805,9165.0
9803_12329,9165.0
9804_830,999999.0
9804_10450,9165.0
9804_11801,9165.0
9805_9788,9165.0
9805_9803,9165.0
9805_12328,6240.0
9806_9786,5018.0
9806_9807,5018.0
9806_12328,6240.0
9806_12608,5018.0
9807_9806,5018.0
9807_12606,4515.0
9807_12609,5018.0
9807_12610,4515.0
9808_5810,7988.0
9808_11254,6240.0
9808_12329,9165.0
9808_12608,5018.0
9809_1347,999999.0
9809_5810,7988.0
9809_9745,7988.0
9810_831,999999.0
9810_9811,12480.0
9810_12603,6240.0
9811_9810,6240.0
9811_10363,12480.0
9811_10454,6240.0
9812_832,999999.0
9812_1629,12480.0
9812_10363,12480.0
9813_1629,10125.0
9813_5908,33150.0
9813_12323,32415.0
9814_1629,6240.0
9814_9815,5258.0
9814_11928,6240.0
9815_832,999999.0
9815_9814,5258.0
9815_11071,5258.0
9816_9817,5018.0
9816_10127,5018.0
9816_10453,6240.0
9816_10454,6240.0
9817_9816,5018.0
9817_9818,5018.0
9817_9820,5018.0
9818_709,999999.0
9818_9817,5018.0
9818_9819,5018.0
9819_9818,5018.0
9819_9821,4515.0
9819_9827,5018.0
9820_9724,4358.0
9820_9817,5018.0
9820_10127,4515.0
9820_11809,5258.0
9821_9819,4515.0
9821_10391,4515.0
9821_10392,4050.0
9821_11809,5258.0
9822_9823,5018.0
9822_9825,5018.0
9822_10391,4515.0
9823_9822,5018.0
9823_9824,4515.0
9823_10390,4515.0
9824_708,999999.0
9824_9823,4515.0
9824_11810,5258.0
9825_710,999999.0
9825_9822,5018.0
9825_9826,5018.0
9826_9825,5018.0
9826_9827,5018.0
9826_10131,5018.0
9826_12575,6240.0
9827_710,999999.0
9827_9819,5018.0
9827_9826,5018.0
9828_9845,6240.0
9828_11808,5258.0
9828_12575,6240.0
9829_1274,999999.0
9829_12574,6240.0
9829_12576,6240.0
9830_837,999999.0
9830_9831,5018.0
9830_12574,6240.0
9831_9830,5018.0
9831_9832,5018.0
9831_9846,5018.0
9832_9831,5018.0
9832_9833,5018.0
9832_9835,5018.0
9833_838,999999.0
9833_9832,5018.0
9833_10284,5018.0
9834_838,999999.0
9834_9836,5018.0
9834_10285,5018.0
9835_837,999999.0
9835_9832,5018.0
9835_9836,5018.0
9836_9834,5018.0
9836_9835,5018.0
9836_9837,5018.0
9837_838,999999.0
9837_9836,5018.0
9837_9839,5018.0
9838_839,999999.0
9838_9839,4515.0
9838_10286,4515.0
9839_9837,5018.0
9839_9838,4515.0
9839_9841,5018.0
9839_10133,4515.0
9840_839,999999.0
9840_10136,4515.0
9840_10288,4515.0
9841_9839,5018.0
9841_9842,6240.0
9841_10133,5258.0
9841_10136,5258.0
9842_836,999999.0
9842_9841,6240.0
9842_9843,6240.0
9843_9842,6240.0
9843_10134,6240.0
9843_10136,5258.0
9844_9845,5018.0
9844_9849,5018.0
9844_10133,4515.0
9845_9828,6240.0
9845_9844,5018.0
9845_11806,6240.0
9846_837,999999.0
9846_9831,5018.0
9846_11806,6240.0
9847_12332,6240.0
9847_12564,5258.0
9847_12569,6240.0
9848_835,999999.0
9848_12340,5258.0
9848_12571,5258.0
9849_9844,5018.0
9849_9850,5018.0
9849_10132,6240.0
9850_9849,5018.0
9850_12341,6240.0
9850_12571,5258.0
9850_12572,6240.0
9851_835,999999.0
9851_9852,6240.0
9851_12335,9165.0
9852_9851,6240.0
9852_9853,6240.0
9852_10134,6240.0
9852_12572,6240.0
9853_835,999999.0
9853_9852,6240.0
9853_9854,6240.0
9854_9853,6240.0
9854_9855,6240.0
9854_9860,5258.0
9854_10135,5258.0
9855_840,999999.0
9855_9854,6240.0
9855_9856,6240.0
9856_9855,6240.0
9856_9857,6240.0
9856_10291,6240.0
9856_10292,6240.0
9857_840,999999.0
9857_9856,6240.0
9857_9858,6240.0
9858_9857,6240.0
9858_9859,5258.0
9858_9880,6240.0
9859_840,999999.0
9859_9858,5258.0
9859_9860,5258.0
9860_9854,5258.0
9860_9859,5258.0
9860_11804,5258.0
9861_842,999999.0
9861_9863,5258.0
9861_10145,5258.0
9862_9872,4515.0
9862_10145,5258.0
9862_11802,5258.0
9863_9861,5258.0
9863_9864,5258.0
9863_10294,5258.0
9864_842,999999.0
9864_9863,5258.0
9864_9865,5258.0
9865_9864,5258.0
9865_10111,4515.0
9865_11802,5258.0
9866_845,999999.0
9866_9868,4515.0
9866_10111,4515.0
9867_845,999999.0
9867_9868,5018.0
9867_12501,5018.0
9868_9866,4515.0
9868_9867,5018.0
9868_9869,5018.0
9869_845,999999.0
9869_9868,5018.0
9869_10146,5018.0
9870_851,999999.0
9870_9871,4515.0
9870_12546,5258.0
9871_9870,4515.0
9871_9872,5018.0
9871_10146,5018.0
9871_12463,4515.0
9872_9862,4515.0
9872_9871,5018.0
9872_9873,5018.0
9873_9872,5018.0
9873_9874,5018.0
9873_9875,5018.0
9874_843,999999.0
9874_9873,5018.0
9874_12545,5018.0
9875_843,999999.0
9875_9873,5018.0
9875_9876,5018.0
9876_9875,5018.0
9876_9877,4515.0
9876_10144,5018.0
9876_10145,4515.0
9877_843,999999.0
9877_9876,4515.0
9877_12549,5258.0
9878_12545,5018.0
9878_12548,6240.0
9878_12549,5258.0
9879_851,999999.0
9879_9895,6240.0
9879_12548,6240.0
9880_9858,6240.0
9880_9881,6240.0
9880_10144,5018.0
9880_12550,5258.0
9881_9880,6240.0
9881_9884,6240.0
9881_12553,5258.0
9882_841,999999.0
9882_10142,5258.0
9882_12551,5258.0
9883_9884,5258.0
9883_9894,5258.0
9883_10142,5258.0
9883_12560,5258.0
9884_9881,6240.0
9884_9883,5258.0
9884_9885,6240.0
9885_9884,6240.0
9885_12566,5258.0
9885_12568,6240.0
9886_834,999999.0
9886_9887,6240.0
9886_12334,6240.0
9887_9886,6240.0
9887_9889,6240.0
9887_10141,9165.0
9887_11803,6240.0
9888_834,999999.0
9888_9889,5258.0
9888_10141,5258.0
9889_9887,6240.0
9889_9888,5258.0
9889_11803,5258.0
9889_12569,6240.0
9890_834,999999.0
9890_11803,6240.0
9890_12333,6240.0
9891_9892,6240.0
9891_12110,6240.0
9891_12333,6240.0
9892_9891,6240.0
9892_12110,5258.0
9892_12111,6240.0
9892_12560,5258.0
9893_833,999999.0
9893_12322,5258.0
9893_12561,5258.0
9894_841,999999.0
9894_9883,5258.0
9894_12556,5258.0
9895_852,999999.0
9895_9879,6240.0
9895_10143,6240.0
9896_852,999999.0
9896_12544,9165.0
9896_12557,9165.0
9897_10143,6240.0
9897_12319,9165.0
9897_12557,9165.0
9898_852,999999.0
9898_12316,4515.0
9898_12559,5258.0
9899_9036,4515.0
9899_9900,7988.0
9899_12318,7988.0
9899_12321,4515.0
9900_827,999999.0
9900_9899,7988.0
9900_9901,7988.0
9901_9900,7988.0
9901_9902,5018.0
9901_9907,7988.0
9902_827,999999.0
9902_9901,5018.0
9902_12314,5018.0
9903_9908,5258.0
9903_12314,5018.0
9903_12598,5258.0
9903_12599,5258.0
9904_9905,6240.0
9904_9906,5258.0
9904_12599,5258.0
9905_9904,6240.0
9905_10436,9165.0
9905_11797,6240.0
9905_12592,18330.0
9906_826,999999.0
9906_9904,5258.0
9906_12600,5258.0
9907_9901,7988.0
9907_9909,6240.0
9907_9910,7988.0
9907_12322,5258.0
9908_826,999999.0
9908_9903,5258.0
9908_12600,5258.0
9909_9907,6240.0
9909_9910,5258.0
9909_9923,6240.0
9910_9907,7988.0
9910_9909,5258.0
9910_9911,9165.0
9911_9910,9165.0
9911_12601,9165.0
9912_833,999999.0
9912_12111,6240.0
9912_12602,6240.0
9913_9914,6240.0
9913_9918,6240.0
9913_10117,6240.0
9914_9913,6240.0
9914_9915,9165.0
9914_10361,9165.0
9914_11083,6240.0
9915_9914,9165.0
9915_9916,9165.0
9915_11071,5258.0
9916_828,999999.0
9916_9915,9165.0
9916_9917,9165.0
9917_9916,9165.0
9917_12324,6240.0
9917_12601,9165.0
9917_12602,6240.0
9918_9799,6240.0
9918_9913,6240.0
9918_12596,5258.0
9919_828,999999.0
9919_9920,6240.0
9919_12324,6240.0
9920_9919,6240.0
9920_9921,6240.0
9920_9927,6240.0
9920_9930,5018.0
9921_826,999999.0
9921_9920,6240.0
9921_9923,6240.0
9922_829,999999.0
9922_9923,5258.0
9923_9909,6240.0
9923_9921,6240.0
9923_9922,5258.0
9923_12600,5258.0
9924_9925,6240.0
9924_9926,9165.0
9924_12313,9165.0
9925_825,999999.0
9925_9924,6240.0
9925_9965,6240.0
9926_825,999999.0
9926_9924,9165.0
9926_9927,9165.0
9927_9920,6240.0
9927_9926,9165.0
9927_9928,6240.0
9927_9929,9165.0
9928_825,999999.0
9928_9660,6240.0
9928_9927,6240.0
9929_824,999999.0
9929_9927,9165.0
9929_9932,7988.0
9930_824,999999.0
9930_9920,5018.0
9930_9931,5018.0
9931_9930,5018.0
9931_9932,7988.0
9931_9936,15975.0
9932_9929,7988.0
9932_9931,7988.0
9932_9935,5018.0
9933_824,999999.0
9933_9660,4515.0
9933_9934,4515.0
9934_9933,4515.0
9934_9935,5018.0
9934_11798,5018.0
9935_824,999999.0
9935_9932,5018.0
9935_9934,5018.0
9936_9931,15975.0
9936_9937,7988.0
9936_9940,18330.0
9937_815,999999.0
9937_9936,7988.0
9937_9938,9165.0
9938_9937,9165.0
9938_9939,5258.0
9938_10450,9165.0
9938_12325,6240.0
9939_815,999999.0
9939_9938,5258.0
9939_9940,5258.0
9940_9936,18330.0
9940_9939,5258.0
9940_9941,9165.0
9940_11799,4515.0
9941_1283,999999.0
9941_9940,18330.0
9941_13329,9165.0
9942_816,999999.0
9942_9943,9165.0
9942_13329,9165.0
9943_5820,9165.0
9943_9942,9165.0
9943_9944,5258.0
9944_816,999999.0
9944_9943,5258.0
9944_9945,5258.0
9945_1283,999999.0
9945_9944,5258.0
9945_11953,5258.0
9946_9947,5258.0
9946_10360,5258.0
9946_11953,5258.0
9947_5821,5018.0
9947_9946,5258.0
9947_9948,6240.0
9948_9783,5018.0
9948_9947,6240.0
9948_9950,6240.0
9948_9951,6240.0
9949_819,999999.0
9949_5823,6240.0
9949_9950,6240.0
9950_9948,6240.0
9950_9949,6240.0
9950_11952,6240.0
9951_819,999999.0
9951_9948,6240.0
9951_10360,12480.0
9952_9953,6240.0
9952_9954,9165.0
9952_10112,6240.0
9953_821,999999.0
9953_9952,6240.0
9953_9957,6240.0
9954_821,999999.0
9954_9952,9165.0
9954_9955,6240.0
9955_9954,6240.0
9955_9956,6240.0
9955_10305,6240.0
9956_821,999999.0
9956_9955,6240.0
9956_9957,6240.0
9957_9953,6240.0
9957_9956,6240.0
9957_9960,6240.0
9957_10113,6240.0
9958_1284,999999.0
9958_10113,6240.0
9958_11798,5018.0
9959_1284,999999.0
9959_9960,6240.0
9959_10439,6240.0
9960_9957,6240.0
9960_9959,6240.0
9960_9961,6240.0
9960_10440,6240.0
9961_9960,6240.0
9961_10307,6240.0
9961_10462,5018.0
9962_9963,4515.0
9962_9972,5018.0
9962_11070,5018.0
9963_9962,4515.0
9963_9968,4515.0
9963_11039,4515.0
9964_9966,5018.0
9964_10948,5018.0
9964_11039,4515.0
9965_1346,999999.0
9965_9925,6240.0
9965_10948,5018.0
9966_9964,5018.0
9966_9967,5018.0
9966_9977,5018.0
9966_10114,5018.0
9967_823,999999.0
9967_9966,5018.0
9967_9968,5018.0
9968_9963,4515.0
9968_9967,5018.0
9968_9969,5018.0
9968_9974,4515.0
9969_822,999999.0
9969_9968,5018.0
9969_9970,5018.0
9970_9969,5018.0
9970_9971,5018.0
9970_9973,5018.0
9971_9970,5018.0
9971_9972,5018.0
9971_10309,5018.0
9972_822,999999.0
9972_9962,5018.0
9972_9971,5018.0
9973_822,999999.0
9973_9970,5018.0
9973_9974,5018.0
9974_9968,4515.0
9974_9973,5018.0
9974_9975,4515.0
9974_9976,5018.0
9975_823,999999.0
9975_9974,4515.0
9975_9978,4515.0
9976_823,999999.0
9976_9974,5018.0
9976_9977,5018.0
9977_9966,5018.0
9977_9976,5018.0
9977_9978,5018.0
9978_9975,4515.0
9978_9977,5018.0
9978_9980,5018.0
9979_9980,6240.0
9979_10311,6240.0
9979_12588,5258.0
9980_9978,5018.0
9980_9979,6240.0
9980_10115,6240.0
9981_854,999999.0
9981_12308,5018.0
9981_12309,6240.0
9982_9984,6240.0
9982_10103,9165.0
9982_12592,9165.0
9983_9985,5258.0
9983_10104,18330.0
9983_12587,9165.0
9984_853,999999.0
9984_9982,6240.0
9984_9985,6240.0
9985_9983,5258.0
9985_9984,6240.0
9985_12540,6240.0
9985_12541,6240.0
9986_853,999999.0
9986_12540,5258.0
9986_12587,5258.0
9987_853,999999.0
9987_12541,5258.0
9987_12559,5258.0
9988_10147,14580.0
9988_12446,18330.0
9988_12587,18330.0
9989_855,999999.0
9989_9990,18330.0
9989_12446,9165.0
9990_9989,9165.0
9990_10151,5258.0
9990_12586,18330.0
9991_855,999999.0
9991_10151,5258.0
9991_12445,5258.0
9992_10159,14055.0
9992_11794,4358.0
9992_12586,14055.0
9993_9994,33480.0
9993_9995,3735.0
9993_10147,14580.0
9994_9993,33480.0
9994_9996,3735.0
9994_10314,33480.0
9995_9996,4050.0
9995_11794,4358.0
9996_9994,3735.0
9996_9995,4050.0
9996_12585,4050.0
9997_858,999999.0
9997_9998,4050.0
9997_12585,4050.0
9998_9997,4050.0
9998_10156,8100.0
9998_10316,4050.0
9999_8628,14580.0
9999_10021,14580.0
9999_10122,9165.0
9999_10298,9165.0
10000_10001,14055.0
10000_10002,4050.0
10000_10159,14055.0
10000_12583,4050.0
10001_858,999999.0
10001_10000,14055.0
10001_10012,14055.0
10002_10000,4050.0
10002_10004,4515.0
10002_10007,4515.0
10002_10159,4050.0
10003_3199,4050.0
10003_10017,4050.0
10003_10157,4358.0
10003_12525,5018.0
10004_860,999999.0
10004_10002,4515.0
10004_10005,4515.0
10005_10004,4515.0
10005_10006,4515.0
10005_12536,4515.0
10006_860,999999.0
10006_10005,4515.0
10006_10009,4515.0
10007_860,999999.0
10007_10002,4515.0
10007_10073,4515.0
10008_863,999999.0
10008_10009,4515.0
10008_10073,4515.0
10009_10006,4515.0
10009_10008,4515.0
10009_10010,4515.0
10009_12521,4515.0
10010_10009,4515.0
10010_10033,5018.0
10010_10034,4515.0
10010_12519,5018.0
10011_861,999999.0
10011_10023,4050.0
10011_10027,4050.0
10012_10001,14055.0
10012_10015,14055.0
10012_10157,13590.0
10013_10014,14055.0
10013_10156,8100.0
10013_10318,14055.0
10014_857,999999.0
10014_10013,14055.0
10014_10015,14055.0
10015_10012,14055.0
10015_10014,14055.0
10015_10016,8100.0
10015_10020,14055.0
10016_10015,8100.0
10016_10018,8100.0
10016_10022,4050.0
10016_10157,7028.0
10017_858,999999.0
10017_10003,4050.0
10017_10018,4050.0
10018_2869,4050.0
10018_10016,8100.0
10018_10017,4050.0
10018_10030,4050.0
10019_857,999999.0
10019_10020,7028.0
10020_10015,14055.0
10020_10019,7028.0
10020_10022,4050.0
10020_10024,14055.0
10021_9706,15975.0
10021_9999,14580.0
10021_10123,15975.0
10021_10471,14580.0
10022_10016,4050.0
10022_10020,4050.0
10022_10023,4050.0
10022_10025,4050.0
10023_2869,4050.0
10023_10011,4050.0
10023_10022,4050.0
10024_10020,14055.0
10024_10025,33480.0
10024_10041,15975.0
10024_10320,33480.0
10025_10022,4050.0
10025_10024,33480.0
10025_10053,33150.0
10026_10678,5258.0
10026_11038,5258.0
10026_12297,5258.0
10027_9271,4515.0
10027_10011,4050.0
10027_12522,4515.0
10028_10057,32415.0
10028_10108,6240.0
10028_10109,5258.0
10028_12433,32415.0
10029_859,999999.0
10029_10053,4515.0
10029_12522,4515.0
10030_10018,4050.0
10030_12523,9030.0
10030_12524,4515.0
10031_859,999999.0
10031_10032,4515.0
10031_12523,9030.0
10032_10031,9030.0
10032_10054,4515.0
10032_10154,4515.0
10033_863,999999.0
10033_10010,5018.0
10033_12525,5018.0
10034_862,999999.0
10034_10010,4515.0
10034_10154,4515.0
10035_10036,6240.0
10035_10037,4515.0
10035_10105,5018.0
10035_12518,4515.0
10036_10035,6240.0
10036_10051,6240.0
10036_10153,5258.0
10037_856,999999.0
10037_10035,4515.0
10037_10152,5258.0
10038_10039,5258.0
10038_10151,5258.0
10038_10152,5258.0
10038_12536,5258.0
10039_856,999999.0
10039_10038,5258.0
10039_10040,5258.0
10040_10039,5258.0
10040_10051,6240.0
10040_12534,6240.0
10041_10024,15975.0
10041_10042,4515.0
10041_12582,14055.0
10042_864,999999.0
10042_10041,4515.0
10042_12516,4515.0
10043_867,999999.0
10043_12515,4050.0
10043_12516,4050.0
10044_1665,4515.0
10044_9624,4050.0
10044_12515,4050.0
10045_867,999999.0
10045_9624,4050.0
10045_10049,4050.0
10046_10047,4050.0
10046_12581,14055.0
10046_12582,14055.0
10047_10046,4050.0
10047_10321,33480.0
10047_12428,33480.0
10048_1434,999999.0
10048_12428,32415.0
10049_10045,4050.0
10049_12429,14055.0
10049_12581,14055.0
10050_4157,18330.0
10050_12429,18330.0
10050_12504,5258.0
10051_856,999999.0
10051_10036,6240.0
10051_10040,6240.0
10052_866,999999.0
10052_12511,5258.0
10052_12513,5258.0
10053_10025,33150.0
10053_10029,4515.0
10053_10109,4515.0
10053_12433,32415.0
10054_865,999999.0
10054_10032,4515.0
10054_10108,5258.0
10055_865,999999.0
10055_10056,5258.0
10055_10153,5258.0
10056_10055,5258.0
10056_10057,5258.0
10056_10058,5258.0
10056_10108,5258.0
10057_1666,5258.0
10057_10028,32415.0
10057_10056,5258.0
10057_12437,32415.0
10058_865,999999.0
10058_10056,5258.0
10058_12434,5258.0
10059_849,999999.0
10059_10069,5258.0
10059_12435,5258.0
10060_849,999999.0
10060_10061,6240.0
10060_10069,6240.0
10061_10060,6240.0
10061_10062,6240.0
10061_10068,6240.0
10061_12532,6240.0
10062_10061,6240.0
10062_10063,6240.0
10062_12537,6240.0
10063_10062,6240.0
10063_12445,5258.0
10063_12459,6240.0
10063_12460,5258.0
10064_851,999999.0
10064_10148,9165.0
10064_10149,9165.0
10065_850,999999.0
10065_10066,9165.0
10065_10150,9165.0
10066_10065,9165.0
10066_10074,6240.0
10066_12530,9165.0
10067_10068,6240.0
10067_12444,9165.0
10067_12530,9165.0
10068_850,999999.0
10068_10061,6240.0
10068_10067,6240.0
10069_10059,5258.0
10069_10060,6240.0
10069_10070,18330.0
10069_12444,9165.0
10070_10069,9165.0
10070_10071,18330.0
10070_12442,5258.0
10071_849,999999.0
10071_10070,9165.0
10071_10072,18330.0
10072_10071,9165.0
10072_10098,32415.0
10072_10106,18330.0
10072_12437,32415.0
10073_3199,4050.0
10073_10007,4515.0
10073_10008,4515.0
10074_10066,6240.0
10074_10076,5258.0
10074_10079,6240.0
10074_10150,5258.0
10075_3057,5258.0
10075_10076,5258.0
10075_12442,5258.0
10076_10074,5258.0
10076_10075,5258.0
10076_10077,5258.0
10077_848,999999.0
10077_10076,5258.0
10077_10078,5258.0
10078_1669,5258.0
10078_10077,5258.0
10078_10079,5258.0
10079_10074,6240.0
10079_10078,5258.0
10079_12463,5258.0
10079_12464,6240.0
10080_10146,4515.0
10080_12464,6240.0
10080_12495,5258.0
10080_12496,6240.0
10081_844,999999.0
10081_12494,5258.0
10081_12495,5258.0
10082_10083,5258.0
10082_12465,5258.0
10082_12495,5258.0
10083_10082,5258.0
10083_12497,5258.0
10083_12499,5258.0
10084_846,999999.0
10084_10085,5018.0
10084_12496,6240.0
10085_10084,5018.0
10085_10087,10035.0
10085_10090,4515.0
10086_846,999999.0
10086_10087,5018.0
10086_12501,5018.0
10087_10085,10035.0
10087_10086,5018.0
10087_10088,10035.0
10087_10089,5018.0
10088_10087,5018.0
10088_10296,5018.0
10088_12502,5258.0
10089_847,999999.0
10089_10087,5018.0
10089_10092,5018.0
10090_847,999999.0
10090_10085,4515.0
10090_10091,4515.0
10091_10090,4515.0
10091_12493,5258.0
10091_12494,5258.0
10092_10089,5018.0
10092_10093,5018.0
10092_12493,5258.0
10093_1443,999999.0
10093_10092,5018.0
10094_1442,999999.0
10094_12498,5258.0
10095_637,999999.0
10095_10704,6240.0
10095_10719,6240.0
10096_637,999999.0
10096_10714,5258.0
10096_10716,5258.0
10097_1345,999999.0
10097_12167,6240.0
10097_12277,6240.0
10098_7238,9165.0
10098_10072,32415.0
10098_12441,5258.0
10098_12527,9165.0
10099_9711,11010.0
10099_9712,9165.0
10099_9713,6240.0
10099_10124,18330.0
10100_1761,7988.0
10100_6320,7988.0
10101_2033,7028.0
10101_4581,7028.0
10102_2223,7988.0
10102_2225,7988.0
10102_10416,9165.0
10103_9982,9165.0
10103_10104,9165.0
10103_12308,5018.0
10104_9983,18330.0
10104_10103,9165.0
10104_12590,5258.0
10105_862,999999.0
10105_10035,5018.0
10105_12519,5018.0
10106_1395,999999.0
10106_6978,7988.0
10106_10072,9165.0
10107_9692,9165.0
10107_9693,5258.0
10107_9695,5505.0
10108_10028,6240.0
10108_10054,5258.0
10108_10056,5258.0
10109_10028,5258.0
10109_10053,4515.0
10109_12432,5258.0
10110_9773,7988.0
10110_12612,4515.0
10110_12613,7988.0
10111_9865,4515.0
10111_9866,4515.0
10111_10296,4515.0
10112_9651,32415.0
10112_9952,6240.0
10112_10113,32415.0
10112_10360,12480.0
10113_9957,6240.0
10113_9958,6240.0
10113_10112,32415.0
10113_10114,32415.0
10114_9966,5018.0
10114_10113,32415.0
10114_10451,6240.0
10114_12311,33150.0
10115_5837,32415.0
10115_9980,6240.0
10115_12309,6240.0
10115_12311,33150.0
10116_9381,5258.0
10116_9386,6240.0
10116_10119,6240.0
10117_9913,6240.0
10117_10118,6240.0
10117_12324,5258.0
10118_828,999999.0
10118_10117,6240.0
10118_12325,6240.0
10119_9385,6240.0
10119_10116,6240.0
10119_11823,4515.0
10120_9401,7988.0
10120_9402,7988.0
10120_11823,4515.0
10120_11832,4515.0
10121_11832,4515.0
10121_12351,5258.0
10121_12352,6240.0
10121_12826,6240.0
10122_9708,5258.0
10122_9999,9165.0
10122_12650,9165.0
10123_9708,5258.0
10123_10021,15975.0
10123_10125,5258.0
10123_12647,18330.0
10124_9713,5258.0
10124_10099,18330.0
10124_12579,15975.0
10125_9704,9165.0
10125_10123,5258.0
10125_12642,9165.0
10126_9719,4515.0
10126_9720,4050.0
10126_11926,4515.0
10127_9727,5018.0
10127_9816,5018.0
10127_9820,4515.0
10128_10129,28598.0
10128_10280,24930.0
10128_10418,6240.0
10129_10128,28598.0
10129_10282,28598.0
10129_12821,6240.0
10130_9428,6240.0
10130_12348,6240.0
10130_12821,6240.0
10131_9826,5018.0
10131_10418,6240.0
10131_12576,6240.0
10132_9849,6240.0
10132_10133,5258.0
10132_10134,6240.0
10133_9839,4515.0
10133_9841,5258.0
10133_9844,4515.0
10133_10132,5258.0
10134_9843,6240.0
10134_9852,6240.0
10134_10132,6240.0
10134_11805,6240.0
10135_9854,5258.0
10135_10138,5258.0
10135_11805,6240.0
10136_9840,4515.0
10136_9841,5258.0
10136_9843,5258.0
10136_10137,5258.0
10137_836,999999.0
10137_10136,5258.0
10137_10138,5258.0
10138_10135,5258.0
10138_10137,5258.0
10138_10290,4515.0
10139_9503,5258.0
10139_10290,4515.0
10139_10291,5258.0
10140_9472,4515.0
10140_9496,9030.0
10140_11815,9030.0
10141_9887,9165.0
10141_9888,5258.0
10141_12335,9165.0
10142_9882,5258.0
10142_9883,5258.0
10142_12554,5258.0
10143_9895,6240.0
10143_9897,6240.0
10143_12554,5258.0
10144_9876,5018.0
10144_9880,5018.0
10144_10145,4515.0
10145_9861,5258.0
10145_9862,5258.0
10145_9876,4515.0
10145_10144,4515.0
10146_9869,5018.0
10146_9871,5018.0
10146_10080,4515.0
10147_5837,32415.0
10147_9988,14580.0
10147_9993,14580.0
10148_10064,9165.0
10148_12544,9165.0
10148_12547,5258.0
10149_10064,9165.0
10149_12460,5258.0
10149_12461,9165.0
10150_10065,9165.0
10150_10074,5258.0
10150_12537,6240.0
10150_12538,9165.0
10151_9990,5258.0
10151_9991,5258.0
10151_10038,5258.0
10152_2591,4515.0
10152_10037,5258.0
10152_10038,5258.0
10153_10036,5258.0
10153_10055,5258.0
10153_12518,5258.0
10154_10032,4515.0
10154_10034,4515.0
10154_10155,4515.0
10154_12518,4515.0
10155_863,999999.0
10155_10154,4515.0
10155_12524,4515.0
10156_9998,8100.0
10156_10013,8100.0
10156_12583,4050.0
10157_10003,4358.0
10157_10012,13590.0
10157_10016,7028.0
10158_1663,6240.0
10158_10635,6240.0
10158_11987,5258.0
10159_9992,14055.0
10159_10000,14055.0
10159_10002,4050.0
10159_12584,4050.0
10160_10161,6240.0
10160_10640,6240.0
10160_12456,6240.0
10161_10160,6240.0
10161_10614,5258.0
10161_11796,6240.0
10161_12457,5258.0
10162_10596,5258.0
10162_10598,9165.0
10162_10600,7028.0
10163_10897,5258.0
10163_10898,5258.0
10163_12197,5258.0
10164_10882,9165.0
10164_10890,9165.0
10164_12197,5258.0
10165_10856,10035.0
10165_10857,10035.0
10165_11979,6240.0
10166_10724,6240.0
10166_10821,6240.0
10166_10977,6240.0
10167_10723,6240.0
10167_10724,6240.0
10167_10977,6240.0
10168_10728,6240.0
10168_10730,6240.0
10168_12164,6240.0
10169_10733,6240.0
10169_10998,5258.0
10169_12152,6240.0
10169_12164,6240.0
10170_7510,9165.0
10170_7512,7988.0
10171_10926,6240.0
10171_10929,6240.0
10171_11985,5258.0
10172_10215,5258.0
10172_10715,6240.0
10172_10716,6240.0
10173_585,999999.0
10173_5840,5258.0
10173_10174,5258.0
10174_5841,5258.0
10174_10173,5258.0
10174_10175,5258.0
10175_585,999999.0
10175_1974,5258.0
10175_10174,5258.0
10176_532,999999.0
10176_1937,15975.0
10176_3071,15975.0
10177_5842,6240.0
10177_10214,5258.0
10177_12247,6240.0
10178_10179,6240.0
10178_10214,5258.0
10178_10383,6240.0
10179_584,999999.0
10179_10178,6240.0
10179_10180,6240.0
10180_8596,16770.0
10180_10179,6240.0
10180_10181,16770.0
10180_12270,4515.0
10181_10180,16770.0
10181_10182,16770.0
10182_5842,6240.0
10182_10183,5258.0
10182_10184,16770.0
10183_10181,16770.0
10183_10182,5258.0
10183_11975,6240.0
10184_10183,16770.0
10184_10185,16770.0
10185_10184,16770.0
10185_10187,5258.0
10185_12271,16770.0
10186_582,999999.0
10186_10193,26145.0
10186_12271,16770.0
10187_582,999999.0
10187_10185,5258.0
10187_11638,5258.0
10188_10325,6240.0
10188_10332,6240.0
10188_11638,5258.0
10189_10190,18330.0
10189_10330,6240.0
10189_10331,18330.0
10190_10189,18330.0
10190_10191,18330.0
10190_10325,6240.0
10191_582,999999.0
10191_10190,18330.0
10191_10193,18330.0
10192_10193,18330.0
10192_10194,18330.0
10192_12244,5258.0
10192_12261,5258.0
10193_10186,26145.0
10193_10191,18330.0
10193_10192,18330.0
10193_12272,16770.0
10194_10192,18330.0
10194_10195,18330.0
10194_10203,18330.0
10195_10194,18330.0
10195_10196,18330.0
10195_12246,5258.0
10196_10195,18330.0
10196_10197,18330.0
10196_10201,5258.0
10197_5840,18330.0
10197_10196,18330.0
10197_10198,5258.0
10198_10197,5258.0
10198_10199,6240.0
10198_12247,6240.0
10199_1973,6240.0
10199_10198,6240.0
10199_10200,6240.0
10199_10206,6240.0
10200_10199,6240.0
10200_10201,6240.0
10200_12262,5258.0
10201_10196,5258.0
10201_10200,6240.0
10201_10202,6240.0
10202_10201,6240.0
10202_10203,6240.0
10202_10213,5258.0
10203_10194,18330.0
10203_10202,6240.0
10203_10213,18330.0
10204_583,999999.0
10204_10205,18330.0
10204_10213,18330.0
10205_1964,18330.0
10205_10204,18330.0
10205_10207,6240.0
10205_12262,5258.0
10206_583,999999.0
10206_1986,6240.0
10206_10199,6240.0
10207_583,999999.0
10207_10205,6240.0
10207_10209,6240.0
10208_5836,5258.0
10208_10327,5258.0
10208_10400,5258.0
10209_1959,6240.0
10209_10207,6240.0
10209_10210,6240.0
10209_12259,5258.0
10210_1339,999999.0
10210_10209,6240.0
10210_12258,6240.0
10211_12257,5258.0
10211_12259,5258.0
10211_12260,5258.0
10212_10328,5258.0
10212_12257,5258.0
10212_13328,5258.0
10213_10202,5258.0
10213_10203,18330.0
10213_10204,18330.0
10213_12260,5258.0
10214_3497,5258.0
10214_5841,5258.0
10214_10177,5258.0
10214_10178,5258.0
10215_10172,5258.0
10215_10704,9165.0
10215_10705,9165.0
10216_10683,5258.0
10216_11981,5018.0
10216_12218,5258.0
10217_10218,6240.0
10217_10501,6240.0
10217_10507,6240.0
10218_10217,6240.0
10218_10506,5258.0
10218_10508,5258.0
10218_11965,6240.0
10219_10220,5258.0
10219_10348,4515.0
10219_10350,5258.0
10220_10219,5258.0
10220_10402,5258.0
10220_10500,12480.0
10220_11722,12480.0
10221_10245,9165.0
10221_10403,5258.0
10221_10404,9165.0
10222_10225,6240.0
10222_10710,6240.0
10222_10712,6240.0
10223_630,999999.0
10223_10323,18330.0
10223_10331,18330.0
10224_10226,6240.0
10224_10330,6240.0
10224_11968,5258.0
10225_10222,6240.0
10225_10226,6240.0
10225_10301,6240.0
10226_10224,6240.0
10226_10225,6240.0
10226_10227,6240.0
10227_629,999999.0
10227_10226,6240.0
10227_10228,6240.0
10228_10227,6240.0
10228_10269,5258.0
10228_10358,6240.0
10228_11967,5258.0
10229_629,999999.0
10229_10230,16770.0
10229_10329,16770.0
10230_628,999999.0
10230_10229,16770.0
10230_10231,16770.0
10231_10230,16770.0
10231_10232,16770.0
10231_10234,6240.0
10231_10358,6240.0
10232_1343,999999.0
10232_10231,16770.0
10232_10259,14580.0
10233_628,999999.0
10233_10234,5258.0
10233_10328,5258.0
10234_10231,6240.0
10234_10233,5258.0
10234_10235,6240.0
10234_10398,5258.0
10235_628,999999.0
10235_10234,6240.0
10235_10238,6240.0
10236_10238,4515.0
10236_10239,4515.0
10236_12175,4515.0
10237_627,999999.0
10237_5836,6240.0
10237_12176,5018.0
10238_10235,6240.0
10238_10236,4515.0
10238_10401,5258.0
10238_12176,5018.0
10239_627,999999.0
10239_10236,4515.0
10239_12174,4515.0
10240_10241,9165.0
10240_10326,9165.0
10240_12175,4515.0
10241_2336,18330.0
10241_10240,9165.0
10241_10242,9165.0
10241_10397,18330.0
10242_2337,6240.0
10242_10241,9165.0
10242_10313,6240.0
10242_10315,9165.0
10243_10246,6240.0
10243_10315,9165.0
10243_12186,9165.0
10244_2356,6240.0
10244_10245,9165.0
10244_10246,6240.0
10244_12186,9165.0
10245_1342,999999.0
10245_10221,9165.0
10245_10244,9165.0
10246_10243,6240.0
10246_10244,6240.0
10246_10247,6240.0
10246_10317,6240.0
10247_1270,999999.0
10247_10246,6240.0
10247_12178,5018.0
10248_626,999999.0
10248_10249,18330.0
10248_10397,18330.0
10249_10248,18330.0
10249_12174,6240.0
10249_12180,18330.0
10250_623,999999.0
10250_10251,15975.0
10250_12180,15975.0
10251_5833,15975.0
10251_10250,15975.0
10251_12179,5018.0
10252_5833,15975.0
10252_5835,4515.0
10252_10253,15975.0
10252_11966,4515.0
10253_10252,15975.0
10253_10254,33150.0
10253_10256,33150.0
10253_10481,15975.0
10254_5835,10035.0
10254_10253,33150.0
10254_10482,15975.0
10254_10496,33150.0
10255_624,999999.0
10255_5835,5018.0
10255_12181,5018.0
10256_10253,33150.0
10256_10257,5018.0
10256_10258,33150.0
10256_11029,5018.0
10257_10256,5018.0
10257_11966,4515.0
10257_12174,6240.0
10258_10256,33150.0
10258_10259,33150.0
10258_10262,4515.0
10258_10398,5258.0
10259_10232,14580.0
10259_10258,33150.0
10259_10260,14055.0
10260_623,999999.0
10260_10259,14055.0
10260_10261,7028.0
10261_10260,7028.0
10261_10262,4358.0
10261_10312,4358.0
10261_10349,7028.0
10262_10258,4515.0
10262_10261,4358.0
10262_11970,4358.0
10263_10266,4358.0
10263_10349,7028.0
10263_11969,7028.0
10264_621,999999.0
10264_10265,7028.0
10264_11969,7028.0
10265_10264,7028.0
10265_10355,4050.0
10265_10476,7028.0
10266_10263,4358.0
10266_10310,4358.0
10266_10353,4358.0
10267_10271,4050.0
10267_10353,4358.0
10267_10356,4358.0
10267_12182,5258.0
10268_638,999999.0
10268_10269,4358.0
10268_10356,4358.0
10269_10228,5258.0
10269_10268,4358.0
10269_10710,6240.0
10269_12165,5258.0
10270_638,999999.0
10270_12165,5258.0
10270_12182,5258.0
10271_10267,4050.0
10271_10472,4515.0
10271_12182,5258.0
10272_621,999999.0
10272_10271,4050.0
10272_10355,4050.0
10273_705,999999.0
10273_10366,5258.0
10273_10367,5258.0
10274_9590,6240.0
10274_10275,9165.0
10274_12651,9165.0
10275_9389,6240.0
10275_9674,6240.0
10275_10274,9165.0
10275_12650,9165.0
10276_9390,9165.0
10276_9712,9165.0
10276_10277,9165.0
10276_11833,7988.0
10277_918,999999.0
10277_10276,9165.0
10277_10279,9165.0
10278_918,999999.0
10278_9391,5258.0
10278_9392,4515.0
10279_9715,15975.0
10279_10277,9165.0
10279_10280,18330.0
10279_12347,6240.0
10280_10128,24930.0
10280_10279,18330.0
10280_11810,5258.0
10281_920,999999.0
10281_12819,5258.0
10281_12821,5258.0
10282_1274,999999.0
10282_10129,28598.0
10282_12346,28598.0
10283_9481,7988.0
10283_10284,5018.0
10283_12573,18330.0
10284_9482,10035.0
10284_9833,5018.0
10284_10283,5018.0
10284_10285,5018.0
10285_9834,5018.0
10285_10284,5018.0
10285_11807,5018.0
10286_9838,4515.0
10286_10287,5018.0
10286_11807,5018.0
10287_926,999999.0
10287_10286,5018.0
10287_10288,5018.0
10288_9840,4515.0
10288_10287,5018.0
10288_10289,5018.0
10289_9593,5018.0
10289_10288,5018.0
10289_12342,5018.0
10290_10138,4515.0
10290_10139,4515.0
10290_12342,5018.0
10291_9502,6240.0
10291_9856,6240.0
10291_10139,5258.0
10291_10292,6240.0
10292_9505,6240.0
10292_9856,6240.0
10292_10291,6240.0
10293_8668,32415.0
10293_9552,33150.0
10294_9507,5258.0
10294_9863,5258.0
10295_9482,33150.0
10295_12346,28598.0
10295_12573,18330.0
10296_10088,5018.0
10296_10111,4515.0
10296_12756,5018.0
10296_12762,4515.0
10297_1345,999999.0
10297_12167,4515.0
10297_12278,4515.0
10298_9999,9165.0
10298_11051,5018.0
10298_11833,7988.0
10298_11920,5018.0
10299_1345,999999.0
10299_12168,5018.0
10299_12169,5018.0
10300_1345,999999.0
10300_12168,4515.0
10300_12171,4515.0
10301_10225,6240.0
10301_10302,6240.0
10301_10308,5258.0
10302_1344,999999.0
10302_10301,6240.0
10302_10733,6240.0
10303_10547,6240.0
10303_11952,6240.0
10304_1135,999999.0
10304_5876,4050.0
10304_10465,4050.0
10305_9955,6240.0
10305_10306,6240.0
10306_10305,6240.0
10306_10571,4358.0
10306_10572,6240.0
10307_9961,6240.0
10307_10574,5018.0
10308_1344,999999.0
10308_10301,5258.0
10308_10323,5258.0
10309_9971,5018.0
10309_10604,5018.0
10310_1269,999999.0
10310_10266,4358.0
10310_10357,4358.0
10311_9979,6240.0
10311_10611,6240.0
10312_1269,999999.0
10312_10261,4358.0
10312_10357,4358.0
10313_626,999999.0
10313_10242,6240.0
10313_12179,6240.0
10314_9994,33480.0
10314_10616,33480.0
10315_626,999999.0
10315_10242,9165.0
10315_10243,9165.0
10316_9998,4050.0
10316_10617,4050.0
10317_1270,999999.0
10317_10246,6240.0
10317_11722,6240.0
10318_10013,14055.0
10318_10619,7028.0
10318_10626,5258.0
10319_1271,999999.0
10319_12208,5258.0
10319_12218,5258.0
10320_10024,33480.0
10320_10623,32415.0
10321_10047,33480.0
10321_10623,33480.0
10322_1272,999999.0
10322_3537,6240.0
10322_8800,6240.0
10323_10223,18330.0
10323_10308,5258.0
10323_10734,18330.0
10324_10736,5258.0
10324_10737,28598.0
10324_12109,28598.0
10325_630,999999.0
10325_10188,6240.0
10325_10190,6240.0
10326_1957,9165.0
10326_2334,6240.0
10326_5836,6240.0
10326_10240,9165.0
10327_2111,4515.0
10327_2211,5018.0
10327_10208,5258.0
10327_12258,6240.0
10328_10212,5258.0
10328_10233,5258.0
10328_10329,5258.0
10328_12256,5258.0
10329_10229,16770.0
10329_10328,5258.0
10329_10359,5258.0
10329_12272,16770.0
10330_10189,6240.0
10330_10224,6240.0
10331_10189,18330.0
10331_10223,18330.0
10332_8598,6240.0
10332_10188,6240.0
10333_625,999999.0
10333_10492,7988.0
10333_10503,7988.0
10334_11247,5258.0
10334_11271,5258.0
10335_9259,6240.0
10335_11428,6240.0
10336_1233,999999.0
10336_11427,5258.0
10336_11552,5258.0
10337_11549,5258.0
10337_12393,5258.0
10338_11466,6240.0
10338_12394,6240.0
10339_1489,999999.0
10339_11469,9165.0
10340_625,999999.0
10340_10352,5258.0
10340_10394,5258.0
10341_10352,5258.0
10341_10503,6240.0
10341_10689,6240.0
10342_1639,12480.0
10342_11665,12480.0
10343_11624,6240.0
10343_11658,6240.0
10344_1640,6240.0
10344_11657,6240.0
10345_11599,5258.0
10345_11646,5258.0
10346_8663,50580.0
10346_10347,999999.0
10347_5909,50580.0
10347_10346,999999.0
10348_10219,4515.0
10348_12178,5018.0
10348_12181,5018.0
10349_1269,999999.0
10349_10261,7028.0
10349_10263,7028.0
10350_10219,5258.0
10350_10351,5258.0
10350_10396,6240.0
10350_10499,6240.0
10351_10350,5258.0
10351_10394,5258.0
10351_10499,32415.0
10351_10509,16770.0
10352_10340,5258.0
10352_10341,5258.0
10352_10395,18330.0
10352_10503,9165.0
10353_621,999999.0
10353_10266,4358.0
10353_10267,4358.0
10354_10355,4358.0
10354_10476,14055.0
10355_10265,4050.0
10355_10266,4358.0
10355_10272,4050.0
10356_10267,4358.0
10356_10268,4358.0
10356_10357,4358.0
10357_10310,4358.0
10357_10312,4358.0
10357_10356,4358.0
10357_10399,5018.0
10358_10228,6240.0
10358_10231,6240.0
10358_10399,5018.0
10358_12273,5018.0
10359_2365,5258.0
10359_10329,5258.0
10359_12173,5258.0
10359_12272,5258.0
10360_9946,5258.0
10360_9951,12480.0
10360_10112,12480.0
10361_9802,9165.0
10361_9914,9165.0
10361_10362,6240.0
10362_10361,6240.0
10362_11254,6240.0
10362_11255,6240.0
10362_12330,6240.0
10363_9811,12480.0
10363_9812,12480.0
10363_10452,6240.0
10364_9729,4515.0
10364_9730,4515.0
10364_9731,5018.0
10365_766,999999.0
10365_9795,5258.0
10365_9800,5258.0
10366_2713,9165.0
10366_10273,5258.0
10366_12652,9165.0
10367_9676,6240.0
10367_9679,6240.0
10367_10273,5258.0
10368_9133,4515.0
10368_9305,15975.0
10368_11049,18330.0
10368_11839,4515.0
10369_11048,5258.0
10369_11050,6240.0
10369_11836,5018.0
10370_2414,15975.0
10370_9300,4515.0
10370_9304,15975.0
10371_9295,6240.0
10371_9663,6240.0
10371_11838,4515.0
10372_10373,6240.0
10372_10374,6240.0
10372_10375,6240.0
10373_10372,6240.0
10373_11416,6240.0
10373_12032,6240.0
10374_5880,18330.0
10374_10372,6240.0
10374_11416,18330.0
10374_11419,6240.0
10375_1118,999999.0
10375_9173,6240.0
10375_10372,6240.0
10376_1084,999999.0
10376_7671,5258.0
10376_10377,5258.0
10377_10376,5258.0
10377_11351,5258.0
10377_11369,5258.0
10378_11201,5258.0
10378_11238,4515.0
10378_11996,6240.0
10379_11126,5258.0
10379_11127,9165.0
10379_11163,9165.0
10380_11144,8715.0
10380_11145,4358.0
10380_11151,4050.0
10381_11137,5258.0
10381_11145,4050.0
10381_11147,4050.0
10382_11106,5018.0
10382_11109,5018.0
10382_12359,5018.0
10383_1975,6240.0
10383_5843,6240.0
10383_10178,6240.0
10384_10385,5018.0
10384_11456,9165.0
10384_11458,9165.0
10385_10384,5018.0
10385_10386,5018.0
10385_11458,5018.0
10385_12052,5018.0
10386_10385,5018.0
10386_11446,5018.0
10386_11462,6240.0
10386_11464,6240.0
10387_1273,999999.0
10387_9717,4515.0
10387_11926,4515.0
10388_10389,5258.0
10388_11562,18330.0
10388_11580,18330.0
10389_10388,5258.0
10389_11579,5258.0
10389_11580,5258.0
10390_1273,999999.0
10390_9717,4515.0
10390_9823,4515.0
10391_1273,999999.0
10391_9821,4515.0
10391_9822,4515.0
10392_1273,999999.0
10392_9722,4050.0
10392_9821,4050.0
10393_718,999999.0
10393_9750,5018.0
10393_12628,5018.0
10394_1341,999999.0
10394_10340,5258.0
10394_10351,5258.0
10395_1341,999999.0
10395_10352,9165.0
10395_10504,9165.0
10396_1341,999999.0
10396_10350,6240.0
10396_10501,6240.0
10397_627,999999.0
10397_10241,18330.0
10397_10248,18330.0
10398_1343,999999.0
10398_10234,5258.0
10398_10258,5258.0
10399_1343,999999.0
10399_10357,5018.0
10399_10358,5018.0
10400_1339,999999.0
10400_8392,5258.0
10400_10208,5258.0
10401_581,999999.0
10401_10238,5258.0
10401_12177,5258.0
10402_1270,999999.0
10402_10220,5258.0
10402_10403,5258.0
10403_1342,999999.0
10403_10221,5258.0
10403_10402,5258.0
10404_1270,999999.0
10404_10221,9165.0
10404_10517,9165.0
10405_526,999999.0
10405_2012,5258.0
10405_3298,5258.0
10406_526,999999.0
10406_1911,9165.0
10406_2985,9165.0
10407_1337,999999.0
10407_1981,6240.0
10407_1982,6240.0
10408_1337,999999.0
10408_1980,5258.0
10408_1983,5258.0
10409_1337,999999.0
10409_1976,6240.0
10409_1977,6240.0
10410_1336,999999.0
10410_1757,7028.0
10410_3499,7028.0
10411_1336,999999.0
10411_1723,7028.0
10411_2629,7028.0
10412_1336,999999.0
10412_2034,4050.0
10412_2628,4050.0
10413_1338,999999.0
10413_1803,4515.0
10413_2059,4515.0
10414_1338,999999.0
10414_1803,7988.0
10414_1813,7988.0
10415_1338,999999.0
10415_1813,15975.0
10415_2060,15975.0
10416_5827,6240.0
10416_10102,9165.0
10416_10544,9165.0
10417_587,999999.0
10417_3562,5018.0
10417_5828,5018.0
10418_1274,999999.0
10418_10128,6240.0
10418_10131,6240.0
10419_1275,999999.0
10419_9728,5018.0
10419_9743,5018.0
10420_1276,999999.0
10420_2322,7988.0
10420_12634,7988.0
10421_8627,16770.0
10421_9404,16770.0
10421_9600,999999.0
10422_1133,999999.0
10422_7058,4515.0
10422_10459,4515.0
10423_2277,7988.0
10423_2285,7988.0
10423_12622,5018.0
10424_1340,999999.0
10424_3602,7988.0
10424_3603,7988.0
10425_2399,7988.0
10425_2400,7988.0
10425_12229,4515.0
10426_1276,999999.0
10426_2320,4515.0
10426_8816,4515.0
10427_728,999999.0
10427_2640,6240.0
10427_2641,6240.0
10428_1277,999999.0
10428_2635,5258.0
10428_2638,5258.0
10429_1278,999999.0
10429_3168,4515.0
10429_12733,4515.0
10430_1278,999999.0
10430_2672,5018.0
10430_2673,5018.0
10431_10441,4515.0
10431_10442,4515.0
10431_10580,5018.0
10431_10581,6240.0
10432_587,999999.0
10432_10433,4515.0
10432_12229,4515.0
10433_10432,4515.0
10433_10434,4515.0
10433_10543,4515.0
10434_1340,999999.0
10434_5827,5258.0
10434_10433,4515.0
10435_1340,999999.0
10435_2402,5018.0
10435_10524,5018.0
10436_820,999999.0
10436_9905,9165.0
10436_12313,9165.0
10437_684,999999.0
10437_10441,4515.0
10437_12243,4050.0
10438_10442,4515.0
10438_10577,4515.0
10438_10601,4515.0
10439_820,999999.0
10439_9660,6240.0
10439_9959,6240.0
10440_820,999999.0
10440_9960,6240.0
10440_10948,6240.0
10441_10431,4515.0
10441_10437,4515.0
10441_10565,5018.0
10441_10581,6240.0
10442_10431,4515.0
10442_10438,4515.0
10442_10579,7988.0
10442_10599,7988.0
10443_2673,4515.0
10443_8841,4515.0
10443_12735,4515.0
10444_777,999999.0
10444_2246,4358.0
10444_2252,4358.0
10445_783,999999.0
10445_3429,7988.0
10445_12698,7988.0
10446_783,999999.0
10446_3172,15975.0
10446_8947,15975.0
10447_1280,999999.0
10447_2272,15975.0
10447_8945,15975.0
10448_1157,999999.0
10448_2166,4050.0
10448_8999,4050.0
10449_1282,999999.0
10449_2213,5018.0
10449_3486,5018.0
10450_9804,9165.0
10450_9938,9165.0
10450_12596,5258.0
10450_12597,5258.0
10451_1346,999999.0
10451_10114,6240.0
10451_11797,6240.0
10452_832,999999.0
10452_10363,6240.0
10452_11255,6240.0
10453_1285,999999.0
10453_9816,6240.0
10453_12570,6240.0
10454_1285,999999.0
10454_9811,6240.0
10454_9816,6240.0
10455_1134,999999.0
10455_7052,4050.0
10455_7056,4050.0
10456_1286,999999.0
10456_2449,5018.0
10456_2598,5018.0
10457_876,999999.0
10457_2597,9030.0
10457_3139,9030.0
10458_1287,999999.0
10458_2484,7988.0
10458_11874,7988.0
10459_8235,4515.0
10459_9436,4515.0
10459_10422,4515.0
10460_9771,5018.0
10460_9772,5018.0
10460_12611,5258.0
10460_12612,4515.0
10461_764,999999.0
10461_9772,5258.0
10461_9773,5258.0
10462_820,999999.0
10462_9961,5018.0
10462_11070,5018.0
10463_1293,999999.0
10463_8628,5018.0
10463_9396,6240.0
10464_9425,6240.0
10464_9426,6240.0
10464_11812,5258.0
10465_7122,7028.0
10465_9239,7028.0
10465_10304,4050.0
10466_3862,33150.0
10466_10500,26145.0
10466_10512,50580.0
10467_8261,50580.0
10467_10468,999999.0
10468_10467,999999.0
10468_12365,50580.0
10469_10470,999999.0
10469_11217,51728.0
10470_8639,51728.0
10470_10469,999999.0
10471_9704,15975.0
10471_9705,15975.0
10471_10021,14580.0
10472_10271,4515.0
10472_10473,5018.0
10472_12275,5018.0
10473_10472,5018.0
10473_10474,7988.0
10473_10711,7988.0
10474_620,999999.0
10474_10473,7988.0
10474_10475,7028.0
10475_10354,7028.0
10475_10474,7028.0
10475_12184,4515.0
10476_10265,7028.0
10476_10477,7028.0
10476_10479,14055.0
10477_10475,14055.0
10477_10476,7028.0
10477_10489,7988.0
10478_622,999999.0
10478_10477,14055.0
10479_622,999999.0
10479_11972,14055.0
10480_5834,5018.0
10480_10481,14055.0
10480_10483,4050.0
10481_10253,15975.0
10481_10482,15975.0
10482_10254,15975.0
10482_10483,14055.0
10483_10480,4050.0
10483_10484,14055.0
10484_10487,4515.0
10484_11971,14055.0
10485_1147,999999.0
10485_8242,4050.0
10485_10531,4050.0
10486_624,999999.0
10486_10487,5018.0
10486_12183,5018.0
10487_10484,4515.0
10487_10486,5018.0
10487_10488,5018.0
10488_619,999999.0
10488_10487,5018.0
10488_10490,5018.0
10489_620,999999.0
10489_10477,7988.0
10489_10490,7988.0
10490_10488,5018.0
10490_10489,7988.0
10490_10491,7988.0
10491_619,999999.0
10491_10490,7988.0
10491_10492,15975.0
10492_10333,7988.0
10492_10491,15975.0
10492_10494,33150.0
10492_12185,5018.0
10493_597,999999.0
10493_10540,6240.0
10493_10553,6240.0
10494_625,999999.0
10494_10492,33150.0
10494_10495,32415.0
10495_10494,32415.0
10495_10496,16208.0
10495_10498,6240.0
10495_12183,5018.0
10496_10254,33150.0
10496_10495,32415.0
10496_10497,50580.0
10497_10496,50580.0
10497_10499,32415.0
10497_10500,50580.0
10498_625,999999.0
10498_10495,6240.0
10498_10499,6240.0
10499_10350,6240.0
10499_10351,32415.0
10499_10497,32415.0
10499_10498,6240.0
10500_10220,12480.0
10500_10466,26145.0
10500_10497,50580.0
10500_10501,6240.0
10501_10217,6240.0
10501_10396,6240.0
10501_10500,6240.0
10501_10508,6240.0
10502_9491,4515.0
10502_9503,5258.0
10503_10333,7988.0
10503_10341,6240.0
10503_10352,18330.0
10504_10395,9165.0
10504_10505,6240.0
10504_10506,6240.0
10504_10509,18330.0
10505_617,999999.0
10505_10504,6240.0
10505_10689,6240.0
10506_10218,5258.0
10506_10504,6240.0
10506_10507,6240.0
10507_617,999999.0
10507_10217,6240.0
10507_10506,6240.0
10508_10218,5258.0
10508_10501,6240.0
10508_11964,6240.0
10509_10351,16770.0
10509_10504,18330.0
10509_10510,18330.0
10510_617,999999.0
10510_3862,15975.0
10510_10509,18330.0
10511_10512,18330.0
10511_10686,18330.0
10511_11965,6240.0
10511_11982,6240.0
10512_10466,50580.0
10512_10511,18330.0
10512_10513,18330.0
10512_10527,50580.0
10513_10512,18330.0
10513_10514,18330.0
10513_10530,6240.0
10514_615,999999.0
10514_10513,18330.0
10514_10515,18330.0
10515_10514,18330.0
10515_10516,9165.0
10515_10519,18330.0
10516_616,999999.0
10516_10515,9165.0
10516_10517,9165.0
10517_10404,9165.0
10517_10516,9165.0
10517_10518,6240.0
10517_11964,6240.0
10518_616,999999.0
10518_2357,5018.0
10518_10517,6240.0
10519_616,999999.0
10519_10515,18330.0
10519_10520,18330.0
10520_2359,15975.0
10520_10519,18330.0
10520_10521,6240.0
10521_2359,5018.0
10521_10520,6240.0
10521_10522,6240.0
10521_10524,12480.0
10522_10521,6240.0
10522_10526,6240.0
10522_10527,6240.0
10523_2360,15975.0
10523_5911,51728.0
10523_10524,15975.0
10523_10527,50580.0
10524_10435,5018.0
10524_10521,12480.0
10524_10523,15975.0
10524_10525,12480.0
10525_615,999999.0
10525_10524,12480.0
10525_10542,12480.0
10526_615,999999.0
10526_10522,6240.0
10526_10530,6240.0
10527_10512,50580.0
10527_10522,6240.0
10527_10523,50580.0
10527_10528,12480.0
10528_615,999999.0
10528_10527,12480.0
10528_10529,12480.0
10529_10528,12480.0
10529_10530,6240.0
10529_10539,6240.0
10529_12224,6240.0
10530_10513,6240.0
10530_10526,6240.0
10530_10529,6240.0
10530_11032,6240.0
10531_7046,7028.0
10531_9239,7028.0
10531_10485,4050.0
10532_8238,7028.0
10532_9239,7028.0
10532_10557,4050.0
10533_613,999999.0
10533_10652,6240.0
10533_12225,6240.0
10534_613,999999.0
10534_10535,6240.0
10534_10652,6240.0
10535_10534,6240.0
10535_10536,5258.0
10535_12305,6240.0
10536_10535,5258.0
10536_10538,5258.0
10536_12223,5258.0
10536_12304,5258.0
10537_614,999999.0
10537_10538,6240.0
10537_12303,6240.0
10538_10536,5258.0
10538_10537,6240.0
10538_10539,5258.0
10539_10529,6240.0
10539_10538,5258.0
10539_10541,6240.0
10539_10562,6240.0
10540_614,999999.0
10540_10493,6240.0
10540_10541,6240.0
10541_10539,6240.0
10541_10540,6240.0
10541_10542,6240.0
10542_10525,12480.0
10542_10541,6240.0
10542_10543,5258.0
10543_2402,5258.0
10543_10433,4515.0
10543_10542,5258.0
10543_10545,5258.0
10544_10416,9165.0
10544_10545,6240.0
10544_10546,9165.0
10545_10543,5258.0
10545_10544,6240.0
10545_10546,5258.0
10545_10554,6240.0
10546_10544,9165.0
10546_10545,5258.0
10546_10547,5258.0
10546_10548,9165.0
10547_10303,6240.0
10547_10546,5258.0
10547_10548,6240.0
10548_10546,9165.0
10548_10547,6240.0
10548_10549,9165.0
10549_597,999999.0
10549_10548,9165.0
10549_10551,9165.0
10550_1287,999999.0
10550_2446,34260.0
10550_2447,34260.0
10551_10549,9165.0
10551_10552,6240.0
10551_11034,7988.0
10552_10551,6240.0
10552_10553,6240.0
10552_10555,5258.0
10553_10493,6240.0
10553_10552,6240.0
10553_10554,6240.0
10554_597,999999.0
10554_10545,6240.0
10554_10553,6240.0
10555_597,999999.0
10555_10552,5258.0
10555_10556,4515.0
10556_10555,4515.0
10556_10558,5018.0
10556_10562,4358.0
10556_10565,5018.0
10557_3466,4050.0
10557_10532,4050.0
10557_10561,4050.0
10558_601,999999.0
10558_10556,5018.0
10558_10559,5018.0
10559_10558,5018.0
10559_10560,7988.0
10559_11035,5018.0
10559_11989,7028.0
10560_601,999999.0
10560_10559,7988.0
10560_11034,7988.0
10561_1135,999999.0
10561_9158,4050.0
10561_10557,4050.0
10562_614,999999.0
10562_10539,6240.0
10562_10556,4358.0
10563_10564,4358.0
10563_10582,4358.0
10563_12303,6240.0
10564_684,999999.0
10564_10563,4358.0
10564_10565,4358.0
10565_10441,5018.0
10565_10556,5018.0
10565_10564,4358.0
10565_10566,5018.0
10566_600,999999.0
10566_10565,5018.0
10566_10567,5018.0
10567_10566,5018.0
10567_10568,5018.0
10568_10567,5018.0
10568_10569,4358.0
10568_10578,7988.0
10568_11989,7028.0
10569_599,999999.0
10569_10568,4358.0
10569_10570,4358.0
10570_10569,4358.0
10570_10572,4358.0
10570_10575,4358.0
10571_599,999999.0
10571_10306,4358.0
10571_11988,5018.0
10572_10306,6240.0
10572_10570,4358.0
10572_10573,4358.0
10573_598,999999.0
10573_10572,4358.0
10573_10574,5018.0
10574_10307,5018.0
10574_10573,5018.0
10574_10576,5018.0
10575_598,999999.0
10575_10570,4358.0
10575_10576,5018.0
10576_10574,5018.0
10576_10575,5018.0
10576_10577,4515.0
10577_598,999999.0
10577_10438,4515.0
10577_10576,4515.0
10578_600,999999.0
10578_10568,7988.0
10578_10579,7988.0
10579_10442,7988.0
10579_10578,7988.0
10579_10580,5018.0
10580_600,999999.0
10580_10431,5018.0
10580_10579,5018.0
10581_10431,6240.0
10581_10441,6240.0
10581_10585,6240.0
10582_684,999999.0
10582_10563,4358.0
10582_12243,4358.0
10583_10584,5018.0
10583_10585,6240.0
10583_12305,6240.0
10583_12306,6240.0
10584_10583,5018.0
10584_12222,5258.0
10584_12243,6240.0
10585_10581,6240.0
10585_10583,6240.0
10585_10586,6240.0
10586_602,999999.0
10586_10585,6240.0
10586_10587,6240.0
10587_10586,6240.0
10587_10588,6240.0
10587_10597,5258.0
10588_10587,6240.0
10588_10589,6240.0
10588_12306,6240.0
10589_10588,6240.0
10589_10590,6240.0
10589_12238,5258.0
10590_605,999999.0
10590_10589,6240.0
10590_10591,6240.0
10591_10590,6240.0
10591_10592,5258.0
10591_11990,6240.0
10591_12237,5258.0
10592_10591,5258.0
10592_10593,6240.0
10592_12456,6240.0
10592_12457,5258.0
10593_10592,6240.0
10593_10594,6240.0
10593_10595,6240.0
10594_605,999999.0
10594_10593,6240.0
10594_10609,6240.0
10595_605,999999.0
10595_10593,6240.0
10595_12307,6240.0
10596_10162,5258.0
10596_10597,5258.0
10596_10598,6240.0
10596_12307,6240.0
10597_602,999999.0
10597_10587,5258.0
10597_10596,5258.0
10598_10162,9165.0
10598_10596,6240.0
10598_10599,9165.0
10599_602,999999.0
10599_10442,7988.0
10599_10598,9165.0
10600_605,999999.0
10600_10162,7028.0
10600_10607,7028.0
10601_10438,4515.0
10601_10602,4050.0
10601_10607,4050.0
10602_603,999999.0
10602_10601,4050.0
10602_10603,4050.0
10603_10602,4050.0
10603_10604,4358.0
10603_10606,4358.0
10604_10309,5018.0
10604_10603,4358.0
10604_10605,4358.0
10605_603,999999.0
10605_10604,4358.0
10605_10609,4358.0
10606_603,999999.0
10606_10603,4358.0
10606_10608,4358.0
10607_10600,7028.0
10607_10601,4050.0
10607_10608,7028.0
10608_10606,4358.0
10608_10607,7028.0
10608_10609,7028.0
10609_10594,6240.0
10609_10605,4358.0
10609_10608,7028.0
10609_10610,9165.0
10610_604,999999.0
10610_10609,9165.0
10610_12458,9165.0
10611_10311,6240.0
10611_11796,6240.0
10611_12242,9165.0
10611_12458,9165.0
10612_12239,9165.0
10612_12241,5258.0
10612_12242,9165.0
10613_606,999999.0
10613_12241,5258.0
10613_12242,5258.0
10614_10161,5258.0
10614_11795,5258.0
10614_12239,5258.0
10614_12241,5258.0
10615_10616,9165.0
10615_10618,9165.0
10615_12239,9165.0
10616_10314,33480.0
10616_10615,9165.0
10616_10617,32415.0
10617_10316,4050.0
10617_10616,32415.0
10617_10618,5258.0
10617_10620,32415.0
10618_10615,9165.0
10618_10617,5258.0
10618_10622,9165.0
10618_10629,5258.0
10619_607,999999.0
10619_10318,7028.0
10619_10620,9165.0
10620_10617,32415.0
10620_10619,9165.0
10620_10621,9165.0
10620_10623,32415.0
10621_10620,9165.0
10621_10622,9165.0
10621_10624,9165.0
10621_10628,9165.0
10622_607,999999.0
10622_10618,9165.0
10622_10621,9165.0
10623_10320,32415.0
10623_10321,33480.0
10623_10620,32415.0
10623_10625,32415.0
10624_607,999999.0
10624_10621,9165.0
10624_10625,9165.0
10625_10623,32415.0
10625_10624,9165.0
10625_10626,9165.0
10625_10630,32415.0
10626_10318,5258.0
10626_10625,9165.0
10626_10627,5258.0
10626_10631,9165.0
10627_1661,5258.0
10627_10626,5258.0
10627_10628,5258.0
10628_10621,9165.0
10628_10627,5258.0
10628_11795,5258.0
10628_12448,9165.0
10629_607,999999.0
10629_10618,5258.0
10629_11795,5258.0
10630_10625,32415.0
10630_12448,9165.0
10630_12449,18330.0
10631_608,999999.0
10631_10626,9165.0
10631_10632,9165.0
10632_1433,999999.0
10632_10631,9165.0
10633_1660,5258.0
10633_1661,5258.0
10633_12451,5258.0
10633_12452,5258.0
10634_610,999999.0
10634_12234,5258.0
10634_12451,5258.0
10635_10158,6240.0
10635_10907,6240.0
10635_12236,5258.0
10636_609,999999.0
10636_1663,6240.0
10636_10637,6240.0
10637_10636,6240.0
10637_10638,6240.0
10637_10641,6240.0
10638_10637,6240.0
10638_10639,9165.0
10638_10641,9165.0
10638_12455,6240.0
10639_609,999999.0
10639_10638,18330.0
10639_12454,9165.0
10640_606,999999.0
10640_10160,6240.0
10640_12455,6240.0
10641_10637,6240.0
10641_10638,9165.0
10641_10642,9165.0
10641_11990,6240.0
10642_10641,9165.0
10642_10644,5258.0
10642_12206,9165.0
10643_612,999999.0
10643_12206,5258.0
10643_12237,5258.0
10644_10642,5258.0
10644_10645,5258.0
10644_11987,5258.0
10645_10644,5258.0
10645_10646,6240.0
10645_10666,5258.0
10645_10905,6240.0
10646_10645,6240.0
10646_10649,6240.0
10646_11031,9165.0
10646_12206,9165.0
10647_10650,5258.0
10647_12237,5258.0
10647_12238,5258.0
10648_10655,9165.0
10648_12221,5258.0
10648_12300,9165.0
10648_12301,5258.0
10649_612,999999.0
10649_10646,6240.0
10649_10650,6240.0
10650_10647,5258.0
10650_10649,6240.0
10650_12301,6240.0
10651_613,999999.0
10651_10652,6240.0
10651_12301,6240.0
10652_10533,6240.0
10652_10534,6240.0
10652_10651,6240.0
10652_10653,6240.0
10653_10652,6240.0
10653_10661,5258.0
10653_11983,6240.0
10654_1622,4500.0
10654_11639,32415.0
10654_12299,32415.0
10655_10648,9165.0
10655_10656,18330.0
10655_12207,5258.0
10656_1622,999999.0
10656_10655,18330.0
10656_10659,18330.0
10657_7120,4358.0
10657_7166,4050.0
10657_8328,5018.0
10658_7103,5018.0
10658_11384,5018.0
10658_11461,4515.0
10659_10656,18330.0
10659_10660,18330.0
10659_10663,6240.0
10659_11983,6240.0
10660_10659,18330.0
10660_10661,18330.0
10660_10663,5258.0
10661_10653,5258.0
10661_10660,18330.0
10661_11984,18330.0
10662_11984,18330.0
10662_12213,6240.0
10662_12214,18330.0
10663_10659,6240.0
10663_10660,5258.0
10663_12211,6240.0
10663_12212,6240.0
10664_1271,999999.0
10664_12211,6240.0
10664_12219,6240.0
10665_646,999999.0
10665_12220,5258.0
10665_12221,5258.0
10666_611,999999.0
10666_10645,5258.0
10666_11986,5258.0
10667_646,999999.0
10667_12205,5258.0
10667_12221,5258.0
10668_12203,5258.0
10668_12204,5258.0
10668_12298,5258.0
10669_646,999999.0
10669_10670,5258.0
10669_10900,5258.0
10670_10669,5258.0
10670_10885,5258.0
10670_12204,5258.0
10671_10672,6240.0
10671_10677,32415.0
10671_10872,32415.0
10671_12198,6240.0
10672_642,999999.0
10672_10671,6240.0
10672_10673,6240.0
10673_10672,6240.0
10673_10674,6240.0
10673_10675,9165.0
10673_12162,18330.0
10674_10673,6240.0
10674_10842,5258.0
10674_12169,5018.0
10675_642,999999.0
10675_10673,9165.0
10675_12170,7988.0
10676_641,999999.0
10676_12170,7988.0
10676_12172,7988.0
10677_10671,32415.0
10677_10678,33150.0
10677_10701,7988.0
10677_12200,9165.0
10678_10026,5258.0
10678_10677,33150.0
10678_10679,4515.0
10678_10680,33150.0
10679_10678,4515.0
10679_10680,4515.0
10679_10697,4515.0
10680_10678,33150.0
10680_10679,4515.0
10680_10681,33150.0
10680_11981,5018.0
10681_10680,33150.0
10681_10682,6240.0
10681_10692,32415.0
10681_10695,5018.0
10682_639,999999.0
10682_10681,6240.0
10682_10683,6240.0
10683_10216,5258.0
10683_10682,6240.0
10683_12217,5258.0
10683_12219,6240.0
10684_618,999999.0
10684_12216,6240.0
10684_12240,5018.0
10685_10686,18330.0
10685_11032,5258.0
10685_12214,18330.0
10685_12240,10035.0
10686_3862,15975.0
10686_10511,18330.0
10686_10685,18330.0
10686_10687,18330.0
10687_618,999999.0
10687_10686,28598.0
10687_10688,18330.0
10688_10687,18330.0
10688_10689,6240.0
10688_10691,18330.0
10688_12240,5018.0
10689_10341,6240.0
10689_10505,6240.0
10689_10688,6240.0
10689_10690,6240.0
10690_10689,6240.0
10690_10693,6240.0
10690_10703,5018.0
10691_639,999999.0
10691_10688,18330.0
10691_10692,9165.0
10692_3862,33150.0
10692_10681,32415.0
10692_10691,9165.0
10692_10693,18330.0
10693_10690,6240.0
10693_10692,18330.0
10693_10694,18330.0
10694_639,999999.0
10694_10693,18330.0
10694_10695,9165.0
10695_10681,10035.0
10695_10694,9165.0
10695_10696,7988.0
10696_640,999999.0
10696_10695,7988.0
10696_10697,7988.0
10697_10679,4515.0
10697_10696,7988.0
10697_10698,7988.0
10697_10699,7988.0
10698_10697,7988.0
10698_12172,7988.0
10698_12201,7988.0
10699_640,999999.0
10699_10697,7988.0
10699_10702,7988.0
10700_641,999999.0
10700_10701,7988.0
10700_12201,7988.0
10701_10677,7988.0
10701_10700,7988.0
10701_12202,5258.0
10701_12296,5258.0
10702_10699,7988.0
10702_10703,5018.0
10702_12166,7988.0
10703_640,999999.0
10703_10690,5018.0
10703_10702,5018.0
10704_10095,6240.0
10704_10215,9165.0
10704_12166,7988.0
10705_638,999999.0
10705_10215,9165.0
10705_10711,9165.0
10706_638,999999.0
10706_10707,6240.0
10706_12275,5018.0
10707_10706,6240.0
10707_10715,6240.0
10707_12274,5258.0
10708_10709,5258.0
10708_12165,5258.0
10708_12274,5258.0
10709_10708,5258.0
10709_10710,5258.0
10709_10713,5258.0
10710_10222,6240.0
10710_10269,6240.0
10710_10709,5258.0
10711_10473,7988.0
10711_10705,9165.0
10711_12185,5018.0
10712_635,999999.0
10712_10222,6240.0
10712_10733,6240.0
10713_635,999999.0
10713_10709,5258.0
10713_10714,5258.0
10714_10096,5258.0
10714_10713,5258.0
10714_10729,5258.0
10714_11973,5258.0
10715_637,999999.0
10715_10172,6240.0
10715_10707,6240.0
10716_10096,5258.0
10716_10172,6240.0
10716_10717,6240.0
10717_10716,6240.0
10717_10718,6240.0
10717_12276,6240.0
10718_10717,6240.0
10718_10720,6240.0
10718_10723,6240.0
10719_10095,6240.0
10719_12168,5018.0
10719_12276,6240.0
10719_12277,6240.0
10720_686,999999.0
10720_10718,6240.0
10720_10721,6240.0
10721_637,999999.0
10721_10720,6240.0
10721_10722,6240.0
10722_10721,6240.0
10722_10822,6240.0
10722_12167,6240.0
10723_686,999999.0
10723_10167,6240.0
10723_10718,6240.0
10724_10166,6240.0
10724_10167,6240.0
10724_10980,6240.0
10725_10726,6240.0
10725_10801,5258.0
10725_10820,6240.0
10726_10725,6240.0
10726_10727,6240.0
10726_10980,6240.0
10727_10726,6240.0
10727_10728,6240.0
10727_10729,5258.0
10728_634,999999.0
10728_10168,6240.0
10728_10727,6240.0
10729_636,999999.0
10729_10714,5258.0
10729_10727,5258.0
10730_10168,6240.0
10730_10731,6240.0
10730_10800,6240.0
10730_12152,6240.0
10731_634,999999.0
10731_10730,6240.0
10731_10746,5018.0
10732_10733,6240.0
10732_10734,18330.0
10732_10998,18330.0
10733_10169,6240.0
10733_10302,6240.0
10733_10712,6240.0
10733_10732,6240.0
10734_10323,18330.0
10734_10732,18330.0
10734_12150,6240.0
10735_630,999999.0
10735_8599,6240.0
10735_12150,6240.0
10736_634,999999.0
10736_10324,5258.0
10736_12152,5258.0
10737_10324,28598.0
10737_10738,10035.0
10737_10746,14580.0
10738_631,999999.0
10738_10737,10035.0
10738_10739,10035.0
10739_10738,10035.0
10739_12913,12480.0
10740_10741,4515.0
10740_10744,10035.0
10741_10740,4515.0
10741_10742,4515.0
10741_12914,10035.0
10742_632,999999.0
10742_10741,4515.0
10742_12151,4515.0
10743_10751,4515.0
10743_12151,4515.0
10743_12910,4515.0
10744_633,999999.0
10744_10748,10035.0
10745_633,999999.0
10745_10741,10035.0
10746_10731,5018.0
10746_10737,14580.0
10746_10798,14580.0
10746_10979,6240.0
10747_633,999999.0
10747_10748,5018.0
10747_10979,5018.0
10748_10747,5018.0
10748_10749,5018.0
10748_12911,10035.0
10749_10745,10035.0
10749_10748,5018.0
10749_10750,5018.0
10750_632,999999.0
10750_10749,5018.0
10750_10751,5018.0
10751_10743,4515.0
10751_10750,5018.0
10751_10752,5018.0
10752_632,999999.0
10752_10751,5018.0
10752_10985,5018.0
10753_631,999999.0
10753_10760,5258.0
10753_12150,5258.0
10754_10755,6240.0
10754_10756,5258.0
10754_10985,6240.0
10755_631,999999.0
10755_10754,6240.0
10755_10758,6240.0
10756_1644,5258.0
10756_10754,5258.0
10756_10757,5258.0
10756_11974,5258.0
10757_8600,5258.0
10757_10756,5258.0
10757_10758,5258.0
10758_8601,6240.0
10758_10755,6240.0
10758_10757,5258.0
10759_10761,6240.0
10759_12912,12480.0
10760_10753,5258.0
10760_12151,4515.0
10761_10759,6240.0
10761_10763,6240.0
10761_10797,5018.0
10761_10798,5018.0
10762_666,999999.0
10762_12145,5258.0
10762_12146,6240.0
10763_10761,6240.0
10763_10764,9165.0
10763_12146,5258.0
10763_12147,9165.0
10764_666,999999.0
10764_10763,9165.0
10764_10765,9165.0
10765_10764,9165.0
10765_10796,7988.0
10765_11976,5258.0
10766_667,999999.0
10766_10767,5258.0
10766_12145,5258.0
10767_10766,5258.0
10767_10768,5258.0
10767_10776,5258.0
10768_667,999999.0
10768_10767,5258.0
10768_10770,5258.0
10769_667,999999.0
10769_8602,6240.0
10769_10770,6240.0
10770_10768,5258.0
10770_10769,6240.0
10770_10771,6240.0
10771_668,999999.0
10771_10770,6240.0
10771_10774,6240.0
10772_8603,5258.0
10772_10773,5258.0
10772_10995,6240.0
10773_668,999999.0
10773_10772,5258.0
10773_10774,5258.0
10774_10771,6240.0
10774_10773,5258.0
10774_10775,6240.0
10774_10777,6240.0
10775_668,999999.0
10775_10774,6240.0
10775_10776,6240.0
10776_10767,5258.0
10776_10775,6240.0
10776_10791,6240.0
10776_12144,5258.0
10777_670,999999.0
10777_10774,6240.0
10777_10994,6240.0
10778_10779,5018.0
10778_10791,6240.0
10778_10794,4515.0
10779_664,999999.0
10779_10778,5018.0
10779_10788,5018.0
10780_664,999999.0
10780_10781,5018.0
10780_10788,5018.0
10781_671,999999.0
10781_10780,5018.0
10781_10782,6240.0
10782_10781,6240.0
10782_10784,6240.0
10782_10988,6240.0
10782_10989,6240.0
10783_671,999999.0
10783_10784,6240.0
10783_10811,6240.0
10784_10782,6240.0
10784_10783,6240.0
10784_10785,14580.0
10784_10986,16770.0
10785_10784,14580.0
10785_10786,5018.0
10785_10790,16770.0
10785_10802,6240.0
10786_10785,5018.0
10786_10787,5018.0
10786_10789,5018.0
10787_664,999999.0
10787_10786,5018.0
10787_10788,5018.0
10788_10779,5018.0
10788_10780,5018.0
10788_10787,5018.0
10789_663,999999.0
10789_10786,5018.0
10789_10792,6240.0
10790_10785,16770.0
10790_10792,9165.0
10790_10798,14580.0
10790_10803,9165.0
10791_663,999999.0
10791_10776,6240.0
10791_10778,6240.0
10792_10789,6240.0
10792_10790,9165.0
10792_10793,7988.0
10793_665,999999.0
10793_10792,7988.0
10793_10794,7988.0
10794_10778,4515.0
10794_10793,7988.0
10794_10795,7988.0
10795_10794,7988.0
10795_10796,7988.0
10795_12148,4515.0
10796_10765,7988.0
10796_10795,7988.0
10796_10797,5018.0
10797_666,999999.0
10797_10761,5018.0
10797_10796,5018.0
10798_10746,14580.0
10798_10761,5018.0
10798_10790,14580.0
10798_12149,6240.0
10799_10800,6240.0
10799_10801,5258.0
10799_10805,6240.0
10799_12149,6240.0
10800_634,999999.0
10800_10730,6240.0
10800_10799,6240.0
10801_10725,5258.0
10801_10799,5258.0
10801_10807,6240.0
10802_663,999999.0
10802_10785,6240.0
10802_10804,6240.0
10803_663,999999.0
10803_10790,9165.0
10803_10804,9165.0
10804_10802,6240.0
10804_10803,9165.0
10804_10805,5258.0
10804_10810,9165.0
10805_10799,6240.0
10805_10804,5258.0
10805_10806,5258.0
10805_10810,6240.0
10806_10805,5258.0
10806_10807,6240.0
10806_10812,5258.0
10807_10801,6240.0
10807_10806,6240.0
10807_12156,5258.0
10808_672,999999.0
10808_10809,9165.0
10808_10810,9165.0
10809_10808,9165.0
10809_10973,9165.0
10809_10974,6240.0
10810_10804,9165.0
10810_10805,6240.0
10810_10808,9165.0
10810_10974,6240.0
10811_672,999999.0
10811_10783,6240.0
10811_10974,6240.0
10812_662,999999.0
10812_10806,5258.0
10812_10813,5258.0
10813_10812,5258.0
10813_10814,5258.0
10813_10819,5258.0
10814_10813,5258.0
10814_10815,5258.0
10814_10817,5258.0
10815_10814,5258.0
10815_10816,6240.0
10815_10817,6240.0
10816_673,999999.0
10816_10815,6240.0
10816_10965,6240.0
10817_10814,5258.0
10817_10815,6240.0
10817_10831,6240.0
10818_10819,6240.0
10818_10823,5258.0
10818_10830,6240.0
10819_10813,5258.0
10819_10818,6240.0
10819_12157,6240.0
10820_662,999999.0
10820_10725,6240.0
10820_12157,6240.0
10821_10166,6240.0
10821_10822,5018.0
10821_10823,5018.0
10821_12280,4515.0
10822_636,999999.0
10822_10722,6240.0
10822_10821,5018.0
10823_10818,5258.0
10823_10821,5018.0
10823_10827,6240.0
10823_12281,4515.0
10824_660,999999.0
10824_10825,4515.0
10824_12281,4515.0
10825_10824,4515.0
10825_10826,4515.0
10825_12280,4515.0
10826_660,999999.0
10826_10825,4515.0
10826_10839,5258.0
10827_661,999999.0
10827_10823,6240.0
10827_10829,6240.0
10828_661,999999.0
10828_10829,6240.0
10828_12282,6240.0
10829_10827,6240.0
10829_10828,6240.0
10829_10830,6240.0
10829_10832,6240.0
10830_10818,6240.0
10830_10829,6240.0
10830_10831,6240.0
10830_10832,6240.0
10831_661,999999.0
10831_10817,6240.0
10831_10830,6240.0
10832_10829,6240.0
10832_10830,6240.0
10832_10833,6240.0
10832_12158,6240.0
10833_661,999999.0
10833_10832,6240.0
10833_10834,6240.0
10834_10833,6240.0
10834_12283,6240.0
10834_12284,5018.0
10835_10836,6240.0
10835_12282,6240.0
10835_12283,6240.0
10836_659,999999.0
10836_10835,6240.0
10836_10837,6240.0
10837_10836,6240.0
10837_10838,5258.0
10837_10854,4358.0
10838_659,999999.0
10838_10837,5258.0
10838_10839,4050.0
10839_10826,5258.0
10839_10838,4050.0
10839_10840,4515.0
10840_10839,4515.0
10840_10852,4515.0
10840_12279,4515.0
10841_10842,5258.0
10841_10845,4515.0
10841_12279,4515.0
10842_10674,5258.0
10842_10841,5258.0
10842_12278,4515.0
10843_10844,18330.0
10843_12160,5258.0
10843_12162,9165.0
10844_10843,9165.0
10844_10845,5018.0
10844_10846,15975.0
10844_10874,5018.0
10845_10841,4515.0
10845_10844,5018.0
10845_10848,4515.0
10846_685,999999.0
10846_10844,7988.0
10846_10847,15975.0
10847_658,999999.0
10847_10846,7988.0
10847_10849,15975.0
10848_658,999999.0
10848_10845,4515.0
10848_10850,4515.0
10849_10847,7988.0
10849_10850,4515.0
10849_10860,14055.0
10850_10848,4515.0
10850_10849,4515.0
10850_10851,4515.0
10851_658,999999.0
10851_10850,4515.0
10851_10852,4515.0
10852_10840,4515.0
10852_10851,4515.0
10852_10853,4515.0
10853_657,999999.0
10853_10852,4515.0
10853_10854,4050.0
10854_10837,4358.0
10854_10853,4050.0
10854_10855,4358.0
10855_657,999999.0
10855_10854,4358.0
10855_10856,4358.0
10856_10165,10035.0
10856_10855,4358.0
10856_10858,7988.0
10856_10862,15975.0
10857_656,999999.0
10857_10165,10035.0
10857_10870,10035.0
10858_656,999999.0
10858_10856,15975.0
10858_10859,7028.0
10859_10858,14055.0
10859_10860,7028.0
10859_10861,5018.0
10860_657,999999.0
10860_10849,7028.0
10860_10859,14055.0
10861_656,999999.0
10861_10859,5018.0
10861_10873,5018.0
10862_655,999999.0
10862_10856,7988.0
10862_10863,15975.0
10863_10862,7988.0
10863_10864,5018.0
10863_10866,15975.0
10864_10863,5018.0
10864_11033,5018.0
10864_12284,5018.0
10865_654,999999.0
10865_11033,5018.0
10865_12159,6240.0
10866_654,999999.0
10866_10863,7988.0
10866_10867,18330.0
10867_10866,9165.0
10867_10868,6240.0
10867_12288,18330.0
10868_654,999999.0
10868_10867,6240.0
10868_10869,6240.0
10869_10868,6240.0
10869_10870,16770.0
10869_12289,16770.0
10870_10857,10035.0
10870_10869,16770.0
10870_10871,10035.0
10870_10872,33150.0
10871_10870,10035.0
10871_10877,5018.0
10871_10888,5018.0
10871_12291,5018.0
10872_10671,32415.0
10872_10870,33150.0
10872_10877,5018.0
10872_10887,5018.0
10873_685,999999.0
10873_10861,5018.0
10873_10875,5018.0
10874_643,999999.0
10874_10844,5018.0
10874_10875,5018.0
10875_10873,5018.0
10875_10874,5018.0
10875_10876,5018.0
10876_685,999999.0
10876_10875,5018.0
10876_10877,5018.0
10877_10871,5018.0
10877_10872,5018.0
10877_10876,5018.0
10877_12161,6240.0
10878_643,999999.0
10878_12161,6240.0
10878_12163,6240.0
10879_12163,6240.0
10879_12198,6240.0
10879_12294,5258.0
10880_10881,5258.0
10880_12293,5258.0
10880_12294,5258.0
10881_10880,5258.0
10881_10882,5258.0
10881_11980,5258.0
10882_10164,9165.0
10882_10881,5258.0
10882_10883,9165.0
10882_10885,5258.0
10883_644,999999.0
10883_10882,9165.0
10883_10884,9165.0
10884_10883,9165.0
10884_10885,5258.0
10884_12295,9165.0
10885_10670,5258.0
10885_10882,5258.0
10885_10884,5258.0
10885_12203,5258.0
10886_653,999999.0
10886_10887,5258.0
10886_12292,5258.0
10887_10872,5018.0
10887_10886,5258.0
10887_10888,6240.0
10888_10871,5018.0
10888_10887,6240.0
10888_10889,6240.0
10888_12188,5258.0
10889_653,999999.0
10889_10888,6240.0
10889_12190,6240.0
10890_653,999999.0
10890_10164,9165.0
10890_10891,9165.0
10891_10890,9165.0
10891_10895,6240.0
10891_12190,6240.0
10891_12191,6240.0
10892_652,999999.0
10892_10893,5258.0
10892_12187,5258.0
10893_1653,5258.0
10893_10892,5258.0
10893_12188,5258.0
10894_1653,5258.0
10894_10922,9165.0
10894_12191,6240.0
10895_647,999999.0
10895_10891,6240.0
10895_10896,6240.0
10896_10895,6240.0
10896_10897,5258.0
10896_10901,6240.0
10896_12195,5258.0
10897_647,999999.0
10897_10163,5258.0
10897_10896,5258.0
10898_10163,5258.0
10898_10899,5258.0
10898_10901,5258.0
10898_11986,5258.0
10899_647,999999.0
10899_10898,5258.0
10899_11037,5258.0
10900_10669,5258.0
10900_11037,5258.0
10900_12205,5258.0
10901_10896,6240.0
10901_10898,5258.0
10901_10902,6240.0
10902_648,999999.0
10902_10901,6240.0
10902_10903,6240.0
10903_10902,6240.0
10903_10904,6240.0
10903_10906,6240.0
10903_12196,5258.0
10904_648,999999.0
10904_10903,6240.0
10904_10915,6240.0
10905_10645,6240.0
10905_10906,6240.0
10906_10903,6240.0
10906_10905,6240.0
10906_10908,6240.0
10906_10914,5018.0
10907_610,999999.0
10907_10635,6240.0
10907_10908,6240.0
10908_10906,6240.0
10908_10907,6240.0
10908_10909,5018.0
10908_12232,5258.0
10909_649,999999.0
10909_10908,5018.0
10909_10910,5018.0
10910_8617,5018.0
10910_10909,5018.0
10910_10911,5018.0
10910_10913,5018.0
10911_649,999999.0
10911_10910,5018.0
10911_10912,5018.0
10912_8616,6240.0
10912_10911,5018.0
10912_10913,5018.0
10913_10910,5018.0
10913_10912,5018.0
10913_10914,5018.0
10913_10915,5018.0
10914_649,999999.0
10914_10906,5018.0
10914_10913,5018.0
10915_10904,6240.0
10915_10913,5018.0
10915_10916,5258.0
10916_648,999999.0
10916_1656,5258.0
10916_10915,5258.0
10917_650,999999.0
10917_1657,5258.0
10917_10921,5258.0
10918_8613,7988.0
10918_8614,5018.0
10918_10919,5018.0
10918_10920,7988.0
10919_651,999999.0
10919_10918,5018.0
10919_10923,5018.0
10920_651,999999.0
10920_10918,7988.0
10920_10921,7988.0
10921_10917,5258.0
10921_10920,7988.0
10921_10922,9165.0
10922_650,999999.0
10922_10894,9165.0
10922_10921,9165.0
10923_650,999999.0
10923_1652,5018.0
10923_10919,5018.0
10924_652,999999.0
10924_1652,5018.0
10924_10925,6240.0
10925_8612,6240.0
10925_10924,6240.0
10925_10926,6240.0
10926_10171,6240.0
10926_10925,6240.0
10926_10942,6240.0
10927_10929,6240.0
10927_12187,5258.0
10927_12290,6240.0
10927_12291,6240.0
10928_674,999999.0
10928_10930,18330.0
10928_12289,16770.0
10929_652,999999.0
10929_10171,6240.0
10929_10927,6240.0
10930_10928,18330.0
10930_10932,9165.0
10930_10942,18330.0
10931_674,999999.0
10931_10939,5018.0
10931_10942,6240.0
10932_674,999999.0
10932_10930,18330.0
10932_10933,9165.0
10933_10932,18330.0
10933_11985,5258.0
10933_12287,5258.0
10933_12288,9165.0
10934_12159,6240.0
10934_12286,6240.0
10934_12287,5258.0
10935_10936,6240.0
10935_12158,6240.0
10935_12286,6240.0
10936_10935,6240.0
10936_10937,6240.0
10936_10963,4515.0
10937_674,999999.0
10937_10936,6240.0
10937_10938,5018.0
10938_10937,5018.0
10938_10939,5018.0
10938_10941,5018.0
10938_10943,5018.0
10939_10931,5018.0
10939_10938,5018.0
10939_10940,4515.0
10940_10939,4515.0
10940_12154,5258.0
10940_12155,5258.0
10941_675,999999.0
10941_10938,5018.0
10941_10963,5018.0
10942_10926,6240.0
10942_10930,18330.0
10942_10931,6240.0
10942_10944,9165.0
10943_675,999999.0
10943_10938,5018.0
10943_10957,5018.0
10944_676,999999.0
10944_10942,9165.0
10944_10945,9165.0
10945_8611,9165.0
10945_10944,9165.0
10945_10946,5258.0
10946_676,999999.0
10946_10945,5258.0
10946_10947,5258.0
10947_10946,5258.0
10947_12153,5258.0
10947_12155,5258.0
10948_9964,5018.0
10948_9965,5018.0
10948_10440,6240.0
10949_10954,5258.0
10949_11073,9165.0
10949_12358,9165.0
10950_677,999999.0
10950_1650,9165.0
10950_10951,9165.0
10951_10950,9165.0
10951_10952,5258.0
10951_10956,9165.0
10951_12153,4515.0
10952_10951,5258.0
10952_10953,6240.0
10952_10955,6240.0
10953_677,999999.0
10953_8610,6240.0
10953_10952,6240.0
10954_10949,5258.0
10954_11073,5258.0
10954_11079,5258.0
10955_10952,6240.0
10955_10956,6240.0
10955_10958,6240.0
10956_10951,9165.0
10956_10955,6240.0
10956_10957,6240.0
10956_10959,9165.0
10957_676,999999.0
10957_10943,5018.0
10957_10956,6240.0
10958_10955,6240.0
10958_10961,6240.0
10958_11978,5258.0
10959_677,999999.0
10959_10956,9165.0
10959_10960,9165.0
10960_10959,9165.0
10960_10961,9165.0
10960_10962,4515.0
10960_11978,5258.0
10961_10958,6240.0
10961_10960,9165.0
10961_10966,9165.0
10962_673,999999.0
10962_10960,4515.0
10962_10963,4515.0
10963_10936,4515.0
10963_10941,5018.0
10963_10962,4515.0
10963_10964,6240.0
10964_673,999999.0
10964_10963,6240.0
10964_10965,6240.0
10965_10816,6240.0
10965_10964,6240.0
10965_10968,6240.0
10966_678,999999.0
10966_10961,9165.0
10966_10968,9165.0
10967_10968,6240.0
10967_10969,5258.0
10967_10972,6240.0
10968_10965,6240.0
10968_10966,9165.0
10968_10967,6240.0
10968_10973,9165.0
10969_678,999999.0
10969_10967,5258.0
10969_10970,5258.0
10970_8609,6240.0
10970_10969,5258.0
10970_10971,6240.0
10971_679,999999.0
10971_10970,6240.0
10971_10978,6240.0
10972_678,999999.0
10972_10967,6240.0
10972_10975,6240.0
10973_672,999999.0
10973_10809,9165.0
10973_10968,9165.0
10974_10809,6240.0
10974_10810,6240.0
10974_10811,6240.0
10974_10976,6240.0
10975_679,999999.0
10975_10972,6240.0
10975_10976,6240.0
10976_10974,6240.0
10976_10975,6240.0
10976_10978,6240.0
10977_636,999999.0
10977_10166,6240.0
10977_10167,6240.0
10978_10971,6240.0
10978_10976,6240.0
10978_10981,6240.0
10978_10986,6240.0
10979_10746,6240.0
10979_10747,5018.0
10980_636,999999.0
10980_10724,6240.0
10980_10726,6240.0
10981_679,999999.0
10981_10978,6240.0
10981_10982,6240.0
10982_5822,5258.0
10982_10981,6240.0
10982_10983,6240.0
10983_680,999999.0
10983_10982,6240.0
10983_10984,6240.0
10984_10983,6240.0
10984_10986,16770.0
10984_11009,6240.0
10984_11019,14580.0
10985_10752,5018.0
10985_10754,6240.0
10986_10784,16770.0
10986_10978,6240.0
10986_10984,16770.0
10986_10987,6240.0
10987_10986,6240.0
10987_10988,6240.0
10987_10990,6240.0
10987_11004,6240.0
10988_671,999999.0
10988_10782,6240.0
10988_10987,6240.0
10989_671,999999.0
10989_10782,6240.0
10989_10990,6240.0
10990_10987,6240.0
10990_10989,6240.0
10990_10991,6240.0
10991_10990,6240.0
10991_10992,5258.0
10991_10993,6240.0
10992_670,999999.0
10992_10991,5258.0
10992_11000,5258.0
10993_670,999999.0
10993_10991,6240.0
10993_10994,6240.0
10994_10777,6240.0
10994_10993,6240.0
10994_11977,5258.0
10995_669,999999.0
10995_8606,6240.0
10995_10772,6240.0
10996_8606,6240.0
10996_10997,6240.0
10996_11015,5258.0
10997_669,999999.0
10997_10996,6240.0
10997_10999,6240.0
10998_10169,5258.0
10998_10732,18330.0
10998_12109,18330.0
10999_682,999999.0
10999_10997,6240.0
10999_11000,6240.0
11000_10992,5258.0
11000_10999,6240.0
11000_11001,5018.0
11001_11000,5018.0
11001_11002,5018.0
11001_11014,5258.0
11002_681,999999.0
11002_11001,5018.0
11002_11003,5018.0
11003_11002,5018.0
11003_11004,5018.0
11003_11006,5018.0
11004_680,999999.0
11004_10987,6240.0
11004_11003,5018.0
11005_681,999999.0
11005_11007,5018.0
11005_11009,6240.0
11006_11003,5018.0
11006_11007,5018.0
11006_11011,5018.0
11006_11013,5258.0
11007_11005,5018.0
11007_11006,5018.0
11007_11008,5018.0
11008_681,999999.0
11008_11007,5018.0
11008_11019,5018.0
11009_680,999999.0
11009_10984,6240.0
11009_11005,6240.0
11010_1648,5258.0
11010_5822,5258.0
11010_8608,6240.0
11010_11019,5018.0
11011_681,999999.0
11011_11006,5018.0
11011_11012,5018.0
11012_11011,5018.0
11012_11016,6240.0
11012_11018,5258.0
11013_682,999999.0
11013_5898,5258.0
11013_11006,5258.0
11014_682,999999.0
11014_11001,5258.0
11014_11015,5258.0
11015_10996,5258.0
11015_11014,5258.0
11015_11016,5258.0
11016_11012,6240.0
11016_11015,5258.0
11016_11017,6240.0
11017_8604,6240.0
11017_9270,5258.0
11017_11016,6240.0
11017_11025,6240.0
11018_682,999999.0
11018_1649,5258.0
11018_11012,5258.0
11019_10984,14580.0
11019_11008,5018.0
11019_11010,5018.0
11019_11024,7290.0
11020_683,999999.0
11020_11021,6240.0
11020_11024,6240.0
11021_5894,6240.0
11021_11020,6240.0
11021_11022,5258.0
11022_683,999999.0
11022_11021,5258.0
11022_11023,5258.0
11023_11022,5258.0
11023_11026,5258.0
11024_11019,7290.0
11024_11020,6240.0
11024_11025,6240.0
11024_11028,32415.0
11025_1649,5258.0
11025_11017,6240.0
11025_11024,6240.0
11025_11028,5258.0
11026_11023,5258.0
11026_11027,18330.0
11026_11028,18330.0
11027_683,999999.0
11027_8605,18330.0
11027_11026,18330.0
11028_11024,32415.0
11028_11025,5258.0
11028_11026,18330.0
11029_5834,5018.0
11029_10256,5018.0
11029_11970,4358.0
11030_645,999999.0
11030_12212,6240.0
11030_12217,6240.0
11031_646,999999.0
11031_10646,9165.0
11031_12300,9165.0
11032_10530,6240.0
11032_10685,5258.0
11032_11982,6240.0
11032_12213,6240.0
11033_655,999999.0
11033_10864,5018.0
11033_10865,5018.0
11034_10551,7988.0
11034_10560,7988.0
11034_11035,5018.0
11035_10559,5018.0
11035_11034,5018.0
11035_11988,5018.0
11036_1656,5258.0
11036_12192,5258.0
11036_12194,5258.0
11037_10899,5258.0
11037_10900,5258.0
11037_12197,5258.0
11038_1271,999999.0
11038_10026,5258.0
11038_12220,5258.0
11039_1346,999999.0
11039_9963,4515.0
11039_9964,4515.0
11040_1287,999999.0
11040_2482,15975.0
11040_2483,15975.0
11041_878,999999.0
11041_2484,15975.0
11041_6923,15975.0
11042_911,999999.0
11042_9298,5018.0
11042_9301,5018.0
11043_1289,999999.0
11043_9300,15975.0
11043_9301,15975.0
11044_1289,999999.0
11044_9301,5018.0
11044_11836,5018.0
11045_1289,999999.0
11045_9304,15975.0
11045_9305,15975.0
11046_1290,999999.0
11046_2414,15975.0
11046_2415,7988.0
11047_913,999999.0
11047_2418,15975.0
11047_12852,15975.0
11048_1292,999999.0
11048_10369,5258.0
11048_11839,4515.0
11049_1292,999999.0
11049_9306,18330.0
11049_10368,18330.0
11050_1292,999999.0
11050_5783,6240.0
11050_10369,6240.0
11051_1293,999999.0
11051_10298,5018.0
11051_11825,5018.0
11052_1293,999999.0
11052_9390,7988.0
11052_9397,7988.0
11053_9377,6240.0
11053_9378,5258.0
11053_9381,6240.0
11054_957,999999.0
11054_9374,18330.0
11054_9377,18330.0
11055_9293,6240.0
11055_11530,6240.0
11055_12864,5258.0
11056_1302,999999.0
11056_2535,6240.0
11056_12893,5258.0
11057_11213,5258.0
11057_11215,5258.0
11057_12944,4515.0
11058_1303,999999.0
11058_11223,7988.0
11058_11224,7988.0
11059_6634,7988.0
11059_6635,7988.0
11059_6636,7988.0
11060_1042,999999.0
11060_6676,5018.0
11060_8679,5018.0
11061_1049,999999.0
11061_9167,4515.0
11061_12027,4515.0
11062_1307,999999.0
11062_6688,6240.0
11062_6690,6240.0
11063_1065,999999.0
11063_6779,9165.0
11063_6780,9165.0
11064_1065,999999.0
11064_6780,28598.0
11064_6782,28598.0
11065_11066,5258.0
11065_11290,6240.0
11065_11293,12480.0
11066_1310,999999.0
11066_11065,5258.0
11067_1086,999999.0
11067_11300,5258.0
11067_11301,5258.0
11068_1316,999999.0
11068_11326,5258.0
11068_11345,5258.0
11069_1317,999999.0
11069_6587,5018.0
11069_6661,5018.0
11070_1346,999999.0
11070_9962,5018.0
11070_10462,5018.0
11071_9815,5258.0
11071_9915,5258.0
11071_11072,6240.0
11072_11071,6240.0
11072_11083,6240.0
11072_12330,6240.0
11073_1678,9165.0
11073_10949,9165.0
11073_10954,5258.0
11074_7765,5018.0
11074_8465,6240.0
11074_11076,6240.0
11074_12358,9165.0
11075_7766,5018.0
11075_11076,6240.0
11075_11108,5258.0
11076_11074,6240.0
11076_11075,6240.0
11076_11077,6240.0
11076_11078,6240.0
11077_1024,999999.0
11077_11076,6240.0
11077_11108,6240.0
11078_11076,6240.0
11078_11079,5258.0
11078_11081,6240.0
11078_11106,5258.0
11079_1024,999999.0
11079_10954,5258.0
11079_11078,5258.0
11080_1024,999999.0
11080_11101,7988.0
11080_11102,7988.0
11081_1024,999999.0
11081_11078,6240.0
11081_11082,6240.0
11082_1679,6240.0
11082_1680,6240.0
11082_11081,6240.0
11082_11084,6240.0
11083_832,999999.0
11083_9914,6240.0
11083_11072,6240.0
11084_1681,9165.0
11084_11082,6240.0
11084_11088,5018.0
11084_11104,7988.0
11085_1026,999999.0
11085_8633,7988.0
11085_11086,10035.0
11086_11085,10035.0
11086_11087,10035.0
11086_11092,5018.0
11087_1026,999999.0
11087_1682,6240.0
11087_11086,10035.0
11087_11088,10035.0
11088_11084,5018.0
11088_11087,10035.0
11088_11089,5018.0
11089_11088,5018.0
11089_11090,5258.0
11089_11103,6240.0
11090_1025,999999.0
11090_11089,5258.0
11090_11092,5258.0
11091_1025,999999.0
11091_11093,6240.0
11091_11097,6240.0
11092_11086,5018.0
11092_11090,5258.0
11092_11093,6240.0
11093_11091,6240.0
11093_11092,6240.0
11093_11094,6240.0
11093_11135,5018.0
11094_11093,6240.0
11094_11095,5258.0
11094_11132,9165.0
11095_1025,999999.0
11095_11094,5258.0
11095_11097,5258.0
11096_6944,999999.0
11096_8550,51728.0
11097_11091,6240.0
11097_11095,5258.0
11097_12363,5018.0
11098_11099,5018.0
11098_11120,4515.0
11098_12363,5018.0
11099_1027,999999.0
11099_11098,5018.0
11099_11100,5018.0
11100_11099,5018.0
11100_11111,5018.0
11100_11118,5018.0
11100_12362,5018.0
11101_11080,7988.0
11101_12361,7988.0
11101_12362,5018.0
11102_11080,7988.0
11102_11103,5018.0
11102_11104,7988.0
11103_11089,6240.0
11103_11102,5018.0
11103_11104,4515.0
11104_11084,7988.0
11104_11102,7988.0
11104_11103,4515.0
11105_11110,7988.0
11105_12360,5018.0
11105_12361,7988.0
11106_10382,5018.0
11106_11078,5258.0
11106_12360,5018.0
11107_1019,999999.0
11107_5850,4515.0
11107_7836,4515.0
11108_11075,5258.0
11108_11077,6240.0
11108_11109,6240.0
11109_9179,5018.0
11109_10382,5018.0
11109_11108,6240.0
11109_11114,5018.0
11110_11105,7988.0
11110_11111,5018.0
11110_11112,7988.0
11110_12359,5018.0
11111_1027,999999.0
11111_11100,5018.0
11111_11110,5018.0
11112_1027,999999.0
11112_11110,7988.0
11112_11113,15975.0
11113_11112,15975.0
11113_11114,4515.0
11113_11117,4515.0
11113_11248,7988.0
11114_7812,4515.0
11114_11109,5018.0
11114_11113,4515.0
11114_11115,5018.0
11115_5851,15975.0
11115_11114,5018.0
11115_11119,5018.0
11115_11248,999999.0
11116_11117,5018.0
11116_11119,4515.0
11116_11248,5018.0
11117_11113,4515.0
11117_11116,5018.0
11117_11118,5018.0
11118_1027,999999.0
11118_11100,5018.0
11118_11117,5018.0
11119_8397,7988.0
11119_11115,5018.0
11119_11116,4515.0
11119_11120,4515.0
11120_11098,4515.0
11120_11119,4515.0
11120_11131,6240.0
11121_8285,5018.0
11121_8397,7988.0
11121_11122,6240.0
11122_8373,9165.0
11122_11121,6240.0
11122_11129,9165.0
11122_11251,6240.0
11123_1569,999999.0
11123_7847,5018.0
11123_7865,5018.0
11123_11251,5018.0
11124_1017,999999.0
11124_1572,6240.0
11124_11125,6240.0
11125_11124,6240.0
11125_11126,6240.0
11125_11127,5258.0
11126_10379,5258.0
11126_11125,6240.0
11126_11164,6240.0
11126_11183,5258.0
11127_10379,9165.0
11127_11125,5258.0
11127_11128,9165.0
11128_11127,9165.0
11128_11129,9165.0
11128_11130,6240.0
11129_1017,999999.0
11129_11122,9165.0
11129_11128,9165.0
11130_1017,999999.0
11130_11128,6240.0
11130_11131,5258.0
11131_11120,6240.0
11131_11130,5258.0
11131_11132,6240.0
11132_11094,9165.0
11132_11131,6240.0
11132_11133,5258.0
11133_1031,999999.0
11133_11132,5258.0
11133_11160,5258.0
11134_1031,999999.0
11134_1683,5258.0
11134_12364,5258.0
11135_1683,5258.0
11135_11093,5018.0
11135_12672,6240.0
11136_11137,5258.0
11136_11139,9165.0
11136_11249,9165.0
11137_1030,999999.0
11137_10381,5258.0
11137_11136,5258.0
11138_11139,6240.0
11138_11143,6240.0
11138_12916,4515.0
11139_11136,9165.0
11139_11138,6240.0
11139_12915,7028.0
11140_11141,4358.0
11140_11158,7028.0
11140_12915,7028.0
11141_11140,4358.0
11141_11142,4358.0
11141_11153,4358.0
11141_12917,4515.0
11142_11141,4358.0
11142_11143,4358.0
11142_11152,4050.0
11142_12917,4515.0
11143_11138,6240.0
11143_11142,4358.0
11143_11144,8715.0
11144_1030,999999.0
11144_10380,8715.0
11144_11143,8715.0
11145_10380,4358.0
11145_10381,4050.0
11145_11146,4358.0
11145_11150,4050.0
11146_1028,999999.0
11146_11145,4358.0
11146_11148,4358.0
11147_10381,4050.0
11147_11148,7028.0
11147_12918,9165.0
11148_11146,4358.0
11148_11147,7028.0
11148_11149,7028.0
11148_12919,4358.0
11149_11148,7028.0
11149_11150,4050.0
11149_11172,7028.0
11150_11145,4050.0
11150_11149,4050.0
11150_11151,4050.0
11150_11156,4050.0
11151_1028,999999.0
11151_10380,4050.0
11151_11150,4050.0
11151_11152,4050.0
11152_11142,4050.0
11152_11151,4050.0
11152_11153,4050.0
11153_11141,4358.0
11153_11152,4050.0
11153_11154,4358.0
11154_1028,999999.0
11154_11153,4358.0
11154_11155,4358.0
11155_11154,4358.0
11155_11157,4358.0
11155_11158,4050.0
11156_1028,999999.0
11156_11150,4050.0
11156_11157,4050.0
11157_11155,4358.0
11157_11156,4050.0
11157_11171,4358.0
11158_11140,7028.0
11158_11155,4050.0
11158_11159,4050.0
11158_11168,7028.0
11159_11158,4050.0
11159_11160,5258.0
11159_11161,4050.0
11160_11133,5258.0
11160_11159,5258.0
11160_12364,5258.0
11161_11159,4050.0
11161_11162,9165.0
11161_11167,14055.0
11162_11161,9165.0
11162_11163,9165.0
11162_11164,5258.0
11163_1031,999999.0
11163_10379,9165.0
11163_11162,9165.0
11164_11126,6240.0
11164_11162,5258.0
11164_11165,7028.0
11164_11183,7988.0
11165_1031,999999.0
11165_11164,7028.0
11165_11166,7028.0
11166_1029,999999.0
11166_11165,7028.0
11166_11169,7028.0
11167_1029,999999.0
11167_11161,14055.0
11167_11168,14055.0
11168_11158,7028.0
11168_11167,14055.0
11168_11169,7028.0
11169_11166,7028.0
11169_11168,7028.0
11169_11170,7028.0
11170_11169,7028.0
11170_11171,7028.0
11170_11174,4050.0
11171_11157,4358.0
11171_11170,7028.0
11171_11172,7028.0
11172_11149,7028.0
11172_11171,7028.0
11172_11173,7028.0
11173_11172,7028.0
11173_12920,4050.0
11173_12922,9165.0
11174_1029,999999.0
11174_11170,4050.0
11174_11178,4050.0
11175_8636,18330.0
11175_11176,15975.0
11175_12921,6240.0
11176_11175,15975.0
11176_11177,7988.0
11176_11178,15975.0
11176_12922,9165.0
11177_1032,999999.0
11177_11176,7988.0
11177_11191,7988.0
11178_11174,4050.0
11178_11176,15975.0
11178_11179,24930.0
11178_11190,9030.0
11179_1032,999999.0
11179_11178,24930.0
11179_11180,24930.0
11180_11179,24930.0
11180_11181,4515.0
11180_11182,24930.0
11181_1032,999999.0
11181_11180,4515.0
11181_11187,4515.0
11182_11180,24930.0
11182_11183,9165.0
11182_11184,28598.0
11182_11185,18330.0
11183_11126,5258.0
11183_11164,7988.0
11183_11182,9165.0
11184_1017,999999.0
11184_8535,28598.0
11184_11182,28598.0
11185_5855,15975.0
11185_11182,18330.0
11185_11187,4515.0
11186_5855,15975.0
11186_7866,15975.0
11186_11644,5258.0
11187_11181,4515.0
11187_11185,4515.0
11187_11188,4515.0
11188_11187,4515.0
11188_11189,4515.0
11188_11197,5258.0
11188_12928,5258.0
11189_11188,4515.0
11189_11190,4515.0
11189_11191,4515.0
11190_1032,999999.0
11190_11178,9030.0
11190_11189,4515.0
11191_11177,7988.0
11191_11189,4515.0
11191_11640,15975.0
11191_11642,5258.0
11192_11193,18330.0
11192_11640,15975.0
11192_12928,10515.0
11193_11192,18330.0
11193_11194,18330.0
11193_11643,5258.0
11194_1033,999999.0
11194_11193,18330.0
11194_11204,15975.0
11195_11198,5258.0
11195_11643,5258.0
11195_12924,5258.0
11196_11197,5258.0
11196_11644,5258.0
11196_12924,5258.0
11197_1353,999999.0
11197_11188,5258.0
11197_11196,5258.0
11198_11195,5258.0
11198_11199,5258.0
11198_12929,5258.0
11199_1033,999999.0
11199_11198,5258.0
11199_11200,5258.0
11200_11199,5258.0
11200_11201,6240.0
11200_11202,6240.0
11200_11228,5258.0
11201_7902,12480.0
11201_10378,5258.0
11201_11200,6240.0
11202_11200,6240.0
11202_11203,6240.0
11202_11227,4515.0
11202_12929,5258.0
11203_11202,6240.0
11203_11204,5018.0
11203_12367,5258.0
11204_11194,15975.0
11204_11203,5018.0
11204_11205,5018.0
11204_11206,7988.0
11205_1035,999999.0
11205_8637,5018.0
11205_11204,5018.0
11206_1035,999999.0
11206_11204,7988.0
11206_11207,7988.0
11207_11206,7988.0
11207_11225,15975.0
11207_12113,14580.0
11207_12931,7988.0
11208_11253,4515.0
11208_12931,7988.0
11208_12932,7988.0
11209_11210,7988.0
11209_11220,7988.0
11209_12932,7988.0
11210_11209,7988.0
11210_11211,5018.0
11210_11219,7988.0
11211_11210,5018.0
11211_12933,4515.0
11211_12938,5018.0
11212_11213,15975.0
11212_11218,15975.0
11212_12113,14580.0
11212_12933,4515.0
11213_11057,5258.0
11213_11212,15975.0
11213_11214,18330.0
11214_11213,18330.0
11214_12939,4515.0
11214_12941,15975.0
11214_12943,4515.0
11215_8641,5258.0
11215_11057,5258.0
11215_11216,5258.0
11216_1303,999999.0
11216_11215,5258.0
11216_12937,4515.0
11217_1638,14760.0
11217_10469,51728.0
11217_12365,50580.0
11218_1638,999999.0
11218_11212,15975.0
11218_11219,7988.0
11219_11210,7988.0
11219_11218,7988.0
11219_12933,4515.0
11219_12934,4515.0
11220_11209,7988.0
11220_11223,7988.0
11220_12936,5018.0
11221_11222,5018.0
11221_12936,5018.0
11221_12937,4515.0
11222_1037,999999.0
11222_11221,5018.0
11222_12366,5018.0
11223_11058,7988.0
11223_11220,7988.0
11223_11253,4515.0
11224_11058,7988.0
11224_11225,15975.0
11224_11226,15975.0
11225_11207,15975.0
11225_11224,15975.0
11225_12930,4515.0
11225_12931,4515.0
11226_11224,15975.0
11226_11227,4515.0
11226_11228,18330.0
11227_1035,999999.0
11227_11202,4515.0
11227_11226,4515.0
11228_11200,5258.0
11228_11226,18330.0
11228_11229,5258.0
11228_11235,18330.0
11229_11228,5258.0
11229_11230,5258.0
11229_11232,5258.0
11230_1034,999999.0
11230_11229,5258.0
11230_11252,5258.0
11231_1303,999999.0
11231_11232,6240.0
11231_12366,5018.0
11232_8642,6240.0
11232_11229,5258.0
11232_11231,6240.0
11233_5861,5258.0
11233_8264,5258.0
11233_12372,5258.0
11234_1034,999999.0
11234_11252,5258.0
11234_12369,5258.0
11235_1034,999999.0
11235_11228,18330.0
11235_12368,18330.0
11236_11237,18330.0
11236_12368,18330.0
11236_12369,5258.0
11237_11236,18330.0
11237_11239,9165.0
11237_11240,18330.0
11238_8048,7988.0
11238_10378,4515.0
11238_11239,9165.0
11239_11237,9165.0
11239_11238,9165.0
11239_11240,9165.0
11240_11237,18330.0
11240_11239,9165.0
11240_11242,9165.0
11240_11767,18330.0
11241_8266,18330.0
11241_11242,5018.0
11241_11765,5018.0
11241_11767,18330.0
11242_1034,999999.0
11242_11240,9165.0
11242_11241,5018.0
11242_12370,9165.0
11243_8267,9165.0
11243_8643,9165.0
11243_12372,5258.0
11244_8644,6240.0
11244_11245,6240.0
11244_11246,5258.0
11245_1008,999999.0
11245_5861,6240.0
11245_11244,6240.0
11246_1008,999999.0
11246_11244,5258.0
11246_11247,5258.0
11247_5861,5258.0
11247_5862,5258.0
11247_10334,5258.0
11247_11246,5258.0
11248_11113,7988.0
11248_11115,999999.0
11248_11116,5018.0
11249_8634,9165.0
11249_11136,9165.0
11249_12672,6240.0
11250_1347,999999.0
11250_9745,5018.0
11250_12603,6240.0
11251_11122,6240.0
11251_11123,10035.0
11252_11230,5258.0
11252_11234,5258.0
11253_1037,999999.0
11253_11208,4515.0
11253_11223,4515.0
11254_9808,6240.0
11254_10362,6240.0
11254_12604,5258.0
11255_1347,999999.0
11255_10362,6240.0
11255_10452,6240.0
11256_1317,999999.0
11256_6660,4515.0
11256_8377,4515.0
11257_1318,999999.0
11257_6593,5018.0
11257_12026,5018.0
11258_1109,999999.0
11258_11391,5258.0
11258_11397,5258.0
11259_1319,999999.0
11259_6711,5258.0
11259_11399,5258.0
11260_1321,999999.0
11260_11382,5258.0
11260_11452,5258.0
11261_1116,999999.0
11261_11404,6240.0
11261_11405,6240.0
11262_1116,999999.0
11262_11405,6240.0
11262_11407,6240.0
11263_1322,999999.0
11263_11412,5258.0
11263_11413,5258.0
11264_1324,999999.0
11264_11442,5258.0
11264_12393,5258.0
11265_1323,999999.0
11265_11429,6240.0
11265_11430,6240.0
11266_1325,999999.0
11266_6579,18330.0
11266_11267,18330.0
11267_1326,999999.0
11267_6583,18330.0
11267_11266,18330.0
11268_1326,999999.0
11268_6583,5018.0
11268_13131,5018.0
11269_1322,999999.0
11269_11408,5258.0
11269_11409,5258.0
11270_1319,999999.0
11270_11399,5258.0
11270_12389,5258.0
11271_10334,5258.0
11271_11272,5258.0
11271_11275,5258.0
11272_11271,5258.0
11272_11273,5258.0
11272_11274,6240.0
11272_12374,6240.0
11273_6883,5258.0
11273_11272,5258.0
11273_12000,6240.0
11273_12375,6240.0
11274_1079,999999.0
11274_11272,6240.0
11274_11275,6240.0
11275_11271,5258.0
11275_11274,6240.0
11275_11276,6240.0
11275_11317,5258.0
11276_1079,999999.0
11276_11275,6240.0
11276_11277,6240.0
11277_11276,6240.0
11277_11278,5258.0
11277_11280,6240.0
11278_1687,5258.0
11278_11277,5258.0
11278_11279,5258.0
11279_1080,999999.0
11279_11278,5258.0
11279_11280,5258.0
11280_11277,6240.0
11280_11279,5258.0
11280_11281,6240.0
11281_11280,6240.0
11281_11282,6240.0
11281_11284,5258.0
11282_1080,999999.0
11282_11281,6240.0
11282_11283,6240.0
11283_8645,9165.0
11283_11282,6240.0
11283_11284,9165.0
11283_11286,6240.0
11284_11281,5258.0
11284_11283,9165.0
11284_11285,9165.0
11284_12002,5258.0
11285_1080,999999.0
11285_11284,9165.0
11285_11309,9165.0
11286_1688,6240.0
11286_11283,6240.0
11286_12001,5258.0
11287_1294,999999.0
11287_9422,5018.0
11287_9626,5018.0
11288_1689,6240.0
11288_11289,6240.0
11288_12001,5258.0
11289_11288,6240.0
11289_12002,5258.0
11289_12003,6240.0
11290_11065,6240.0
11290_11291,5258.0
11290_12003,6240.0
11291_1311,999999.0
11291_11290,5258.0
11291_12047,5258.0
11292_1081,999999.0
11292_11293,10515.0
11293_6740,10515.0
11293_11065,12480.0
11293_11292,10515.0
11293_11294,8715.0
11294_11293,8715.0
11294_11295,4358.0
11295_3814,6240.0
11295_11294,4358.0
11295_11297,4358.0
11295_11306,4358.0
11296_11344,6240.0
11296_11350,6240.0
11297_11295,4358.0
11297_11298,4358.0
11297_11303,4358.0
11298_11297,4358.0
11298_11299,6240.0
11298_11300,4358.0
11299_1311,999999.0
11299_11298,6240.0
11299_11354,6240.0
11300_11067,5258.0
11300_11298,4358.0
11300_11350,6240.0
11300_11353,5258.0
11301_8039,4515.0
11301_11067,5258.0
11301_11302,8715.0
11301_11349,12480.0
11302_11301,8715.0
11302_11304,14055.0
11302_12050,4358.0
11303_1082,999999.0
11303_11297,4358.0
11303_12050,4358.0
11304_1313,999999.0
11304_11302,14055.0
11304_11305,7028.0
11305_8275,6240.0
11305_11304,7028.0
11305_11306,4358.0
11305_11307,7028.0
11306_1082,999999.0
11306_11295,4358.0
11306_11305,4358.0
11307_1088,999999.0
11307_11305,7028.0
11307_11311,7028.0
11308_3814,6240.0
11308_6740,10515.0
11308_11309,8715.0
11309_11285,9165.0
11309_11308,8715.0
11309_11310,4358.0
11309_11311,7028.0
11310_11309,4358.0
11310_11312,4358.0
11310_11314,4358.0
11311_11307,7028.0
11311_11309,7028.0
11311_11312,7028.0
11311_11320,7028.0
11312_11310,4358.0
11312_11311,7028.0
11312_11313,7028.0
11312_11319,4358.0
11313_11312,7028.0
11313_11314,6240.0
11313_11318,18330.0
11314_11310,4358.0
11314_11313,6240.0
11314_11315,6240.0
11315_11314,6240.0
11315_11316,6240.0
11315_11318,5258.0
11316_11315,6240.0
11316_11317,5258.0
11316_12000,6240.0
11317_1079,999999.0
11317_11275,5258.0
11317_11316,5258.0
11318_5865,18330.0
11318_11313,18330.0
11318_11315,5258.0
11318_11319,5258.0
11319_6880,6240.0
11319_11312,4358.0
11319_11318,5258.0
11319_11320,5258.0
11320_11311,7028.0
11320_11319,5258.0
11320_11321,9165.0
11320_11324,5258.0
11321_11320,9165.0
11321_11322,9165.0
11321_11324,6240.0
11322_11321,9165.0
11322_11323,9165.0
11322_11511,6240.0
11323_1088,999999.0
11323_11322,9165.0
11323_11327,9165.0
11324_8275,5018.0
11324_11320,5258.0
11324_11321,6240.0
11324_11325,4050.0
11325_8039,5258.0
11325_11324,4050.0
11325_11326,5258.0
11325_11348,5258.0
11326_11068,5258.0
11326_11325,5258.0
11326_11327,5258.0
11326_11328,5258.0
11327_6840,9165.0
11327_11323,9165.0
11327_11326,5258.0
11328_1088,999999.0
11328_8376,5258.0
11328_11326,5258.0
11329_1089,999999.0
11329_6836,6240.0
11329_11330,6240.0
11330_11329,6240.0
11330_11331,6240.0
11330_11334,5258.0
11331_8376,9165.0
11331_11330,6240.0
11331_11332,9165.0
11331_11346,5018.0
11332_1089,999999.0
11332_11331,9165.0
11332_11333,9165.0
11333_11332,9165.0
11333_11334,5258.0
11333_11337,9165.0
11334_11330,5258.0
11334_11333,5258.0
11334_11335,5258.0
11334_11336,5258.0
11335_1089,999999.0
11335_11334,5258.0
11335_12038,5258.0
11336_8730,18330.0
11336_11334,5258.0
11336_11337,12480.0
11337_11333,9165.0
11337_11336,12480.0
11337_11386,9165.0
11337_12042,10035.0
11338_1087,999999.0
11338_11339,10035.0
11338_12042,10035.0
11339_11338,10035.0
11339_11340,4515.0
11339_11341,10035.0
11339_11380,5018.0
11340_11339,4515.0
11340_11371,5258.0
11340_11372,4515.0
11341_11339,10035.0
11341_11342,5018.0
11341_11518,5018.0
11342_1087,999999.0
11342_11341,5018.0
11342_11343,5018.0
11343_11342,5018.0
11343_11344,6240.0
11343_11345,4515.0
11344_11296,6240.0
11344_11343,6240.0
11344_11345,5018.0
11344_11347,6240.0
11345_11068,5258.0
11345_11343,4515.0
11345_11344,5018.0
11345_11346,5018.0
11346_1316,999999.0
11346_11331,5018.0
11346_11345,5018.0
11347_1316,999999.0
11347_11344,6240.0
11347_11348,6240.0
11348_11325,5258.0
11348_11347,6240.0
11348_11349,12480.0
11349_1086,999999.0
11349_11301,12480.0
11349_11348,12480.0
11350_1086,999999.0
11350_11296,6240.0
11350_11300,6240.0
11351_10377,5258.0
11351_11352,6240.0
11351_12049,6240.0
11352_1085,999999.0
11352_11351,6240.0
11352_12046,5018.0
11353_11300,5258.0
11353_11354,6240.0
11353_11355,6240.0
11353_11525,6240.0
11354_11299,6240.0
11354_11353,6240.0
11354_11355,6240.0
11354_11357,6240.0
11355_11353,6240.0
11355_11354,6240.0
11355_11510,6240.0
11356_7671,5258.0
11356_11359,5258.0
11356_11361,6240.0
11356_11510,6240.0
11357_11354,6240.0
11357_11358,5258.0
11357_12047,5258.0
11358_11357,5258.0
11358_11510,5258.0
11358_12048,5258.0
11359_1314,999999.0
11359_11356,5258.0
11359_12048,5258.0
11360_1314,999999.0
11360_7699,6240.0
11360_11361,6240.0
11361_11356,6240.0
11361_11360,6240.0
11361_11364,5258.0
11362_7699,6240.0
11362_8647,9165.0
11362_11363,9165.0
11363_11362,9165.0
11363_11364,5258.0
11363_11365,9165.0
11364_1315,999999.0
11364_11361,5258.0
11364_11363,5258.0
11365_1315,999999.0
11365_11363,9165.0
11365_11366,9165.0
11366_11365,9165.0
11366_11367,999999.0
11366_11479,9165.0
11366_12044,9165.0
11367_11366,999999.0
11367_11368,5258.0
11367_11374,6240.0
11368_1315,999999.0
11368_11367,5258.0
11368_11369,5258.0
11369_10377,5258.0
11369_11368,5258.0
11369_11370,5258.0
11370_1085,999999.0
11370_11369,5258.0
11370_11371,5258.0
11371_11340,5258.0
11371_11370,5258.0
11371_11372,5258.0
11371_11373,5258.0
11372_11340,4515.0
11372_11371,5258.0
11372_11375,5258.0
11373_1085,999999.0
11373_11371,5258.0
11373_11374,5258.0
11374_11367,6240.0
11374_11373,5258.0
11374_11375,6240.0
11375_11372,5258.0
11375_11374,6240.0
11375_11377,6240.0
11376_6609,4515.0
11376_8301,4515.0
11377_11375,6240.0
11377_11378,6240.0
11377_12043,6240.0
11378_11377,6240.0
11378_11379,6240.0
11378_11380,5018.0
11379_1110,999999.0
11379_11378,6240.0
11379_11385,6240.0
11380_1085,999999.0
11380_11339,5018.0
11380_11378,5018.0
11381_1154,999999.0
11381_8356,4515.0
11381_11519,4515.0
11382_11260,5258.0
11382_11383,5258.0
11382_12043,6240.0
11382_12045,6240.0
11383_11382,5258.0
11383_11385,9165.0
11383_11448,9165.0
11383_12040,5258.0
11384_7101,5018.0
11384_10658,5018.0
11384_11463,4515.0
11385_11379,6240.0
11385_11383,9165.0
11385_11386,18330.0
11385_11387,6240.0
11386_11337,9165.0
11386_11385,18330.0
11386_11387,5258.0
11387_11385,6240.0
11387_11386,5258.0
11387_11388,6240.0
11388_11387,6240.0
11388_11389,6240.0
11388_12040,5258.0
11389_11388,6240.0
11389_11390,6240.0
11389_12041,5258.0
11390_11389,6240.0
11390_11391,5258.0
11390_12039,6240.0
11391_11258,5258.0
11391_11390,5258.0
11391_11392,6240.0
11391_11393,6240.0
11392_1109,999999.0
11392_6720,6240.0
11392_11391,6240.0
11393_11391,6240.0
11393_11394,5258.0
11393_11405,6240.0
11394_1109,999999.0
11394_11393,5258.0
11394_11395,5258.0
11395_11394,5258.0
11395_11396,9165.0
11395_11399,5258.0
11395_11404,9165.0
11396_1319,999999.0
11396_11395,9165.0
11396_11397,9165.0
11397_11258,5258.0
11397_11396,9165.0
11397_11398,9165.0
11398_5875,9165.0
11398_6716,5258.0
11398_11397,9165.0
11399_11259,5258.0
11399_11270,5258.0
11399_11395,5258.0
11400_6663,6240.0
11400_11401,5258.0
11400_12389,5258.0
11400_12390,6240.0
11401_6661,5258.0
11401_6662,6240.0
11401_11400,5258.0
11401_11402,6240.0
11402_5879,6240.0
11402_11401,6240.0
11402_12032,6240.0
11402_12391,6240.0
11403_11404,6240.0
11403_12033,5258.0
11403_12390,6240.0
11403_12391,6240.0
11404_11261,6240.0
11404_11395,9165.0
11404_11403,6240.0
11404_12034,9165.0
11405_11261,6240.0
11405_11262,6240.0
11405_11393,6240.0
11405_12039,6240.0
11406_1116,999999.0
11406_11407,9165.0
11406_11450,9165.0
11407_11262,6240.0
11407_11406,9165.0
11407_11408,5258.0
11407_11410,9165.0
11408_11269,5258.0
11408_11407,5258.0
11408_11411,5258.0
11409_11269,5258.0
11409_11410,9165.0
11409_11412,9165.0
11410_11407,9165.0
11410_11409,9165.0
11410_11414,18330.0
11410_12034,9165.0
11411_11408,5258.0
11411_11412,9165.0
11411_11432,6240.0
11411_11433,9165.0
11412_11263,5258.0
11412_11409,9165.0
11412_11411,9165.0
11413_11263,5258.0
11413_11414,5258.0
11413_11417,5258.0
11413_11430,5258.0
11414_11410,18330.0
11414_11413,5258.0
11414_11415,18330.0
11414_12033,5258.0
11415_11414,18330.0
11415_11416,18330.0
11415_11417,5258.0
11416_10373,6240.0
11416_10374,18330.0
11416_11415,18330.0
11416_11417,5258.0
11417_11413,5258.0
11417_11415,5258.0
11417_11416,5258.0
11417_12055,5258.0
11418_11419,6240.0
11418_12054,6240.0
11418_12055,5258.0
11419_5881,6240.0
11419_10374,6240.0
11419_11418,6240.0
11419_11533,5258.0
11420_5882,5258.0
11420_11421,5258.0
11420_11423,5258.0
11420_12053,5258.0
11421_8113,5258.0
11421_11420,5258.0
11421_11422,5258.0
11422_1330,999999.0
11422_11421,5258.0
11422_12117,5258.0
11423_1330,999999.0
11423_11420,5258.0
11423_11424,5258.0
11424_11423,5258.0
11424_11425,6240.0
11424_11429,6240.0
11425_1324,999999.0
11425_11424,6240.0
11425_11426,6240.0
11426_1330,999999.0
11426_11425,6240.0
11426_11427,6240.0
11427_10336,5258.0
11427_11426,6240.0
11427_11428,6240.0
11427_12117,4515.0
11428_1355,999999.0
11428_10335,6240.0
11428_11427,6240.0
11429_11265,6240.0
11429_11424,6240.0
11429_12051,6240.0
11429_12054,6240.0
11430_11265,6240.0
11430_11413,5258.0
11430_11431,6240.0
11431_1323,999999.0
11431_11430,6240.0
11431_11432,6240.0
11432_11411,6240.0
11432_11431,6240.0
11432_11433,5258.0
11433_11411,9165.0
11433_11432,5258.0
11433_11434,9165.0
11434_1323,999999.0
11434_5787,9165.0
11434_11433,9165.0
11435_5787,9165.0
11435_11440,7988.0
11435_11441,4515.0
11436_1117,999999.0
11436_11437,5018.0
11436_11440,5018.0
11437_7984,5018.0
11437_11436,5018.0
11437_11439,4515.0
11438_1117,999999.0
11438_11439,7988.0
11438_11440,7988.0
11439_11437,4515.0
11439_11438,7988.0
11439_11445,7988.0
11440_11435,7988.0
11440_11436,5018.0
11440_11438,7988.0
11441_11435,4515.0
11441_11442,5018.0
11441_11444,5018.0
11442_11264,5258.0
11442_11441,5018.0
11442_11443,6240.0
11443_1323,999999.0
11443_11442,6240.0
11443_12051,6240.0
11444_1117,999999.0
11444_11441,5018.0
11444_11445,5018.0
11445_11439,7988.0
11445_11444,5018.0
11445_11446,999999.0
11446_10386,5018.0
11446_11445,999999.0
11446_11464,4515.0
11446_11465,7988.0
11447_11448,9165.0
11447_11451,9165.0
11447_11456,9165.0
11447_11512,9165.0
11448_11383,9165.0
11448_11447,9165.0
11448_11449,6240.0
11448_12045,6240.0
11449_11448,6240.0
11449_11512,6240.0
11449_12041,5258.0
11450_11406,9165.0
11450_11512,9165.0
11451_1321,999999.0
11451_11447,9165.0
11451_11452,9165.0
11452_11260,5258.0
11452_11451,9165.0
11452_11453,5258.0
11452_12044,9165.0
11453_1114,999999.0
11453_11452,5258.0
11453_11480,5258.0
11454_1114,999999.0
11454_11455,6240.0
11454_11485,6240.0
11455_11454,6240.0
11455_11458,6240.0
11455_11477,5258.0
11455_12392,5258.0
11456_10384,9165.0
11456_11447,9165.0
11456_12392,5258.0
11457_9702,18330.0
11457_9703,5258.0
11457_9771,9165.0
11458_10384,9165.0
11458_10385,5018.0
11458_11455,6240.0
11458_11462,9165.0
11459_1159,999999.0
11459_7112,5018.0
11459_8343,5018.0
11460_1132,999999.0
11460_8193,4515.0
11460_11474,4515.0
11461_7111,5018.0
11461_7112,5018.0
11461_10658,4515.0
11462_10386,6240.0
11462_11458,9165.0
11462_11475,18330.0
11463_1159,999999.0
11463_7112,4515.0
11463_11384,4515.0
11464_10386,6240.0
11464_11446,4515.0
11464_11465,5258.0
11464_11472,5258.0
11465_11446,7988.0
11465_11464,5258.0
11465_11466,5258.0
11465_11467,9165.0
11466_10338,6240.0
11466_11465,5258.0
11466_11467,6240.0
11467_11465,9165.0
11467_11466,6240.0
11467_11468,9165.0
11467_11472,6240.0
11468_1115,999999.0
11468_11467,9165.0
11468_11469,9165.0
11469_10339,9165.0
11469_11468,9165.0
11469_11470,9165.0
11470_1115,999999.0
11470_11469,9165.0
11470_11471,9165.0
11471_11470,9165.0
11471_11472,5258.0
11471_11475,9165.0
11471_11476,5258.0
11472_11464,5258.0
11472_11467,6240.0
11472_11471,5258.0
11472_11473,6240.0
11473_1115,999999.0
11473_11472,6240.0
11473_11475,6240.0
11474_5795,4515.0
11474_9353,4515.0
11474_11460,4515.0
11475_11462,18330.0
11475_11471,9165.0
11475_11473,6240.0
11476_1115,999999.0
11476_11471,5258.0
11476_11477,5258.0
11477_11455,5258.0
11477_11476,5258.0
11477_11478,5258.0
11478_1114,999999.0
11478_11477,5258.0
11478_11513,5258.0
11479_11366,9165.0
11479_11480,6240.0
11479_11481,9165.0
11480_11453,5258.0
11480_11479,6240.0
11480_11484,6240.0
11481_1111,999999.0
11481_11479,9165.0
11481_11482,9165.0
11482_8648,9165.0
11482_11481,9165.0
11482_11483,6240.0
11483_1111,999999.0
11483_11482,6240.0
11483_11486,6240.0
11484_1111,999999.0
11484_11480,6240.0
11484_11485,6240.0
11485_11454,6240.0
11485_11484,6240.0
11485_11486,6240.0
11486_11483,6240.0
11486_11485,6240.0
11486_11487,6240.0
11487_8649,6240.0
11487_11486,6240.0
11487_11513,5258.0
11488_8649,6240.0
11488_11489,6240.0
11488_11515,5258.0
11489_1113,999999.0
11489_11488,6240.0
11489_11490,6240.0
11490_11489,6240.0
11490_11491,6240.0
11490_11496,6240.0
11491_11490,6240.0
11491_11492,5258.0
11491_11495,6240.0
11492_1113,999999.0
11492_11491,5258.0
11492_11493,5258.0
11493_1694,5258.0
11493_11492,5258.0
11493_11494,5258.0
11494_1113,999999.0
11494_1693,5258.0
11494_11493,5258.0
11495_1693,5258.0
11495_11491,6240.0
11495_11516,6240.0
11496_1112,999999.0
11496_11490,6240.0
11496_11497,6240.0
11497_5797,6240.0
11497_11496,6240.0
11497_11499,5258.0
11498_1112,999999.0
11498_11499,5258.0
11498_11514,5258.0
11499_11497,5258.0
11499_11498,5258.0
11499_11500,5258.0
11499_11502,5258.0
11500_1690,5258.0
11500_11499,5258.0
11500_11506,5258.0
11501_1112,999999.0
11501_5797,6240.0
11501_11502,6240.0
11502_11499,5258.0
11502_11501,6240.0
11502_11503,6240.0
11503_11502,6240.0
11503_11504,9165.0
11503_11508,9165.0
11504_11503,9165.0
11504_11505,9165.0
11504_11506,32415.0
11504_11507,32415.0
11505_11504,9165.0
11505_11506,5258.0
11506_11500,5258.0
11506_11504,32415.0
11506_11505,5258.0
11507_11504,32415.0
11507_11508,9165.0
11508_1691,6240.0
11508_11503,9165.0
11508_11507,9165.0
11509_1294,999999.0
11509_9420,5258.0
11509_9421,5258.0
11510_11355,6240.0
11510_11356,6240.0
11510_11358,5258.0
11511_1088,999999.0
11511_6842,6240.0
11511_11322,6240.0
11512_11447,9165.0
11512_11449,6240.0
11512_11450,9165.0
11513_11478,5258.0
11513_11487,5258.0
11514_11498,5258.0
11514_11515,5258.0
11515_11488,5258.0
11515_11514,5258.0
11516_1691,6240.0
11516_5797,5258.0
11516_11495,6240.0
11517_4215,15975.0
11517_11519,4515.0
11518_11341,5018.0
11518_12046,5018.0
11519_3870,15975.0
11519_11381,4515.0
11519_11517,4515.0
11520_1348,999999.0
11520_9359,7988.0
11520_9671,7988.0
11521_1294,999999.0
11521_9403,7988.0
11521_11822,7988.0
11522_958,999999.0
11522_2420,5018.0
11522_2424,5018.0
11523_958,999999.0
11523_2420,7988.0
11523_9291,7988.0
11524_2419,5018.0
11524_7981,5018.0
11524_11526,5018.0
11525_1084,999999.0
11525_11353,6240.0
11525_12049,6240.0
11526_958,999999.0
11526_9294,5018.0
11526_11524,5018.0
11527_9294,5018.0
11527_11530,5018.0
11527_12863,5258.0
11528_5887,4515.0
11528_11529,7988.0
11528_11571,4515.0
11528_13171,9165.0
11529_11528,7988.0
11529_11570,999999.0
11529_11571,5018.0
11530_9370,6240.0
11530_11055,6240.0
11530_11527,5018.0
11531_1349,999999.0
11531_9662,5258.0
11531_9663,5258.0
11532_6578,6240.0
11532_13020,5018.0
11532_13021,10035.0
11533_11419,5258.0
11533_12053,5258.0
11533_13021,10035.0
11534_8108,5018.0
11534_13141,5258.0
11534_13337,5018.0
11535_1350,999999.0
11535_9312,5258.0
11535_9320,5258.0
11536_1350,999999.0
11536_9320,5258.0
11536_12865,5258.0
11537_961,999999.0
11537_11762,7988.0
11537_11849,7988.0
11538_9273,7988.0
11538_9280,7988.0
11538_12866,5258.0
11539_1300,999999.0
11539_2550,5018.0
11539_2553,5018.0
11540_1300,999999.0
11540_2550,5258.0
11540_2559,5258.0
11541_2547,6240.0
11541_2570,6240.0
11541_11542,5258.0
11542_1351,999999.0
11542_2559,5258.0
11542_11541,5258.0
11543_2559,5258.0
11543_11544,5258.0
11544_2561,9165.0
11544_7988,9165.0
11544_11543,5258.0
11545_1351,999999.0
11545_2566,7028.0
11545_2567,7028.0
11546_11547,5258.0
11546_11549,6240.0
11546_12394,6240.0
11547_1234,999999.0
11547_11546,5258.0
11547_11548,5258.0
11548_11547,5258.0
11548_11551,5258.0
11548_11560,5258.0
11549_10337,5258.0
11549_11546,6240.0
11549_11550,6240.0
11550_11549,6240.0
11550_11551,5258.0
11550_11552,6240.0
11551_11548,5258.0
11551_11550,5258.0
11551_11559,5258.0
11552_10336,5258.0
11552_11550,6240.0
11552_11553,6240.0
11552_11554,5258.0
11553_1233,999999.0
11553_5883,6240.0
11553_11552,6240.0
11554_11552,5258.0
11554_11556,5258.0
11554_11559,5258.0
11555_1233,999999.0
11555_5884,18330.0
11555_11556,18330.0
11556_11554,5258.0
11556_11555,18330.0
11556_11557,18330.0
11557_11556,18330.0
11557_11558,5258.0
11557_11562,18330.0
11557_12139,5258.0
11558_1233,999999.0
11558_11557,5258.0
11558_11559,5258.0
11559_11551,5258.0
11559_11554,5258.0
11559_11558,5258.0
11559_11560,5258.0
11560_11548,5258.0
11560_11559,5258.0
11560_11561,5258.0
11561_11560,5258.0
11561_11562,5258.0
11561_11586,5258.0
11562_10388,18330.0
11562_11557,18330.0
11562_11561,5258.0
11562_12140,5258.0
11563_1206,999999.0
11563_13173,4515.0
11563_13234,4515.0
11564_7193,5018.0
11564_7194,5018.0
11564_8430,4515.0
11565_7191,5018.0
11565_8430,4515.0
11565_12088,5018.0
11566_11567,18330.0
11566_11573,5258.0
11566_11574,18330.0
11566_12139,4515.0
11567_5885,18330.0
11567_11566,18330.0
11568_7356,6240.0
11568_11569,9165.0
11569_11568,9165.0
11569_11570,6240.0
11570_7355,5018.0
11570_11529,999999.0
11570_11569,6240.0
11570_11573,6240.0
11571_11528,4515.0
11571_11529,5018.0
11571_11572,6240.0
11571_11573,5258.0
11572_11571,6240.0
11572_12395,6240.0
11572_12397,5258.0
11573_11566,5258.0
11573_11570,6240.0
11573_11571,5258.0
11573_11575,6240.0
11574_1236,999999.0
11574_11566,18330.0
11574_11575,18330.0
11575_11573,6240.0
11575_11574,18330.0
11575_11576,18330.0
11575_12140,4515.0
11576_11575,18330.0
11576_11626,5258.0
11576_12141,18330.0
11577_1236,999999.0
11577_11613,18330.0
11577_12141,18330.0
11578_1235,999999.0
11578_11579,5258.0
11578_11582,5258.0
11579_1361,999999.0
11579_10389,5258.0
11579_11578,5258.0
11580_10388,18330.0
11580_10389,5258.0
11580_11581,18330.0
11581_11580,18330.0
11581_11582,5258.0
11581_11585,18330.0
11582_11578,5258.0
11582_11581,5258.0
11582_13232,4515.0
11583_9259,5258.0
11583_13164,4515.0
11583_13165,4515.0
11584_1235,999999.0
11584_11612,5258.0
11584_13232,4515.0
11585_1235,999999.0
11585_11581,18330.0
11585_13233,15975.0
11586_1331,999999.0
11586_11561,5258.0
11586_11587,5258.0
11587_11586,5258.0
11587_11588,6240.0
11587_11592,5258.0
11587_11610,6240.0
11588_1331,999999.0
11588_11587,6240.0
11588_11589,6240.0
11589_1490,999999.0
11589_11588,6240.0
11590_1491,999999.0
11590_11591,9165.0
11591_11590,9165.0
11591_11592,18330.0
11591_11596,5258.0
11592_11587,5258.0
11592_11591,18330.0
11592_11593,5258.0
11592_11608,18330.0
11593_11592,5258.0
11593_11594,5258.0
11593_12136,5258.0
11594_1237,999999.0
11594_11593,5258.0
11594_11595,5258.0
11595_11594,5258.0
11595_11596,5258.0
11595_11601,5258.0
11595_11605,5258.0
11596_11591,5258.0
11596_11595,5258.0
11596_11597,5258.0
11596_11601,5258.0
11597_8652,5258.0
11597_11596,5258.0
11597_11598,5258.0
11598_11597,5258.0
11598_11599,5258.0
11598_11601,5258.0
11599_8654,9165.0
11599_10345,5258.0
11599_11598,5258.0
11599_11600,9165.0
11600_11599,9165.0
11600_11602,18330.0
11601_11595,5258.0
11601_11596,5258.0
11601_11598,5258.0
11601_11602,5258.0
11602_1640,6240.0
11602_11600,18330.0
11602_11601,5258.0
11602_11603,18330.0
11603_1238,999999.0
11603_11602,18330.0
11603_11605,18330.0
11604_1640,2250.0
11604_9107,32415.0
11604_9108,32415.0
11605_11595,5258.0
11605_11603,18330.0
11605_11606,5258.0
11605_11618,18330.0
11606_11605,5258.0
11606_11607,5258.0
11606_11618,5258.0
11606_12137,5258.0
11607_1237,999999.0
11607_11606,5258.0
11607_12136,5258.0
11608_11592,18330.0
11608_11609,18330.0
11608_12137,5258.0
11609_1236,999999.0
11609_11608,18330.0
11609_11610,18330.0
11610_11587,6240.0
11610_11609,18330.0
11610_11611,18330.0
11611_11610,18330.0
11611_11612,6240.0
11611_13233,18330.0
11612_11584,5258.0
11612_11611,6240.0
11612_11613,6240.0
11613_11577,18330.0
11613_11612,6240.0
11613_11615,18330.0
11613_11620,6240.0
11614_1229,999999.0
11614_9226,6240.0
11614_9227,6240.0
11615_11613,18330.0
11615_11616,18330.0
11615_11620,6240.0
11616_1238,999999.0
11616_11615,18330.0
11616_12138,18330.0
11617_11618,18330.0
11617_11622,5258.0
11617_12138,18330.0
11618_11605,18330.0
11618_11606,5258.0
11618_11617,18330.0
11619_1238,999999.0
11619_1363,999999.0
11619_11625,6240.0
11619_11628,6240.0
11620_11613,6240.0
11620_11615,6240.0
11620_12398,6240.0
11621_1238,999999.0
11621_11622,6240.0
11621_12398,6240.0
11622_11617,5258.0
11622_11621,6240.0
11622_11623,6240.0
11623_11622,6240.0
11623_11624,6240.0
11623_11626,5258.0
11624_10343,6240.0
11624_11623,6240.0
11624_11625,6240.0
11625_11619,6240.0
11625_11624,6240.0
11625_12135,5018.0
11626_11576,5258.0
11626_11623,5258.0
11626_12133,5258.0
11627_5888,12480.0
11627_12134,10035.0
11627_12135,5018.0
11627_12396,6240.0
11628_9248,6240.0
11628_9249,12480.0
11628_11619,6240.0
11628_12134,10035.0
11629_1639,1125.0
11629_9105,32415.0
11629_12399,32415.0
11630_1351,999999.0
11630_2569,4515.0
11630_2570,4515.0
11631_1364,999999.0
11631_7416,4515.0
11631_11776,4515.0
11632_1364,999999.0
11632_7419,5018.0
11632_13273,5018.0
11633_11781,5018.0
11633_11788,6240.0
11634_1334,999999.0
11634_7458,5018.0
11634_8091,5018.0
11635_7442,15975.0
11635_7457,15975.0
11635_11731,4515.0
11635_11793,5258.0
11636_4043,4515.0
11636_4046,4515.0
11636_7631,5018.0
11637_1643,6240.0
11637_8597,6240.0
11637_11638,5258.0
11637_11975,6240.0
11638_10187,5258.0
11638_10188,5258.0
11638_11637,5258.0
11639_5907,32415.0
11639_10654,32415.0
11640_1353,999999.0
11640_11191,15975.0
11640_11192,15975.0
11641_7937,999999.0
11641_7970,4515.0
11642_1033,999999.0
11642_1684,5258.0
11642_11191,5258.0
11643_1353,999999.0
11643_11193,5258.0
11643_11195,5258.0
11644_1353,999999.0
11644_11186,5258.0
11644_11196,5258.0
11645_11728,4515.0
11645_11733,5258.0
11646_8655,18330.0
11646_9205,5258.0
11646_10345,5258.0
11646_11647,18330.0
11647_11646,18330.0
11647_11648,6240.0
11647_11649,18330.0
11648_9263,6240.0
11648_11647,6240.0
11648_11649,6240.0
11649_9264,18330.0
11649_11647,18330.0
11649_11648,6240.0
11650_9264,18330.0
11650_11651,18330.0
11650_12400,5258.0
11651_11650,18330.0
11651_11652,5258.0
11651_11653,18330.0
11651_11655,5258.0
11652_1388,999999.0
11652_11651,5258.0
11652_11672,5258.0
11653_1388,999999.0
11653_11651,18330.0
11653_11654,18330.0
11654_11653,18330.0
11654_11655,4515.0
11654_11660,18330.0
11654_11671,5258.0
11655_1260,999999.0
11655_11651,5258.0
11655_11654,4515.0
11655_11656,5258.0
11656_11655,5258.0
11656_11657,6240.0
11656_11658,5258.0
11656_11659,6240.0
11657_1260,999999.0
11657_10344,6240.0
11657_11656,6240.0
11658_9266,5018.0
11658_10343,6240.0
11658_11656,5258.0
11659_1387,999999.0
11659_11656,6240.0
11659_11662,6240.0
11660_11654,18330.0
11660_11661,18330.0
11660_11670,9165.0
11661_1387,999999.0
11661_11660,18330.0
11661_11663,18330.0
11662_9266,5018.0
11662_11659,6240.0
11662_11663,6240.0
11663_11661,18330.0
11663_11662,6240.0
11663_11664,18330.0
11663_11669,6240.0
11664_11663,18330.0
11664_11665,12480.0
11664_11666,18330.0
11664_11667,9165.0
11665_1259,999999.0
11665_10342,12480.0
11665_11664,12480.0
11666_1259,999999.0
11666_9254,18330.0
11666_11664,18330.0
11667_9253,6240.0
11667_9265,7988.0
11667_11664,9165.0
11667_11668,999999.0
11668_9267,5018.0
11668_11667,999999.0
11668_11669,9165.0
11669_11663,6240.0
11669_11668,9165.0
11669_11670,9165.0
11670_9268,4515.0
11670_11660,9165.0
11670_11669,9165.0
11671_9261,5258.0
11671_9268,4515.0
11671_11654,5258.0
11671_11677,5258.0
11672_9261,5258.0
11672_11652,5258.0
11672_11673,5258.0
11673_9209,6240.0
11673_11672,5258.0
11673_11674,6240.0
11673_11738,5258.0
11674_11673,6240.0
11674_11675,6240.0
11674_11680,6240.0
11674_11738,6240.0
11675_1261,999999.0
11675_11674,6240.0
11675_11676,6240.0
11676_11675,6240.0
11676_11677,5258.0
11676_11678,6240.0
11676_12404,5258.0
11677_9267,5018.0
11677_11671,5258.0
11677_11676,5258.0
11677_11678,6240.0
11678_9260,6240.0
11678_11676,6240.0
11678_11677,6240.0
11678_12403,6240.0
11679_7625,9165.0
11679_9255,6240.0
11679_9260,6240.0
11679_9265,7988.0
11680_1261,999999.0
11680_11674,6240.0
11680_11681,6240.0
11681_4110,6240.0
11681_11680,6240.0
11681_12404,5258.0
11681_12405,5258.0
11682_4110,6240.0
11682_9252,9165.0
11682_11683,6240.0
11683_9189,9165.0
11683_9190,6240.0
11683_9193,6240.0
11683_11682,6240.0
11684_9191,6240.0
11684_11685,5258.0
11684_12412,6240.0
11685_8658,6240.0
11685_8659,5258.0
11685_11684,5258.0
11685_11687,6240.0
11686_9181,6240.0
11686_11687,6240.0
11686_11688,6240.0
11687_11685,6240.0
11687_11686,6240.0
11687_11688,6240.0
11687_11692,6240.0
11688_8119,9165.0
11688_11686,6240.0
11688_11687,6240.0
11688_11690,6240.0
11689_5897,5258.0
11689_7613,6240.0
11689_11690,5258.0
11689_12414,9165.0
11690_11688,6240.0
11690_11689,5258.0
11690_11691,6240.0
11691_1263,999999.0
11691_7607,6240.0
11691_11690,6240.0
11692_1263,999999.0
11692_11687,6240.0
11692_11693,6240.0
11693_11692,6240.0
11693_11694,6240.0
11693_11697,6240.0
11694_1263,999999.0
11694_7541,6240.0
11694_11693,6240.0
11695_2666,10035.0
11695_5584,10035.0
11696_5540,5018.0
11696_8761,5018.0
11697_7540,5258.0
11697_11693,6240.0
11697_11698,5258.0
11697_11699,6240.0
11698_8660,9165.0
11698_11697,5258.0
11698_11699,9165.0
11699_11697,6240.0
11699_11698,9165.0
11699_11700,9165.0
11699_11706,6240.0
11700_7538,5258.0
11700_11699,9165.0
11700_11701,9165.0
11700_11705,5258.0
11701_11700,9165.0
11701_11702,9165.0
11701_11705,6240.0
11702_7536,9165.0
11702_11701,9165.0
11702_11703,9165.0
11703_11702,9165.0
11703_11704,6240.0
11703_11709,9165.0
11703_11712,6240.0
11704_1265,999999.0
11704_11703,6240.0
11704_11706,6240.0
11705_11700,5258.0
11705_11701,6240.0
11705_11706,6240.0
11706_11699,6240.0
11706_11704,6240.0
11706_11705,6240.0
11706_11707,6240.0
11707_8661,6240.0
11707_11706,6240.0
11707_11708,5258.0
11708_1265,999999.0
11708_11707,5258.0
11708_11709,5258.0
11709_11703,9165.0
11709_11708,5258.0
11709_11710,9165.0
11709_11713,5258.0
11710_1265,999999.0
11710_11709,9165.0
11710_11711,9165.0
11711_8662,9165.0
11711_11710,9165.0
11711_11726,5258.0
11712_1266,999999.0
11712_11703,6240.0
11712_11713,6240.0
11713_11709,5258.0
11713_11712,6240.0
11713_11716,4515.0
11713_11718,5018.0
11714_2319,4515.0
11714_12716,4515.0
11715_7496,6240.0
11715_7498,6240.0
11715_11716,5018.0
11716_11713,4515.0
11716_11715,5018.0
11716_11717,5018.0
11717_1267,999999.0
11717_11716,5018.0
11717_11718,5018.0
11718_11713,5018.0
11718_11717,5018.0
11718_11719,4515.0
11718_11720,5018.0
11719_1267,999999.0
11719_11718,4515.0
11719_11724,4515.0
11720_5905,4515.0
11720_11718,5018.0
11720_11721,5018.0
11721_1267,999999.0
11721_11720,5018.0
11721_11723,5018.0
11722_10220,12480.0
11722_10317,6240.0
11723_11721,5018.0
11723_11724,4515.0
11723_11729,5018.0
11723_11730,5018.0
11724_11719,4515.0
11724_11723,4515.0
11724_11725,5258.0
11724_11727,5258.0
11725_1266,999999.0
11725_11724,5258.0
11725_11726,5258.0
11726_11711,5258.0
11726_11725,5258.0
11726_11727,5258.0
11727_11724,5258.0
11727_11726,5258.0
11727_11728,5258.0
11728_8664,5018.0
11728_11645,4515.0
11728_11727,5258.0
11728_11729,5018.0
11729_1266,999999.0
11729_11723,5018.0
11729_11728,5018.0
11730_8217,32415.0
11730_8665,32415.0
11730_11723,5018.0
11730_11733,10515.0
11731_1334,999999.0
11731_7431,4515.0
11731_11635,4515.0
11732_7457,6240.0
11732_11789,6240.0
11732_11793,5258.0
11733_11645,5258.0
11733_11730,10515.0
11733_11734,5258.0
11734_1268,999999.0
11734_11733,5258.0
11734_11735,5258.0
11735_8666,18330.0
11735_11734,5258.0
11735_11737,18330.0
11736_1246,999999.0
11736_7463,4515.0
11736_7466,4515.0
11737_1268,999999.0
11737_8194,18330.0
11737_11735,18330.0
11738_9202,6240.0
11738_9208,5258.0
11738_11673,5258.0
11738_11674,6240.0
11739_9198,5258.0
11739_9208,5258.0
11739_11740,5258.0
11740_9202,5258.0
11740_11739,5258.0
11740_11741,5258.0
11740_12407,5258.0
11741_11740,5258.0
11741_11742,9165.0
11741_11744,10515.0
11741_11748,9165.0
11742_11741,9165.0
11742_11743,9165.0
11742_11744,5258.0
11743_1496,999999.0
11743_9201,6240.0
11743_11742,9165.0
11744_11741,10515.0
11744_11742,5258.0
11744_12408,5258.0
11744_12409,10515.0
11745_8129,5258.0
11745_11746,5258.0
11745_12408,5258.0
11746_11745,5258.0
11746_11747,5258.0
11747_1262,999999.0
11747_11746,5258.0
11747_11757,5258.0
11748_8129,5258.0
11748_11741,9165.0
11748_11757,9165.0
11749_11750,5258.0
11749_11752,5258.0
11749_11757,5258.0
11750_1696,6240.0
11750_9195,5258.0
11750_9220,9165.0
11750_11749,5258.0
11751_9196,9165.0
11751_11752,9165.0
11751_12407,5258.0
11752_9197,9165.0
11752_11749,5258.0
11752_11751,9165.0
11753_9195,5258.0
11753_9197,9165.0
11753_11754,9165.0
11754_1261,999999.0
11754_9194,9165.0
11754_11753,9165.0
11755_1698,9165.0
11755_9199,9165.0
11755_12411,5258.0
11756_8594,9165.0
11756_9193,5258.0
11756_9252,9165.0
11756_12405,5258.0
11757_9196,9165.0
11757_11747,5258.0
11757_11748,9165.0
11757_11749,5258.0
11758_896,999999.0
11758_12871,6240.0
11758_12872,6240.0
11759_892,999999.0
11759_12879,4515.0
11759_12880,4515.0
11760_901,999999.0
11760_3343,4515.0
11760_7643,4515.0
11761_1299,999999.0
11761_9620,7988.0
11761_12875,7988.0
11762_1299,999999.0
11762_9619,7988.0
11762_11537,7988.0
11763_900,999999.0
11763_2470,14055.0
11763_7639,14055.0
11764_7961,5018.0
11764_7962,5018.0
11764_8264,9030.0
11764_11765,5018.0
11765_1009,999999.0
11765_11241,5018.0
11765_11764,5018.0
11766_8279,999999.0
11766_8280,34725.0
11767_1008,999999.0
11767_11240,18330.0
11767_11241,18330.0
11768_1009,999999.0
11768_7960,5018.0
11768_7961,5018.0
11769_1012,999999.0
11769_7907,15975.0
11769_7908,15975.0
11770_1012,999999.0
11770_7906,7988.0
11770_13000,7988.0
11771_1352,999999.0
11771_7950,5018.0
11771_7956,5018.0
11772_1352,999999.0
11772_7962,5018.0
11772_7963,5018.0
11773_1243,999999.0
11773_7415,15975.0
11773_8209,15975.0
11774_1243,999999.0
11774_7416,4515.0
11774_7418,4515.0
11775_1364,999999.0
11775_13272,4515.0
11775_13273,4515.0
11776_7413,4515.0
11776_11631,4515.0
11776_13272,4515.0
11777_1253,999999.0
11777_7406,5018.0
11777_7407,5018.0
11778_1253,999999.0
11778_7423,15975.0
11778_11779,15975.0
11779_1369,999999.0
11779_7427,15975.0
11779_11778,15975.0
11780_1369,999999.0
11780_7445,7988.0
11780_7446,7988.0
11781_1370,999999.0
11781_7435,5018.0
11781_11633,5018.0
11782_1370,999999.0
11782_7427,7988.0
11782_8065,7988.0
11783_1366,999999.0
11783_7417,4515.0
11783_7429,4515.0
11784_1366,999999.0
11784_7430,9165.0
11784_7462,9165.0
11785_7430,5258.0
11785_8204,32415.0
11785_8205,32415.0
11785_11786,5258.0
11786_1365,999999.0
11786_11785,5258.0
11786_11788,5258.0
11787_1365,999999.0
11787_7432,6240.0
11787_8203,6240.0
11788_7434,6240.0
11788_11633,6240.0
11788_11786,5258.0
11788_11791,5258.0
11789_7433,6240.0
11789_11732,6240.0
11789_11790,5258.0
11790_1332,999999.0
11790_11789,5258.0
11790_11791,5258.0
11791_8116,5258.0
11791_11788,5258.0
11791_11790,5258.0
11792_1332,999999.0
11792_7458,4515.0
11792_7459,4515.0
11793_1332,999999.0
11793_11635,5258.0
11793_11732,5258.0
11794_858,999999.0
11794_9992,4358.0
11794_9995,4358.0
11795_10614,5258.0
11795_10628,5258.0
11795_10629,5258.0
11795_12447,5258.0
11796_606,999999.0
11796_10161,6240.0
11796_10611,6240.0
11797_9905,6240.0
11797_10451,6240.0
11797_12312,5258.0
11797_12591,5258.0
11798_9934,5018.0
11798_9958,5018.0
11798_11799,4515.0
11799_815,999999.0
11799_9940,4515.0
11799_11798,4515.0
11800_816,999999.0
11800_9034,5258.0
11800_11801,5258.0
11801_9797,9165.0
11801_9804,9165.0
11801_11800,5258.0
11802_842,999999.0
11802_9862,5258.0
11802_9865,5258.0
11803_9887,6240.0
11803_9889,5258.0
11803_9890,6240.0
11804_835,999999.0
11804_9860,5258.0
11804_12566,5258.0
11805_836,999999.0
11805_10134,6240.0
11805_10135,6240.0
11806_836,999999.0
11806_9845,6240.0
11806_9846,6240.0
11807_838,999999.0
11807_10285,5018.0
11807_10286,5018.0
11808_709,999999.0
11808_9828,5258.0
11808_12570,5258.0
11809_709,999999.0
11809_9820,5258.0
11809_9821,5258.0
11810_1274,999999.0
11810_9824,5258.0
11810_10280,5258.0
11811_9716,5018.0
11811_9717,5018.0
11811_12578,4515.0
11812_10464,5258.0
11812_11813,5258.0
11812_12350,5258.0
11813_919,999999.0
11813_11812,5258.0
11813_11814,5258.0
11814_11813,5258.0
11814_11817,5258.0
11814_12824,5258.0
11814_12825,5258.0
11815_924,999999.0
11815_9488,9030.0
11815_10140,9030.0
11816_921,999999.0
11816_9434,9165.0
11816_9435,9165.0
11817_921,999999.0
11817_9648,5258.0
11817_11814,5258.0
11818_923,999999.0
11818_12777,5258.0
11818_12779,5258.0
11819_932,999999.0
11819_9461,5258.0
11819_9462,5258.0
11820_946,999999.0
11820_9636,5258.0
11820_9648,5258.0
11821_949,999999.0
11821_9671,5258.0
11821_12842,5258.0
11822_9612,7988.0
11822_11521,7988.0
11822_11823,5018.0
11823_10119,4515.0
11823_10120,4515.0
11823_11822,5018.0
11823_11824,5018.0
11824_8627,5018.0
11824_9400,5018.0
11824_11823,5018.0
11824_11834,5018.0
11825_8628,5018.0
11825_9389,5018.0
11825_11051,5018.0
11825_11834,5018.0
11826_951,999999.0
11826_9357,4515.0
11826_9667,4515.0
11827_951,999999.0
11827_9383,15975.0
11827_9384,15975.0
11828_955,999999.0
11828_9362,4515.0
11828_9410,4515.0
11829_954,999999.0
11829_9385,5018.0
11829_9408,4358.0
11830_952,999999.0
11830_9380,5018.0
11830_9386,5018.0
11831_952,999999.0
11831_9381,15975.0
11831_9670,15975.0
11832_956,999999.0
11832_10120,4515.0
11832_10121,4515.0
11833_1293,999999.0
11833_10276,7988.0
11833_10298,7988.0
11834_916,999999.0
11834_11824,5018.0
11834_11825,5018.0
11835_1292,999999.0
11835_9307,15975.0
11835_9379,15975.0
11836_957,999999.0
11836_10369,5018.0
11836_11044,5018.0
11837_957,999999.0
11837_9301,15975.0
11837_9302,15975.0
11838_1295,999999.0
11838_9298,4515.0
11838_10371,4515.0
11839_1289,999999.0
11839_10368,4515.0
11839_11048,4515.0
11840_2714,15975.0
11840_2715,15975.0
11840_8796,5018.0
11841_909,999999.0
11841_2419,4515.0
11841_7980,4515.0
11842_907,999999.0
11842_2421,15975.0
11842_7658,15975.0
11843_908,999999.0
11843_2428,5018.0
11843_2431,5018.0
11844_2423,15975.0
11844_3477,15975.0
11844_12858,4515.0
11845_959,999999.0
11845_9324,6240.0
11845_9657,6240.0
11846_1298,999999.0
11846_3351,5018.0
11846_9134,5018.0
11847_1298,999999.0
11847_2435,4515.0
11847_3346,4515.0
11848_1298,999999.0
11848_2435,4515.0
11848_2436,4515.0
11849_1297,999999.0
11849_9288,7988.0
11849_11537,7988.0
11850_2474,7988.0
11850_7140,7988.0
11850_12886,5018.0
11851_1286,999999.0
11851_2598,4515.0
11851_11852,4515.0
11852_876,999999.0
11852_2476,4515.0
11852_11851,4515.0
11853_895,999999.0
11853_2508,7988.0
11853_2510,7988.0
11854_883,999999.0
11854_2507,7988.0
11854_2508,7988.0
11855_893,999999.0
11855_2511,7988.0
11855_7390,7988.0
11856_964,999999.0
11856_2556,5258.0
11856_12894,5258.0
11857_964,999999.0
11857_9310,5258.0
11857_12867,5258.0
11858_965,999999.0
11858_2548,6240.0
11858_2549,6240.0
11859_965,999999.0
11859_2546,6240.0
11859_2548,6240.0
11860_965,999999.0
11860_2546,4515.0
11860_2570,4515.0
11861_1301,999999.0
11861_2566,5018.0
11861_11864,5018.0
11862_973,999999.0
11862_2542,10035.0
11862_2543,10035.0
11863_970,999999.0
11863_2578,14055.0
11863_7996,14055.0
11864_971,999999.0
11864_2565,4358.0
11864_11861,5018.0
11865_968,999999.0
11865_2565,4358.0
11865_7995,4358.0
11866_975,999999.0
11866_2581,5018.0
11866_8006,5018.0
11867_975,999999.0
11867_2590,5018.0
11867_3115,5018.0
11868_887,999999.0
11868_2520,7988.0
11868_7376,7988.0
11869_976,999999.0
11869_3114,15975.0
11869_3115,14580.0
11870_886,999999.0
11870_2536,24930.0
11870_3112,24930.0
11871_877,999999.0
11871_2477,7988.0
11871_2478,7988.0
11872_2483,15975.0
11872_6917,15975.0
11872_12897,4515.0
11873_878,999999.0
11873_2490,15975.0
11873_2495,7988.0
11874_878,999999.0
11874_2480,7988.0
11874_10458,7988.0
11875_878,999999.0
11875_2480,4515.0
11875_2496,4515.0
11876_882,999999.0
11876_2493,7988.0
11876_2494,7988.0
11877_2305,5018.0
11877_8867,5018.0
11877_12719,4515.0
11877_12720,4515.0
11878_752,999999.0
11878_2731,5018.0
11878_8869,5018.0
11879_750,999999.0
11879_2301,5018.0
11879_8874,5018.0
11880_751,999999.0
11880_5279,4515.0
11880_8874,4515.0
11881_2661,4515.0
11881_8856,4515.0
11881_12727,4515.0
11881_12728,4515.0
11882_744,999999.0
11882_8870,7988.0
11882_12729,7988.0
11883_743,999999.0
11883_2658,4515.0
11883_2673,4515.0
11884_731,999999.0
11884_5442,5018.0
11884_12716,5018.0
11885_2312,4358.0
11885_3528,4050.0
11885_8885,4358.0
11885_12703,4050.0
11886_755,999999.0
11886_2297,7988.0
11886_8881,7988.0
11887_756,999999.0
11887_2296,5018.0
11887_2315,5018.0
11888_746,999999.0
11888_2655,4358.0
11888_12709,4358.0
11889_740,999999.0
11889_2314,5018.0
11889_3354,5018.0
11890_872,999999.0
11890_5259,5018.0
11890_6384,5018.0
11891_872,999999.0
11891_5167,15975.0
11891_6312,15975.0
11892_870,999999.0
11892_2290,7988.0
11892_9124,7988.0
11893_869,999999.0
11893_1614,5018.0
11893_8889,5018.0
11894_869,999999.0
11894_2295,5018.0
11894_3040,10035.0
11895_868,999999.0
11895_9124,5018.0
11895_12708,5018.0
11896_739,999999.0
11896_2653,5018.0
11896_3354,5018.0
11897_689,999999.0
11897_2668,7988.0
11897_9137,7988.0
11898_687,999999.0
11898_7652,15975.0
11898_9135,15975.0
11899_691,999999.0
11899_9136,4515.0
11899_9137,4515.0
11900_690,999999.0
11900_2674,4515.0
11900_9138,4515.0
11901_690,999999.0
11901_2676,4515.0
11901_9052,4515.0
11902_737,999999.0
11902_2681,15975.0
11902_2682,15975.0
11903_694,999999.0
11903_2725,15975.0
11903_7653,15975.0
11904_693,999999.0
11904_5782,15975.0
11904_8774,15975.0
11905_693,999999.0
11905_2695,5018.0
11905_8776,5018.0
11906_729,999999.0
11906_2704,4515.0
11906_12662,4515.0
11907_692,999999.0
11907_2703,10035.0
11907_2705,10035.0
11908_702,999999.0
11908_2698,10035.0
11908_8772,10035.0
11909_728,999999.0
11909_2640,4515.0
11909_9053,4515.0
11910_728,999999.0
11910_2707,15975.0
11910_8802,15975.0
11911_2637,5018.0
11911_9131,5018.0
11911_12639,4515.0
11912_703,999999.0
11912_9682,5018.0
11912_9683,5018.0
11913_703,999999.0
11913_9679,4515.0
11913_9681,4515.0
11914_725,999999.0
11914_2327,4050.0
11914_2328,4050.0
11915_705,999999.0
11915_9699,9165.0
11915_11916,9165.0
11916_722,999999.0
11916_9688,9165.0
11916_11915,9165.0
11917_723,999999.0
11917_9693,4515.0
11917_9694,4515.0
11918_738,999999.0
11918_2653,5018.0
11918_8845,5018.0
11919_730,999999.0
11919_2647,5018.0
11919_12667,5018.0
11920_706,999999.0
11920_9709,5018.0
11920_10298,5018.0
11921_9708,6240.0
11921_12648,5258.0
11921_12649,6240.0
11922_707,999999.0
11922_9713,5018.0
11922_9758,5018.0
11923_713,999999.0
11923_9736,7028.0
11923_12633,7028.0
11924_1275,999999.0
11924_9746,5018.0
11924_12605,5018.0
11925_717,999999.0
11925_9720,4050.0
11925_9725,4050.0
11926_711,999999.0
11926_10126,4515.0
11926_10387,4515.0
11927_711,999999.0
11927_12632,4050.0
11927_12633,4050.0
11928_1285,999999.0
11928_9814,6240.0
11928_12331,6240.0
11929_794,999999.0
11929_2135,5018.0
11929_11941,5018.0
11930_795,999999.0
11930_1803,4515.0
11930_1804,4515.0
11931_786,999999.0
11931_8958,4358.0
11931_12692,4358.0
11932_785,999999.0
11932_2155,5018.0
11932_3387,5018.0
11933_784,999999.0
11933_2156,15975.0
11933_2194,15975.0
11934_783,999999.0
11934_3427,5018.0
11934_3429,5018.0
11935_783,999999.0
11935_2234,4515.0
11935_2276,4515.0
11936_781,999999.0
11936_2274,7988.0
11936_8946,7988.0
11937_812,999999.0
11937_2176,4515.0
11937_9040,4515.0
11938_790,999999.0
11938_2091,4515.0
11938_2098,4515.0
11939_2092,4515.0
11939_8862,4515.0
11939_9026,4515.0
11940_793,999999.0
11940_3677,4515.0
11940_8977,4515.0
11941_792,999999.0
11941_2134,5018.0
11941_11929,5018.0
11942_792,999999.0
11942_2098,5018.0
11942_2100,5018.0
11943_791,999999.0
11943_2088,4515.0
11943_2102,4050.0
11944_798,999999.0
11944_9111,4515.0
11944_11945,4515.0
11945_797,999999.0
11945_9112,4515.0
11945_11944,4515.0
11946_796,999999.0
11946_2142,15975.0
11946_9116,15975.0
11947_1280,999999.0
11947_2273,5018.0
11947_3538,5018.0
11948_1280,999999.0
11948_2272,4515.0
11948_8949,4515.0
11949_811,999999.0
11949_3360,5018.0
11949_9024,5018.0
11950_813,999999.0
11950_2184,4515.0
11950_3166,4515.0
11951_810,999999.0
11951_3049,24930.0
11951_9018,24930.0
11952_819,999999.0
11952_9950,6240.0
11952_10303,6240.0
11953_819,999999.0
11953_9945,5258.0
11953_9946,5258.0
11954_774,999999.0
11954_2256,4050.0
11954_8931,4050.0
11955_772,999999.0
11955_3368,5018.0
11955_3424,5018.0
11956_779,999999.0
11956_2269,14055.0
11956_8531,14055.0
11957_1279,999999.0
11957_2243,14055.0
11957_2244,14055.0
11958_590,999999.0
11958_2392,5018.0
11958_9286,5018.0
11959_589,999999.0
11959_2390,5018.0
11959_3603,5018.0
11960_591,999999.0
11960_2381,5018.0
11960_2383,5018.0
11961_2346,4515.0
11961_2371,4515.0
11961_2372,4515.0
11962_595,999999.0
11962_2358,5018.0
11962_3535,5018.0
11963_594,999999.0
11963_2368,4515.0
11963_2371,4515.0
11964_616,999999.0
11964_10508,6240.0
11964_10517,6240.0
11965_617,999999.0
11965_10218,6240.0
11965_10511,6240.0
11966_623,999999.0
11966_10252,4515.0
11966_10257,4515.0
11967_629,999999.0
11967_10228,5258.0
11967_12273,5258.0
11968_629,999999.0
11968_10224,5258.0
11968_12173,5258.0
11969_622,999999.0
11969_10263,7028.0
11969_10264,7028.0
11970_622,999999.0
11970_10262,4358.0
11970_11029,4358.0
11971_619,999999.0
11971_10478,14055.0
11972_619,999999.0
11972_10480,14055.0
11973_635,999999.0
11973_10714,5258.0
11973_12164,5258.0
11974_631,999999.0
11974_10756,5258.0
11974_12910,5258.0
11975_582,999999.0
11975_10183,6240.0
11975_11637,6240.0
11976_666,999999.0
11976_10765,5258.0
11976_12144,5258.0
11977_670,999999.0
11977_8606,5258.0
11977_10994,5258.0
11978_678,999999.0
11978_10958,5258.0
11978_10960,5258.0
11979_654,999999.0
11979_10165,6240.0
11979_12290,6240.0
11980_644,999999.0
11980_10881,5258.0
11980_12292,5258.0
11981_639,999999.0
11981_10216,5018.0
11981_10680,5018.0
11982_618,999999.0
11982_10511,6240.0
11982_11032,6240.0
11983_645,999999.0
11983_10653,6240.0
11983_10659,6240.0
11984_645,999999.0
11984_10661,18330.0
11984_10662,18330.0
11985_652,999999.0
11985_10171,5258.0
11985_10933,5258.0
11986_10666,5258.0
11986_10898,5258.0
11986_12196,5258.0
11986_12205,5258.0
11987_611,999999.0
11987_10158,5258.0
11987_10644,5258.0
11988_601,999999.0
11988_10571,5018.0
11988_11035,5018.0
11989_599,999999.0
11989_10559,7028.0
11989_10568,7028.0
11990_612,999999.0
11990_10591,6240.0
11990_10641,6240.0
11991_1258,999999.0
11991_7624,12480.0
11991_12402,6240.0
11992_7529,5258.0
11992_7611,5018.0
11992_7613,5018.0
11993_1266,999999.0
11993_7498,5018.0
11993_7500,5018.0
11994_1020,999999.0
11994_7802,14055.0
11994_7819,14055.0
11995_1006,999999.0
11995_7905,10035.0
11995_7945,10035.0
11996_1014,999999.0
11996_9093,5018.0
11996_10378,6240.0
11997_1007,999999.0
11997_7876,4515.0
11997_7878,4515.0
11998_1007,999999.0
11998_7899,10035.0
11998_7925,10035.0
11999_1018,999999.0
11999_7800,14055.0
11999_7820,14055.0
12000_1079,999999.0
12000_11273,6240.0
12000_11316,6240.0
12001_1080,999999.0
12001_11286,5258.0
12001_11288,5258.0
12002_6802,5258.0
12002_11284,5258.0
12002_11289,5258.0
12003_1312,999999.0
12003_11289,6240.0
12003_11290,6240.0
12004_6902,4515.0
12004_8726,4515.0
12004_13014,4515.0
12005_1104,999999.0
12005_6749,10035.0
12005_8741,10035.0
12006_1102,999999.0
12006_6757,10035.0
12006_8748,10035.0
12007_1102,999999.0
12007_6755,4515.0
12007_6766,4515.0
12008_1099,999999.0
12008_6749,5018.0
12008_6750,5018.0
12009_1096,999999.0
12009_8739,10035.0
12009_12011,10035.0
12010_1095,999999.0
12010_6751,5018.0
12010_8735,5018.0
12011_6754,10035.0
12011_12009,10035.0
12011_12012,4515.0
12012_1098,999999.0
12012_12011,4515.0
12012_12013,4515.0
12013_1097,999999.0
12013_6747,4515.0
12013_12012,4515.0
12014_1040,999999.0
12014_6642,5018.0
12014_6643,5018.0
12015_1307,999999.0
12015_6688,24930.0
12015_8693,24930.0
12016_1042,999999.0
12016_8105,24930.0
12016_8681,24930.0
12017_1305,999999.0
12017_6647,5018.0
12017_8677,5018.0
12018_1045,999999.0
12018_6628,5018.0
12018_9165,5018.0
12019_1047,999999.0
12019_9163,4515.0
12019_13333,4515.0
12020_1047,999999.0
12020_9163,4515.0
12020_12021,4515.0
12021_1046,999999.0
12021_9166,4515.0
12021_12020,4515.0
12022_1046,999999.0
12022_6611,4515.0
12022_6612,4515.0
12023_1052,999999.0
12023_6626,5018.0
12023_6651,5018.0
12024_1054,999999.0
12024_6671,4515.0
12024_6672,4515.0
12025_1050,999999.0
12025_6617,7988.0
12025_6618,7988.0
12026_1306,999999.0
12026_7224,5018.0
12026_11257,5018.0
12027_1048,999999.0
12027_9166,4515.0
12027_11061,4515.0
12028_1318,999999.0
12028_6583,15975.0
12028_8111,15975.0
12029_1317,999999.0
12029_6598,4515.0
12029_6660,4515.0
12030_1326,999999.0
12030_6579,15975.0
12030_6580,15975.0
12031_1325,999999.0
12031_6583,6240.0
12031_6585,6240.0
12032_1118,999999.0
12032_10373,6240.0
12032_11402,6240.0
12033_1322,999999.0
12033_11403,5258.0
12033_11414,5258.0
12034_1322,999999.0
12034_11404,9165.0
12034_11410,9165.0
12035_1093,999999.0
12035_6732,10035.0
12035_6733,10035.0
12036_1093,999999.0
12036_6719,7988.0
12036_6726,7988.0
12037_1090,999999.0
12037_6734,5018.0
12037_6831,5018.0
12038_1090,999999.0
12038_6722,4515.0
12038_11335,5258.0
12039_1320,999999.0
12039_11390,6240.0
12039_11405,6240.0
12040_1320,999999.0
12040_11383,5258.0
12040_11388,5258.0
12041_1320,999999.0
12041_11389,5258.0
12041_11449,5258.0
12042_1110,999999.0
12042_11337,10035.0
12042_11338,10035.0
12043_1110,999999.0
12043_11377,6240.0
12043_11382,6240.0
12044_1110,999999.0
12044_11366,9165.0
12044_11452,9165.0
12045_1321,999999.0
12045_11382,6240.0
12045_11448,6240.0
12046_1316,999999.0
12046_11352,5018.0
12046_11518,5018.0
12047_1083,999999.0
12047_11291,5258.0
12047_11357,5258.0
12048_1083,999999.0
12048_11358,5258.0
12048_11359,5258.0
12049_1086,999999.0
12049_11351,6240.0
12049_11525,6240.0
12050_1311,999999.0
12050_11302,4358.0
12050_11303,4358.0
12051_1324,999999.0
12051_11429,6240.0
12051_11443,6240.0
12052_1116,999999.0
12052_7984,6240.0
12052_10385,5018.0
12053_1329,999999.0
12053_11420,5258.0
12053_11533,5258.0
12054_1329,999999.0
12054_11418,6240.0
12054_11429,6240.0
12055_1329,999999.0
12055_11417,5258.0
12055_11418,5258.0
12056_1327,999999.0
12056_6577,6240.0
12056_6578,5018.0
12057_1119,999999.0
12057_6576,18330.0
12057_6577,18330.0
12058_1119,999999.0
12058_6576,6240.0
12058_12076,10035.0
12059_7352,9165.0
12059_9236,4515.0
12059_13162,7988.0
12060_1214,999999.0
12060_7346,18330.0
12060_9240,18330.0
12061_9242,6240.0
12061_13154,6240.0
12061_13155,4515.0
12062_1215,999999.0
12062_7336,9165.0
12062_7341,9165.0
12063_9232,5018.0
12063_9243,10035.0
12063_12123,5018.0
12064_7321,4515.0
12064_9232,7988.0
12064_9233,7988.0
12064_13157,4515.0
12065_1216,999999.0
12065_7320,15975.0
12065_7321,15975.0
12066_7314,15975.0
12066_9229,15975.0
12066_13325,4515.0
12067_1230,999999.0
12067_8306,7988.0
12067_9226,7988.0
12068_1230,999999.0
12068_7319,15975.0
12068_13167,15975.0
12069_7283,18330.0
12069_12129,15975.0
12069_13227,5258.0
12070_1226,999999.0
12070_7278,5018.0
12070_9218,5018.0
12071_1217,999999.0
12071_7296,7988.0
12071_9226,7988.0
12072_1217,999999.0
12072_8440,4515.0
12072_13220,4515.0
12073_1213,999999.0
12073_7329,15975.0
12073_8435,15975.0
12074_7323,15975.0
12074_8442,15975.0
12074_13214,4515.0
12075_1210,999999.0
12075_8432,5018.0
12075_13189,5018.0
12076_1165,999999.0
12076_7234,10035.0
12076_12058,10035.0
12077_6580,15975.0
12077_13132,15975.0
12077_13133,4515.0
12078_7230,5018.0
12078_13131,5018.0
12078_13132,4515.0
12079_1164,999999.0
12079_8348,5018.0
12079_9168,5018.0
12080_9245,5018.0
12080_13150,4515.0
12080_13205,5018.0
12081_3798,5018.0
12081_7210,5018.0
12081_13105,4515.0
12081_13106,4515.0
12082_7106,24930.0
12082_7109,24930.0
12082_13109,4515.0
12083_1155,999999.0
12083_7093,4050.0
12083_8356,4050.0
12084_1152,999999.0
12084_8334,7988.0
12084_8527,7988.0
12085_2216,4515.0
12085_7067,7988.0
12085_8331,7988.0
12086_1195,999999.0
12086_8169,15975.0
12086_8415,15975.0
12087_8429,5018.0
12087_9215,5018.0
12087_13172,4515.0
12088_1208,999999.0
12088_9213,5018.0
12088_11565,5018.0
12089_1190,999999.0
12089_7198,4515.0
12089_13326,4515.0
12090_534,999999.0
12090_1946,6240.0
12090_1950,6240.0
12091_534,999999.0
12091_2015,5018.0
12091_2019,5018.0
12092_580,999999.0
12092_1957,5258.0
12092_2110,5258.0
12093_580,999999.0
12093_1947,9165.0
12093_1956,9165.0
12094_577,999999.0
12094_1835,9165.0
12094_3212,9165.0
12095_542,999999.0
12095_1939,4358.0
12095_3086,5018.0
12096_556,999999.0
12096_1826,7988.0
12096_1827,7988.0
12097_556,999999.0
12097_2043,4515.0
12097_2044,4515.0
12098_556,999999.0
12098_1838,15975.0
12098_1844,15975.0
12099_545,999999.0
12099_1851,5018.0
12099_3082,5018.0
12100_543,999999.0
12100_1859,4515.0
12100_2795,4515.0
12101_1774,7988.0
12101_3286,7988.0
12101_12485,4515.0
12102_467,999999.0
12102_2006,15975.0
12102_2760,15975.0
12103_467,999999.0
12103_1719,7988.0
12103_3504,7988.0
12104_466,999999.0
12104_1735,5018.0
12104_9072,5018.0
12105_473,999999.0
12105_1711,7988.0
12105_2001,7988.0
12106_455,999999.0
12106_2741,7988.0
12106_3490,7988.0
12107_579,999999.0
12107_1819,6240.0
12107_1820,6240.0
12108_509,999999.0
12108_1909,8715.0
12108_1994,8715.0
12109_10324,28598.0
12109_10998,18330.0
12110_9891,6240.0
12110_9892,5258.0
12110_12111,6240.0
12110_12112,5258.0
12111_9892,6240.0
12111_9912,6240.0
12111_12110,6240.0
12112_833,999999.0
12112_12110,5258.0
12112_12563,5258.0
12113_1685,14580.0
12113_8202,14580.0
12113_11207,14580.0
12113_11212,14580.0
12114_1354,999999.0
12114_6701,5018.0
12114_8750,5018.0
12115_1354,999999.0
12115_6702,5018.0
12115_6703,5018.0
12116_1106,999999.0
12116_6703,6240.0
12116_6705,6240.0
12117_1355,999999.0
12117_11422,5258.0
12117_11427,4515.0
12118_1165,999999.0
12118_7243,5018.0
12118_8437,10035.0
12119_1165,999999.0
12119_7237,4515.0
12119_7239,4515.0
12120_1356,999999.0
12120_7231,5018.0
12120_7251,5018.0
12121_1357,999999.0
12121_8305,5018.0
12121_9245,5018.0
12122_1357,999999.0
12122_9244,5018.0
12122_9245,5018.0
12123_1357,999999.0
12123_12063,5018.0
12123_13154,5018.0
12124_1358,999999.0
12124_7333,7988.0
12124_13158,7988.0
12125_1358,999999.0
12125_7333,5018.0
12125_7334,5018.0
12126_1358,999999.0
12126_7346,4515.0
12126_13159,5258.0
12127_1359,999999.0
12127_8448,5018.0
12127_13222,5018.0
12128_1359,999999.0
12128_7283,5018.0
12128_7285,5018.0
12129_1359,999999.0
12129_12069,15975.0
12129_13224,15975.0
12130_1360,999999.0
12130_7282,7988.0
12130_13226,7988.0
12131_1360,999999.0
12131_7282,7988.0
12131_9221,7988.0
12132_1360,999999.0
12132_9219,6240.0
12132_9221,5018.0
12133_1363,999999.0
12133_11626,5258.0
12133_12397,5258.0
12134_1363,999999.0
12134_11627,10035.0
12134_11628,10035.0
12135_1363,999999.0
12135_11625,5018.0
12135_11627,5018.0
12136_1362,999999.0
12136_11593,5258.0
12136_11607,5258.0
12137_1362,999999.0
12137_11606,5258.0
12137_11608,5258.0
12138_1362,999999.0
12138_11616,18330.0
12138_11617,18330.0
12139_1361,999999.0
12139_11557,5258.0
12139_11566,4515.0
12140_1361,999999.0
12140_11562,5258.0
12140_11575,4515.0
12141_11576,18330.0
12141_11577,18330.0
12141_13231,5018.0
12142_1349,999999.0
12142_9294,6240.0
12142_9295,6240.0
12143_726,999999.0
12143_12635,4515.0
12143_12636,4515.0
12144_10776,5258.0
12144_11976,5258.0
12144_12145,5258.0
12145_10762,5258.0
12145_10766,5258.0
12145_12144,5258.0
12146_10762,6240.0
12146_10763,5258.0
12146_12147,6240.0
12147_8601,9165.0
12147_10763,9165.0
12147_12146,6240.0
12148_665,999999.0
12148_10795,4515.0
12148_12149,5258.0
12149_10798,6240.0
12149_10799,6240.0
12149_12148,5258.0
12150_10734,6240.0
12150_10735,6240.0
12150_10753,5258.0
12151_10742,4515.0
12151_10743,4515.0
12151_10760,4515.0
12152_10169,6240.0
12152_10730,6240.0
12152_10736,5258.0
12153_10947,5258.0
12153_10951,4515.0
12153_12154,5258.0
12154_675,999999.0
12154_10940,5258.0
12154_12153,5258.0
12155_676,999999.0
12155_10940,5258.0
12155_10947,5258.0
12156_662,999999.0
12156_10807,5258.0
12156_12157,5258.0
12157_10819,6240.0
12157_10820,6240.0
12157_12156,5258.0
12158_10832,6240.0
12158_10935,6240.0
12158_12285,5258.0
12159_10865,6240.0
12159_10934,6240.0
12159_12285,5258.0
12160_643,999999.0
12160_10843,5258.0
12160_12161,5258.0
12161_10877,6240.0
12161_10878,6240.0
12161_12160,5258.0
12162_10673,9165.0
12162_10843,18330.0
12162_12163,5258.0
12163_10878,6240.0
12163_10879,6240.0
12163_12162,5258.0
12163_12293,5258.0
12164_10168,6240.0
12164_10169,6240.0
12164_11973,5258.0
12165_10269,5258.0
12165_10270,5258.0
12165_10708,5258.0
12166_10702,7988.0
12166_10704,7988.0
12166_12171,4515.0
12167_10097,6240.0
12167_10297,4515.0
12167_10722,6240.0
12168_10299,5018.0
12168_10300,4515.0
12168_10719,5018.0
12169_10299,5018.0
12169_10674,5018.0
12169_12170,4515.0
12169_12278,4515.0
12170_10675,7988.0
12170_10676,7988.0
12170_12169,4515.0
12170_12202,5258.0
12171_10300,4515.0
12171_12166,4515.0
12171_12172,4515.0
12172_10676,7988.0
12172_10698,7988.0
12172_12171,4515.0
12172_12201,4515.0
12173_2365,5258.0
12173_10359,5258.0
12173_11968,5258.0
12174_10239,4515.0
12174_10249,6240.0
12174_10257,6240.0
12175_627,999999.0
12175_10236,4515.0
12175_10240,4515.0
12176_2211,6240.0
12176_10237,5018.0
12176_10238,5018.0
12177_2111,5258.0
12177_2212,5258.0
12177_10401,5258.0
12178_10247,5018.0
12178_10348,5018.0
12178_12179,4515.0
12179_10251,5018.0
12179_10313,6240.0
12179_12178,4515.0
12179_12180,5258.0
12180_10249,18330.0
12180_10250,15975.0
12180_12179,5258.0
12181_10255,5018.0
12181_10348,5018.0
12181_12183,5018.0
12182_10267,5258.0
12182_10270,5258.0
12182_10271,5258.0
12183_10486,5018.0
12183_10495,5018.0
12183_12181,5018.0
12184_620,999999.0
12184_10475,4515.0
12184_12185,4515.0
12185_10492,5018.0
12185_10711,5018.0
12185_12184,4515.0
12186_5832,5258.0
12186_10243,9165.0
12186_10244,9165.0
12187_10892,5258.0
12187_10927,5258.0
12187_12188,5258.0
12188_10888,5258.0
12188_10893,5258.0
12188_12187,5258.0
12188_12189,5258.0
12189_653,999999.0
12189_12188,5258.0
12189_12190,5258.0
12190_10889,6240.0
12190_10891,6240.0
12190_12189,5258.0
12191_10891,6240.0
12191_10894,6240.0
12191_12192,5258.0
12192_11036,5258.0
12192_12191,5258.0
12192_12193,5258.0
12192_12195,5258.0
12193_650,999999.0
12193_12192,5258.0
12193_12194,5258.0
12194_1657,5258.0
12194_11036,5258.0
12194_12193,5258.0
12195_648,999999.0
12195_10896,5258.0
12195_12192,5258.0
12196_647,999999.0
12196_10903,5258.0
12196_11986,5258.0
12197_10163,5258.0
12197_10164,5258.0
12197_11037,5258.0
12198_10671,6240.0
12198_10879,6240.0
12198_12199,5258.0
12199_642,999999.0
12199_12198,5258.0
12199_12200,5258.0
12200_10677,9165.0
12200_12199,5258.0
12200_12295,9165.0
12201_10698,7988.0
12201_10700,7988.0
12201_12172,4515.0
12202_642,999999.0
12202_10701,5258.0
12202_12170,5258.0
12203_10668,5258.0
12203_10885,5258.0
12203_12296,5258.0
12204_644,999999.0
12204_10668,5258.0
12204_10670,5258.0
12205_10667,5258.0
12205_10900,5258.0
12205_11986,5258.0
12206_10642,9165.0
12206_10643,5258.0
12206_10646,18330.0
12207_10655,5258.0
12207_12208,5258.0
12207_12220,5258.0
12208_10319,5258.0
12208_12207,5258.0
12208_12209,5258.0
12209_1271,999999.0
12209_12208,5258.0
12209_12210,5258.0
12210_12209,5258.0
12210_12211,5258.0
12211_10663,6240.0
12211_10664,6240.0
12211_12210,5258.0
12211_12212,5258.0
12212_10663,6240.0
12212_11030,6240.0
12212_12211,5258.0
12213_10662,6240.0
12213_11032,6240.0
12213_12225,5258.0
12214_10662,18330.0
12214_10685,18330.0
12214_12215,5258.0
12215_618,999999.0
12215_12214,5258.0
12215_12216,5258.0
12216_10684,6240.0
12216_12215,5258.0
12216_12217,6240.0
12217_10683,5258.0
12217_11030,6240.0
12217_12216,6240.0
12218_10216,5258.0
12218_10319,5258.0
12218_12219,5258.0
12219_10664,6240.0
12219_10683,6240.0
12219_12218,5258.0
12220_10665,5258.0
12220_11038,5258.0
12220_12207,5258.0
12221_10648,5258.0
12221_10665,5258.0
12221_10667,5258.0
12222_602,999999.0
12222_10584,5258.0
12222_12304,5258.0
12223_614,999999.0
12223_10536,5258.0
12223_12302,5258.0
12224_10529,6240.0
12224_12225,6240.0
12224_12302,5258.0
12225_10533,6240.0
12225_12213,5258.0
12225_12224,6240.0
12226_3092,10035.0
12226_5828,5018.0
12226_12227,4515.0
12227_587,999999.0
12227_12226,4515.0
12227_12228,4515.0
12228_12227,4515.0
12228_12229,4515.0
12228_12231,5018.0
12229_3600,5258.0
12229_10425,4515.0
12229_10432,4515.0
12229_12228,4515.0
12230_3599,51728.0
12230_12228,5018.0
12231_3091,51728.0
12232_1658,5258.0
12232_10908,5258.0
12232_12233,5258.0
12233_610,999999.0
12233_12232,5258.0
12233_12234,5258.0
12234_10634,5258.0
12234_12233,5258.0
12234_12236,5258.0
12235_609,999999.0
12235_1662,5258.0
12235_1663,5258.0
12236_1662,5258.0
12236_10635,5258.0
12236_12234,5258.0
12237_10591,5258.0
12237_10643,5258.0
12237_10647,5258.0
12238_612,999999.0
12238_10589,5258.0
12238_10647,5258.0
12239_10612,9165.0
12239_10614,5258.0
12239_10615,9165.0
12240_10684,5018.0
12240_10685,10035.0
12240_10688,5018.0
12241_10612,5258.0
12241_10613,5258.0
12241_10614,5258.0
12242_10611,9165.0
12242_10612,9165.0
12242_10613,5258.0
12243_10437,4050.0
12243_10582,4358.0
12243_10584,6240.0
12244_10192,5258.0
12244_12245,5258.0
12244_12271,5258.0
12245_584,999999.0
12245_12244,5258.0
12245_12246,5258.0
12246_10195,5258.0
12246_12245,5258.0
12246_12247,5258.0
12247_10177,6240.0
12247_10198,6240.0
12247_12246,5258.0
12248_1896,4358.0
12248_2939,4358.0
12248_5839,4050.0
12249_1892,4050.0
12249_2825,4050.0
12249_2948,4050.0
12250_1888,4358.0
12250_1889,4358.0
12250_2825,4050.0
12250_12251,4050.0
12251_1884,7028.0
12251_1885,7028.0
12251_12250,4050.0
12251_12252,4050.0
12252_1883,7028.0
12252_2954,7028.0
12252_12251,4050.0
12253_1339,999999.0
12253_2212,5258.0
12253_12256,5258.0
12254_496,999999.0
12254_2814,4050.0
12254_12255,4050.0
12255_1988,7028.0
12255_9082,7028.0
12255_12254,4050.0
12256_10328,5258.0
12256_12253,5258.0
12256_12257,5258.0
12257_10211,5258.0
12257_10212,5258.0
12257_12256,5258.0
12258_10210,6240.0
12258_10327,6240.0
12258_12259,5258.0
12259_10209,5258.0
12259_10211,5258.0
12259_12258,5258.0
12260_10211,5258.0
12260_10213,5258.0
12260_12261,5258.0
12261_10192,5258.0
12261_12260,5258.0
12261_13328,5258.0
12262_583,999999.0
12262_10200,5258.0
12262_10205,5258.0
12263_1941,15975.0
12263_1942,15975.0
12263_2017,4515.0
12264_1861,5018.0
12264_3097,5018.0
12264_12265,4515.0
12265_540,999999.0
12265_12264,4515.0
12265_12266,4515.0
12266_2009,6240.0
12266_3098,6240.0
12266_12265,4515.0
12267_3158,7988.0
12267_12268,4515.0
12267_12269,7988.0
12268_1853,5018.0
12268_3229,5018.0
12268_12267,4515.0
12268_12476,4515.0
12269_1747,7988.0
12269_12267,7988.0
12269_12470,4515.0
12270_1642,5258.0
12270_10180,4515.0
12271_10185,16770.0
12271_10186,16770.0
12271_12244,5258.0
12272_10193,16770.0
12272_10329,16770.0
12272_10359,5258.0
12273_2365,5258.0
12273_10358,5018.0
12273_11967,5258.0
12274_10707,5258.0
12274_10708,5258.0
12275_10472,5018.0
12275_10706,5018.0
12276_10717,6240.0
12276_10719,6240.0
12277_10097,6240.0
12277_10719,6240.0
12278_10297,4515.0
12278_10842,4515.0
12278_12169,4515.0
12279_10840,4515.0
12279_10841,4515.0
12280_10821,4515.0
12280_10825,4515.0
12281_10823,4515.0
12281_10824,4515.0
12282_10828,6240.0
12282_10835,6240.0
12283_10834,6240.0
12283_10835,6240.0
12284_10834,5018.0
12284_10864,5018.0
12285_12158,5258.0
12285_12159,5258.0
12286_10934,6240.0
12286_10935,6240.0
12286_12287,5258.0
12287_10933,5258.0
12287_10934,5258.0
12287_12286,5258.0
12288_10867,9165.0
12288_10933,18330.0
12289_10869,16770.0
12289_10928,16770.0
12290_10927,6240.0
12290_11979,6240.0
12291_10871,5018.0
12291_10927,6240.0
12292_10886,5258.0
12292_11980,5258.0
12293_10880,5258.0
12293_12163,5258.0
12294_10879,5258.0
12294_10880,5258.0
12295_10884,9165.0
12295_12200,9165.0
12296_10701,5258.0
12296_12203,5258.0
12297_10026,5258.0
12297_12298,5258.0
12298_10668,5258.0
12298_12297,5258.0
12299_8671,32415.0
12299_10654,32415.0
12300_10648,9165.0
12300_11031,9165.0
12301_10648,5258.0
12301_10650,6240.0
12301_10651,6240.0
12302_12223,5258.0
12302_12224,5258.0
12303_10537,6240.0
12303_10563,6240.0
12304_10536,5258.0
12304_12222,5258.0
12305_10535,6240.0
12305_10583,6240.0
12306_10583,6240.0
12306_10588,6240.0
12307_10595,6240.0
12307_10596,6240.0
12308_9981,5018.0
12308_10103,5018.0
12309_9981,6240.0
12309_10115,6240.0
12309_12310,5258.0
12310_12309,5258.0
12310_12591,5258.0
12311_10114,33150.0
12311_10115,33150.0
12312_11797,5258.0
12312_12313,5258.0
12313_9924,9165.0
12313_10436,9165.0
12313_12312,5258.0
12314_9902,5018.0
12314_9903,5018.0
12314_12598,5258.0
12315_12316,4515.0
12315_12598,5258.0
12316_9036,4515.0
12316_9898,4515.0
12316_12315,4515.0
12317_12318,5258.0
12317_12562,4515.0
12318_9899,7988.0
12318_12317,5258.0
12318_12319,9165.0
12319_9897,9165.0
12319_12318,9165.0
12319_12555,5258.0
12320_12555,5258.0
12320_12556,5258.0
12321_9899,4515.0
12321_12556,5258.0
12322_9893,5258.0
12322_9907,5258.0
12323_8667,32415.0
12323_9813,32415.0
12324_9917,6240.0
12324_9919,6240.0
12324_10117,5258.0
12325_9938,6240.0
12325_10118,6240.0
12326_9799,6240.0
12326_9800,6240.0
12327_9787,6240.0
12327_9788,6240.0
12328_9805,6240.0
12328_9806,6240.0
12329_9803,9165.0
12329_9808,9165.0
12330_10362,6240.0
12330_11072,6240.0
12331_11928,6240.0
12331_12332,6240.0
12331_12565,5258.0
12332_9847,6240.0
12332_12331,6240.0
12332_12338,5258.0
12333_9890,6240.0
12333_9891,6240.0
12334_9886,6240.0
12334_12568,6240.0
12335_9851,9165.0
12335_10141,9165.0
12335_12336,5258.0
12335_12567,5258.0
12336_12335,5258.0
12336_12337,5258.0
12336_12571,5258.0
12336_12572,5258.0
12337_12336,5258.0
12337_12569,5258.0
12338_12332,5258.0
12338_12339,5258.0
12339_12338,5258.0
12339_12340,5258.0
12339_12570,5258.0
12340_9848,5258.0
12340_12339,5258.0
12341_9850,6240.0
12341_12570,6240.0
12342_10289,5018.0
12342_10290,5018.0
12343_9484,5258.0
12343_9593,4515.0
12344_9484,32415.0
12344_12345,32415.0
12345_9482,32415.0
12345_12344,32415.0
12346_10282,28598.0
12346_10295,28598.0
12346_12576,5258.0
12347_10279,6240.0
12347_12348,6240.0
12347_12349,5258.0
12348_10130,6240.0
12348_12347,6240.0
12349_9391,5258.0
12349_12347,5258.0
12349_12827,5258.0
12350_9425,5258.0
12350_11812,5258.0
12350_12351,5258.0
12350_12826,5258.0
12351_9424,5258.0
12351_10121,5258.0
12351_12350,5258.0
12352_9424,5258.0
12352_9626,6240.0
12352_10121,6240.0
12353_9419,7988.0
12353_9671,7988.0
12353_12830,5258.0
12354_9346,9165.0
12354_9351,9165.0
12355_9303,6240.0
12355_9376,5258.0
12355_9377,6240.0
12356_9309,5258.0
12356_12357,5258.0
12357_12356,5258.0
12357_12894,5258.0
12358_10949,9165.0
12358_11074,9165.0
12359_10382,5018.0
12359_11110,5018.0
12360_11105,5018.0
12360_11106,5018.0
12361_11101,7988.0
12361_11105,7988.0
12362_11100,5018.0
12362_11101,5018.0
12363_11097,5018.0
12363_11098,5018.0
12364_11134,5258.0
12364_11160,5258.0
12365_10468,50580.0
12365_11217,50580.0
12366_11222,5018.0
12366_11231,5018.0
12367_11203,5258.0
12367_12930,4515.0
12368_11235,18330.0
12368_11236,18330.0
12369_11234,5258.0
12369_11236,5258.0
12369_12370,5258.0
12370_8267,9165.0
12370_11242,9165.0
12370_12369,5258.0
12371_1637,32415.0
12371_8266,32415.0
12372_11233,5258.0
12372_11243,5258.0
12373_5910,50580.0
12373_8261,50580.0
12374_5863,6240.0
12374_11272,6240.0
12375_5864,6240.0
12375_11273,6240.0
12376_6883,6240.0
12376_12378,6240.0
12377_8078,50580.0
12377_8505,50580.0
12378_6884,6240.0
12378_12376,6240.0
12379_5906,50580.0
12380_7015,50580.0
12381_6884,5258.0
12381_8080,4515.0
12382_8097,50580.0
12382_8492,50580.0
12382_12467,23580.0
12383_6852,6240.0
12383_6873,6240.0
12384_6851,6240.0
12384_6872,6240.0
12385_6820,50580.0
12385_8101,50580.0
12386_6848,6240.0
12386_6849,6240.0
12387_8076,50580.0
12387_8502,50580.0
12388_6825,6240.0
12388_6827,6240.0
12389_11270,5258.0
12389_11400,5258.0
12390_11400,6240.0
12390_11403,6240.0
12391_11402,6240.0
12391_11403,6240.0
12392_11455,5258.0
12392_11456,5258.0
12393_10337,5258.0
12393_11264,5258.0
12394_10338,6240.0
12394_11546,6240.0
12395_11572,6240.0
12395_12396,6240.0
12396_11627,6240.0
12396_12395,6240.0
12397_11572,5258.0
12397_12133,5258.0
12398_11620,6240.0
12398_11621,6240.0
12399_9106,32415.0
12399_11629,32415.0
12400_9262,5258.0
12400_11650,5258.0
12401_7619,7988.0
12401_7625,9165.0
12402_7625,6240.0
12402_11991,6240.0
12403_7624,6240.0
12403_11678,6240.0
12404_11676,5258.0
12404_11681,5258.0
12405_4110,6240.0
12405_8594,6240.0
12405_11681,5258.0
12405_11756,5258.0
12406_9197,5258.0
12406_9198,5258.0
12407_11740,5258.0
12407_11751,5258.0
12408_11744,5258.0
12408_11745,5258.0
12409_9200,10515.0
12409_11744,10515.0
12410_1695,10515.0
12410_9200,10515.0
12411_9193,5258.0
12411_11755,5258.0
12412_9190,6240.0
12412_11684,6240.0
12413_8119,32415.0
12413_9187,32415.0
12414_8119,9165.0
12414_11689,9165.0
12415_7608,5258.0
12415_7611,4515.0
12416_8119,32415.0
12416_8580,32415.0
12417_7606,6240.0
12417_7607,6240.0
12418_7606,5258.0
12418_8234,5258.0
12419_7545,6240.0
12419_7606,5018.0
12420_8118,32415.0
12420_8580,33150.0
12421_8118,9165.0
12421_8574,7988.0
12422_7545,6240.0
12422_7546,5018.0
12423_8106,33150.0
12423_8118,32415.0
12424_8219,50580.0
12424_8496,50580.0
12425_5899,6240.0
12425_7477,6240.0
12426_8069,6240.0
12426_8197,6240.0
12427_7471,9165.0
12427_7486,9165.0
12428_10047,33480.0
12428_10048,32415.0
12429_10049,14055.0
12429_10050,18330.0
12430_1664,5258.0
12430_1665,4515.0
12431_12432,5258.0
12431_12511,5258.0
12432_10109,5258.0
12432_12431,5258.0
12432_12512,5258.0
12433_10028,32415.0
12433_10053,32415.0
12434_10058,5258.0
12434_12435,5258.0
12434_12533,5258.0
12435_10059,5258.0
12435_12434,5258.0
12435_12531,5258.0
12435_12532,5258.0
12436_12510,5258.0
12436_12531,5258.0
12437_10057,32415.0
12437_10072,32415.0
12438_6957,5258.0
12438_12510,5258.0
12439_6949,9165.0
12439_6957,9165.0
12440_7108,6240.0
12440_7117,6240.0
12441_10098,5258.0
12441_12442,5258.0
12442_10070,5258.0
12442_10075,5258.0
12442_12441,5258.0
12442_12443,5258.0
12443_12442,5258.0
12443_12530,5258.0
12444_10067,9165.0
12444_10069,9165.0
12445_9991,5258.0
12445_10063,5258.0
12445_12535,5258.0
12446_9988,18330.0
12446_9989,18330.0
12447_11795,5258.0
12447_12448,5258.0
12448_10628,9165.0
12448_10630,9165.0
12448_12447,5258.0
12448_12450,5258.0
12449_10630,9165.0
12449_12454,18330.0
12450_608,999999.0
12450_12448,5258.0
12450_12453,5258.0
12451_10633,5258.0
12451_10634,5258.0
12452_1662,5258.0
12452_10633,5258.0
12453_1662,5258.0
12453_12450,5258.0
12454_10639,18330.0
12454_12449,9165.0
12455_10638,6240.0
12455_10640,6240.0
12456_10160,6240.0
12456_10592,6240.0
12457_10161,5258.0
12457_10592,5258.0
12458_10610,9165.0
12458_10611,9165.0
12459_10063,6240.0
12459_12540,6240.0
12460_10063,5258.0
12460_10149,5258.0
12461_10149,9165.0
12461_12538,9165.0
12462_12539,5258.0
12462_12546,5258.0
12463_9871,4515.0
12463_10079,5258.0
12464_10079,6240.0
12464_10080,6240.0
12465_1669,5258.0
12465_10082,5258.0
12466_12497,5258.0
12466_12500,5258.0
12467_6870,28598.0
12467_8718,28598.0
12467_12382,23580.0
12468_13365,5018.0
12468_13386,5018.0
12468_13387,5018.0
12469_7400,7988.0
12469_8094,5018.0
12469_13366,7988.0
12469_13387,5018.0
12470_2959,5018.0
12470_3232,5018.0
12470_12269,4515.0
12471_2803,5018.0
12471_3391,5018.0
12471_12472,4515.0
12472_2814,15975.0
12472_2973,15975.0
12472_12471,4515.0
12473_1858,4515.0
12473_2795,4515.0
12473_12474,4515.0
12474_2007,5018.0
12474_2009,5018.0
12474_3151,4515.0
12474_12473,4515.0
12475_2009,7988.0
12475_3151,4515.0
12475_3153,7988.0
12476_547,999999.0
12476_3236,4515.0
12476_12268,4515.0
12477_459,999999.0
12477_1775,4050.0
12477_12478,4050.0
12478_12477,4050.0
12478_12479,4050.0
12478_12480,4515.0
12479_2741,7028.0
12479_9067,7028.0
12479_12478,4050.0
12480_457,999999.0
12480_12478,4515.0
12480_12481,4515.0
12481_2742,7988.0
12481_4568,7988.0
12481_12480,4515.0
12482_2628,4050.0
12482_9065,4050.0
12482_12483,4515.0
12483_452,999999.0
12483_2630,4515.0
12483_12482,4515.0
12484_1792,5018.0
12484_3291,5018.0
12484_12485,4515.0
12485_571,999999.0
12485_12101,4515.0
12485_12484,4515.0
12486_2040,15975.0
12486_3282,15975.0
12486_12487,4515.0
12487_567,999999.0
12487_12486,4515.0
12487_12488,4515.0
12488_2039,5018.0
12488_3280,5018.0
12488_12487,4515.0
12489_559,999999.0
12489_2056,4515.0
12489_3261,4515.0
12490_3260,5018.0
12490_3261,4515.0
12490_12491,5018.0
12491_1798,5018.0
12491_12490,5018.0
12491_12492,4515.0
12492_1786,7988.0
12492_1797,7988.0
12492_12491,4515.0
12493_844,999999.0
12493_10091,5258.0
12493_10092,5258.0
12494_10081,5258.0
12494_10091,5258.0
12494_12496,5258.0
12495_10080,5258.0
12495_10081,5258.0
12495_10082,5258.0
12496_10080,6240.0
12496_10084,6240.0
12496_12494,5258.0
12496_12503,4515.0
12497_10083,5258.0
12497_12466,5258.0
12497_12498,5258.0
12498_10094,5258.0
12498_12497,5258.0
12498_12499,5258.0
12499_844,999999.0
12499_10083,5258.0
12499_12498,5258.0
12500_1668,5258.0
12500_1669,5258.0
12500_12466,5258.0
12500_12528,5258.0
12501_9867,5018.0
12501_10086,5018.0
12501_12503,4515.0
12502_844,999999.0
12502_10088,5258.0
12502_12754,4515.0
12503_846,999999.0
12503_12496,4515.0
12503_12501,4515.0
12504_1393,999999.0
12504_10050,5258.0
12504_12505,5258.0
12505_1664,6240.0
12505_4235,6240.0
12505_12504,5258.0
12506_1666,5258.0
12506_12507,5258.0
12506_12510,5258.0
12507_1393,999999.0
12507_6949,5258.0
12507_12506,5258.0
12508_6978,6240.0
12508_7108,6240.0
12508_12509,5258.0
12509_6969,9165.0
12509_6971,9165.0
12509_12508,5258.0
12510_12436,5258.0
12510_12438,5258.0
12510_12506,5258.0
12511_1665,5258.0
12511_10052,5258.0
12511_12431,5258.0
12512_866,999999.0
12512_12432,5258.0
12512_12513,5258.0
12513_9271,4515.0
12513_10052,5258.0
12513_12512,5258.0
12514_864,999999.0
12514_9271,4515.0
12514_12516,4515.0
12515_10043,4050.0
12515_10044,4050.0
12515_12581,4050.0
12516_10042,4515.0
12516_10043,4050.0
12516_12514,4515.0
12516_12517,4050.0
12517_867,999999.0
12517_12516,4050.0
12517_12582,4050.0
12518_10035,4515.0
12518_10153,5258.0
12518_10154,4515.0
12519_10010,5018.0
12519_10105,5018.0
12519_12520,4515.0
12520_862,999999.0
12520_12519,4515.0
12520_12521,4515.0
12521_2591,4515.0
12521_10009,4515.0
12521_12520,4515.0
12522_10027,4515.0
12522_10029,4515.0
12522_12523,4515.0
12523_10030,9030.0
12523_10031,9030.0
12523_12522,4515.0
12523_12524,4515.0
12524_10030,4515.0
12524_10155,4515.0
12524_12523,4515.0
12524_12525,4515.0
12525_10003,5018.0
12525_10033,5018.0
12525_12524,4515.0
12526_1394,999999.0
12526_7238,5258.0
12526_12527,5258.0
12527_7232,9165.0
12527_10098,9165.0
12527_12526,5258.0
12528_848,999999.0
12528_12500,5258.0
12528_12529,5258.0
12529_1667,5258.0
12529_3057,5258.0
12529_12528,5258.0
12530_10066,9165.0
12530_10067,9165.0
12530_12443,5258.0
12531_849,999999.0
12531_12435,5258.0
12531_12436,5258.0
12532_10061,6240.0
12532_12435,5258.0
12532_12533,6240.0
12533_12434,5258.0
12533_12532,6240.0
12533_12534,6240.0
12534_10040,6240.0
12534_12533,6240.0
12534_12535,5258.0
12535_856,999999.0
12535_12445,5258.0
12535_12534,5258.0
12536_10005,4515.0
12536_10038,5258.0
12536_12586,5258.0
12537_850,999999.0
12537_10062,6240.0
12537_10150,6240.0
12538_10150,9165.0
12538_12461,9165.0
12538_12539,5258.0
12539_851,999999.0
12539_12462,5258.0
12539_12538,5258.0
12540_9985,6240.0
12540_9986,5258.0
12540_12459,6240.0
12541_9985,6240.0
12541_9987,5258.0
12541_12542,6240.0
12542_853,999999.0
12542_12541,6240.0
12542_12543,6240.0
12543_12542,6240.0
12543_12544,6240.0
12543_12558,5258.0
12544_9896,9165.0
12544_10148,9165.0
12544_12543,6240.0
12545_9874,5018.0
12545_9878,5018.0
12545_12546,5258.0
12546_9870,5258.0
12546_12462,5258.0
12546_12545,5258.0
12546_12547,5258.0
12547_10148,5258.0
12547_12546,5258.0
12547_12548,5258.0
12548_9878,6240.0
12548_9879,6240.0
12548_12547,5258.0
12549_9877,5258.0
12549_9878,5258.0
12549_12551,5258.0
12550_9880,5258.0
12550_12551,5258.0
12550_12552,5258.0
12551_9882,5258.0
12551_12549,5258.0
12551_12550,5258.0
12551_12552,5258.0
12552_12550,5258.0
12552_12551,5258.0
12552_12553,5258.0
12553_841,999999.0
12553_9881,5258.0
12553_12552,5258.0
12554_841,999999.0
12554_10142,5258.0
12554_10143,5258.0
12555_852,999999.0
12555_12319,5258.0
12555_12320,5258.0
12556_9894,5258.0
12556_12320,5258.0
12556_12321,5258.0
12556_12561,5258.0
12557_9896,9165.0
12557_9897,9165.0
12557_12558,5258.0
12558_12543,5258.0
12558_12557,5258.0
12558_12559,5258.0
12559_9898,5258.0
12559_9987,5258.0
12559_12558,5258.0
12560_9883,5258.0
12560_9892,5258.0
12560_12561,5258.0
12561_9893,5258.0
12561_12556,5258.0
12561_12560,5258.0
12562_827,999999.0
12562_9036,4515.0
12562_12317,4515.0
12563_12112,5258.0
12563_12564,5258.0
12563_12602,5258.0
12564_9847,5258.0
12564_12563,5258.0
12564_12565,5258.0
12565_833,999999.0
12565_12331,5258.0
12565_12564,5258.0
12566_9885,5258.0
12566_11804,5258.0
12566_12567,5258.0
12567_12335,5258.0
12567_12566,5258.0
12567_12568,5258.0
12568_9885,6240.0
12568_12334,6240.0
12568_12567,5258.0
12569_9847,6240.0
12569_9889,6240.0
12569_12337,5258.0
12570_10453,6240.0
12570_11808,5258.0
12570_12339,5258.0
12570_12341,6240.0
12571_9848,5258.0
12571_9850,5258.0
12571_12336,5258.0
12572_9850,6240.0
12572_9852,6240.0
12572_12336,5258.0
12573_10283,18330.0
12573_10295,18330.0
12573_12574,5258.0
12573_12819,5258.0
12574_9829,6240.0
12574_9830,6240.0
12574_12573,5258.0
12575_9826,6240.0
12575_9828,6240.0
12575_12576,5258.0
12576_9829,6240.0
12576_10131,6240.0
12576_12346,5258.0
12576_12575,5258.0
12577_9714,15975.0
12577_9715,15975.0
12577_12578,4515.0
12578_708,999999.0
12578_11811,4515.0
12578_12577,4515.0
12579_9714,15975.0
12579_10124,15975.0
12579_12580,4515.0
12580_9713,5018.0
12580_9716,5018.0
12580_12579,4515.0
12580_12632,5258.0
12581_10046,14055.0
12581_10049,14055.0
12581_12515,4050.0
12582_10041,14055.0
12582_10046,14055.0
12582_12517,4050.0
12583_10000,4050.0
12583_10156,4050.0
12583_12584,4050.0
12584_10159,4050.0
12584_12583,4050.0
12584_12585,4050.0
12585_9996,4050.0
12585_9997,4050.0
12585_12584,4050.0
12586_9990,9165.0
12586_9992,14055.0
12586_12536,5258.0
12587_9983,9165.0
12587_9986,5258.0
12587_9988,18330.0
12587_12589,5258.0
12588_854,999999.0
12588_9979,5258.0
12588_12589,5258.0
12589_12587,5258.0
12589_12588,5258.0
12589_12590,5258.0
12590_854,999999.0
12590_10104,5258.0
12590_12589,5258.0
12591_854,999999.0
12591_11797,5258.0
12591_12310,5258.0
12592_9905,9165.0
12592_9982,18330.0
12592_12593,5258.0
12593_12592,5258.0
12593_12598,5258.0
12594_770,999999.0
12594_8918,5258.0
12594_12595,4515.0
12595_771,999999.0
12595_8919,4515.0
12595_12594,4515.0
12596_828,999999.0
12596_9918,5258.0
12596_10450,5258.0
12597_1283,999999.0
12597_10450,5258.0
12597_13329,5258.0
12598_9903,5258.0
12598_12314,5258.0
12598_12315,5258.0
12598_12593,5258.0
12599_826,999999.0
12599_9903,5258.0
12599_9904,5258.0
12600_9906,5258.0
12600_9908,5258.0
12600_9923,5258.0
12601_9911,9165.0
12601_9917,9165.0
12601_12602,5258.0
12602_9912,6240.0
12602_9917,6240.0
12602_12563,5258.0
12602_12601,5258.0
12603_9810,6240.0
12603_11250,6240.0
12603_12604,5258.0
12604_1347,999999.0
12604_11254,5258.0
12604_12603,5258.0
12605_9745,5018.0
12605_11924,5018.0
12605_12606,4515.0
12606_5810,4515.0
12606_9807,4515.0
12606_12605,4515.0
12606_12607,4515.0
12607_719,999999.0
12607_12606,4515.0
12607_12608,4515.0
12608_9806,5018.0
12608_9808,5018.0
12608_12607,4515.0
12609_719,999999.0
12609_9746,5018.0
12609_9807,5018.0
12610_9785,10035.0
12610_9786,5018.0
12610_9807,4515.0
12611_9703,5258.0
12611_10460,5258.0
12611_12641,5258.0
12612_765,999999.0
12612_10110,4515.0
12612_10460,4515.0
12613_8907,4515.0
12613_9774,7988.0
12613_10110,7988.0
12614_763,999999.0
12614_9774,5258.0
12614_12615,5258.0
12615_5811,5258.0
12615_9777,5258.0
12615_12614,5258.0
12616_762,999999.0
12616_9780,5258.0
12616_9781,5258.0
12617_762,999999.0
12617_5812,5258.0
12617_9781,5258.0
12618_2261,5018.0
12618_2262,6240.0
12618_8908,5018.0
12618_8909,5018.0
12619_8905,4515.0
12619_9773,4515.0
12619_12620,4515.0
12620_2276,4515.0
12620_2284,4515.0
12620_12619,4515.0
12620_12621,4515.0
12621_2277,4515.0
12621_3427,5018.0
12621_12620,4515.0
12621_12622,5018.0
12622_765,999999.0
12622_10423,5018.0
12622_12621,5018.0
12623_2243,4050.0
12623_2246,4358.0
12623_5817,4358.0
12624_2258,4050.0
12624_8393,4050.0
12624_8929,4050.0
12625_781,999999.0
12625_8943,4515.0
12625_8944,4515.0
12626_9702,15975.0
12626_9779,15975.0
12626_12627,4515.0
12627_9702,5018.0
12627_9766,5018.0
12627_12626,4515.0
12628_9765,5018.0
12628_10393,5018.0
12628_12629,4515.0
12629_720,999999.0
12629_9764,4515.0
12629_12628,4515.0
12630_715,999999.0
12630_9758,4515.0
12630_12631,4515.0
12631_5809,4515.0
12631_9759,5258.0
12631_12630,4515.0
12631_12645,5258.0
12632_9734,4050.0
12632_9757,4050.0
12632_11927,4050.0
12632_12580,5258.0
12633_9754,14055.0
12633_11923,7028.0
12633_11927,4050.0
12634_2327,4515.0
12634_2333,7988.0
12634_10420,7988.0
12635_2332,7988.0
12635_8810,7988.0
12635_12143,4515.0
12636_2636,5018.0
12636_8815,5018.0
12636_12143,4515.0
12637_727,999999.0
12637_2636,4515.0
12637_12638,4515.0
12638_8816,4515.0
12638_12637,4515.0
12638_12639,4515.0
12638_12640,4515.0
12639_727,999999.0
12639_11911,4515.0
12639_12638,4515.0
12640_9130,5018.0
12640_9131,5018.0
12640_12638,4515.0
12641_9698,5258.0
12641_9701,6240.0
12641_9702,6240.0
12641_12611,5258.0
12642_9698,5258.0
12642_9700,9165.0
12642_10125,9165.0
12642_12643,5258.0
12643_9700,18330.0
12643_12642,5258.0
12643_12647,18330.0
12644_9697,18330.0
12644_9699,5258.0
12644_9700,18330.0
12645_9705,18330.0
12645_9707,18330.0
12645_12631,5258.0
12646_9709,6240.0
12646_9710,5258.0
12646_9711,6240.0
12647_10123,18330.0
12647_12643,18330.0
12647_12648,5258.0
12648_706,999999.0
12648_11921,5258.0
12648_12647,5258.0
12649_9673,5258.0
12649_9678,6240.0
12649_11921,6240.0
12650_9673,5258.0
12650_10122,9165.0
12650_10275,9165.0
12651_9674,5258.0
12651_10274,9165.0
12651_12652,9165.0
12652_10366,9165.0
12652_12651,9165.0
12652_12653,5258.0
12653_705,999999.0
12653_9675,5258.0
12653_12652,5258.0
12654_9675,5258.0
12654_9676,6240.0
12654_9677,6240.0
12655_8796,4515.0
12655_8803,4515.0
12655_12656,4515.0
12655_12659,4515.0
12656_701,999999.0
12656_12655,4515.0
12656_12657,4515.0
12657_2730,15975.0
12657_8795,15975.0
12657_12656,4515.0
12658_2709,4515.0
12658_2712,15975.0
12658_12659,15975.0
12659_8803,15975.0
12659_12655,4515.0
12659_12658,15975.0
12660_729,999999.0
12660_8821,4515.0
12660_12661,4515.0
12661_2644,5018.0
12661_8820,5018.0
12661_12660,4515.0
12661_12663,4515.0
12662_3530,5018.0
12662_8832,5018.0
12662_11906,4515.0
12662_12664,4515.0
12663_2645,5018.0
12663_8819,5018.0
12663_12661,4515.0
12664_734,999999.0
12664_12662,4515.0
12664_12665,4515.0
12665_733,999999.0
12665_12664,4515.0
12665_12666,4515.0
12666_2650,7988.0
12666_2688,7988.0
12666_12665,4515.0
12667_2645,5018.0
12667_8842,5018.0
12667_11919,5018.0
12668_701,999999.0
12668_8796,4515.0
12668_8797,4515.0
12669_2717,7988.0
12669_8792,15975.0
12669_12670,5018.0
12670_8793,5018.0
12670_12669,5018.0
12670_12671,4515.0
12671_12670,4515.0
12671_12673,4515.0
12671_12674,4515.0
12672_11135,6240.0
12672_11249,6240.0
12672_12915,4515.0
12673_699,999999.0
12673_8789,4515.0
12673_12671,4515.0
12674_2695,9030.0
12674_8773,9030.0
12674_12671,4515.0
12675_2720,15975.0
12675_8774,15975.0
12675_8775,4515.0
12676_694,999999.0
12676_8775,4515.0
12676_8776,4515.0
12677_699,999999.0
12677_2697,4515.0
12677_8791,4515.0
12678_9783,4515.0
12678_12679,4515.0
12678_12680,4515.0
12679_818,999999.0
12679_5823,4515.0
12679_12678,4515.0
12680_818,999999.0
12680_2228,4515.0
12680_12678,4515.0
12681_2274,7988.0
12681_8940,7988.0
12681_8943,4515.0
12681_12682,4515.0
12682_12681,4515.0
12682_12683,4515.0
12682_12685,4515.0
12683_3305,7988.0
12683_8942,7988.0
12683_12682,4515.0
12684_2194,5018.0
12684_2242,5018.0
12684_12685,4515.0
12685_780,999999.0
12685_12682,4515.0
12685_12684,4515.0
12686_2189,4515.0
12686_8955,9030.0
12686_8957,9030.0
12687_786,999999.0
12687_8955,4050.0
12687_12690,4050.0
12688_787,999999.0
12688_8957,4050.0
12688_12689,4050.0
12689_2154,14055.0
12689_8954,14055.0
12689_8958,4050.0
12689_12688,4050.0
12690_7004,14055.0
12690_8954,14055.0
12690_12687,4050.0
12690_12692,4050.0
12691_787,999999.0
12691_2154,4358.0
12691_8958,4358.0
12692_2120,4358.0
12692_11931,4358.0
12692_12690,4050.0
12693_761,999999.0
12693_2120,4050.0
12693_2155,4050.0
12694_2155,7988.0
12694_2156,9165.0
12694_12695,4515.0
12695_761,999999.0
12695_2121,4515.0
12695_12694,4515.0
12696_2137,5018.0
12696_8901,5018.0
12696_12697,5018.0
12697_2137,15975.0
12697_5154,15975.0
12697_12696,5018.0
12698_2278,7988.0
12698_10445,7988.0
12698_12699,4515.0
12699_2283,6240.0
12699_8891,6240.0
12699_12698,4515.0
12700_1616,15975.0
12700_1621,4515.0
12700_2292,15975.0
12701_9127,5018.0
12701_9128,5018.0
12701_12702,4515.0
12702_753,999999.0
12702_8881,4515.0
12702_12701,4515.0
12703_755,999999.0
12703_8881,4050.0
12703_11885,4050.0
12704_869,999999.0
12704_12705,4515.0
12704_12706,4515.0
12705_1613,4515.0
12705_2295,4733.0
12705_12704,4515.0
12706_2317,4515.0
12706_12704,4515.0
12706_12707,4515.0
12707_2318,4515.0
12707_12706,4515.0
12707_12708,4515.0
12708_2287,4515.0
12708_9125,5018.0
12708_11895,5018.0
12708_12707,4515.0
12709_2654,4358.0
12709_3528,4050.0
12709_8849,4515.0
12709_11888,4358.0
12710_2679,5018.0
12710_8836,5018.0
12710_8851,4515.0
12711_2316,5018.0
12711_8846,5018.0
12711_12712,4515.0
12712_2647,5018.0
12712_8845,5018.0
12712_12711,4515.0
12712_12713,4515.0
12713_2648,5018.0
12713_2649,5018.0
12713_12712,4515.0
12714_2669,15975.0
12714_8762,4515.0
12714_8825,15975.0
12715_5442,5018.0
12715_5540,5018.0
12715_8762,4515.0
12716_6474,4515.0
12716_6546,5018.0
12716_11714,4515.0
12716_11884,5018.0
12717_2319,4515.0
12717_2663,15975.0
12717_8825,15975.0
12717_12733,4515.0
12718_2305,5018.0
12718_2306,5018.0
12718_12719,4515.0
12719_747,999999.0
12719_11877,4515.0
12719_12718,4515.0
12720_748,999999.0
12720_8868,4515.0
12720_11877,4515.0
12721_2731,5018.0
12721_8867,5018.0
12721_12722,4515.0
12722_748,999999.0
12722_8869,4515.0
12722_12721,4515.0
12723_5325,15975.0
12723_5364,15975.0
12723_8869,4515.0
12724_2303,5018.0
12724_8871,4515.0
12724_8873,5018.0
12725_2308,7988.0
12725_8870,7988.0
12725_8871,4515.0
12725_12728,4515.0
12726_5903,15975.0
12726_8857,4515.0
12726_8860,14055.0
12727_3030,15975.0
12727_8859,24930.0
12727_11881,4515.0
12728_2308,5018.0
12728_8858,5018.0
12728_11881,4515.0
12728_12725,4515.0
12729_2309,7988.0
12729_2659,5018.0
12729_11882,7988.0
12729_12730,5018.0
12730_749,999999.0
12730_8872,5018.0
12730_12729,5018.0
12731_2673,5018.0
12731_8852,5018.0
12731_8853,4515.0
12732_8853,4515.0
12732_8861,14055.0
12732_9054,15975.0
12733_8826,4515.0
12733_10429,4515.0
12733_12717,4515.0
12734_2671,4515.0
12734_8826,4515.0
12734_12735,4515.0
12735_8841,4515.0
12735_10443,4515.0
12735_12734,4515.0
12736_1278,999999.0
12736_2674,4515.0
12736_8841,4515.0
12737_737,999999.0
12737_8841,4515.0
12737_12738,4515.0
12738_8840,4515.0
12738_12737,4515.0
12738_12739,4515.0
12739_737,999999.0
12739_12738,4515.0
12739_12740,4515.0
12740_2679,5018.0
12740_8852,5018.0
12740_12739,4515.0
12741_938,999999.0
12741_9565,5258.0
12741_12742,5258.0
12742_12741,5258.0
12742_12743,6240.0
12742_12747,6240.0
12743_9569,6240.0
12743_12742,6240.0
12743_12745,5258.0
12744_9569,6240.0
12744_9570,6240.0
12744_12745,5258.0
12745_12743,5258.0
12745_12744,5258.0
12745_12746,5258.0
12745_12747,5258.0
12746_939,999999.0
12746_9573,5258.0
12746_12745,5258.0
12747_9576,6240.0
12747_12742,6240.0
12747_12745,5258.0
12748_939,999999.0
12748_9573,9165.0
12748_9574,9165.0
12749_9574,6240.0
12749_9582,6240.0
12749_12750,5258.0
12750_941,999999.0
12750_9575,5258.0
12750_12749,5258.0
12751_9581,6240.0
12751_9583,6240.0
12751_12752,5258.0
12752_942,999999.0
12752_12751,5258.0
12752_12753,5258.0
12753_9447,5258.0
12753_9588,5258.0
12753_12752,5258.0
12754_12502,4515.0
12754_12755,5258.0
12755_12754,5258.0
12755_12757,5258.0
12755_12762,5258.0
12756_10296,5018.0
12756_12758,6240.0
12757_12755,5258.0
12757_12758,5258.0
12757_12759,5258.0
12758_9554,6240.0
12758_12756,6240.0
12758_12757,5258.0
12758_12760,5258.0
12759_928,999999.0
12759_9555,5258.0
12759_12757,5258.0
12760_928,999999.0
12760_12758,5258.0
12760_12761,5258.0
12761_9553,5258.0
12761_12760,5258.0
12761_12763,5258.0
12762_10296,4515.0
12762_12755,5258.0
12763_929,999999.0
12763_9550,5258.0
12763_12761,5258.0
12764_9508,5258.0
12764_9509,5258.0
12764_9550,4515.0
12765_929,999999.0
12765_9557,5258.0
12765_9559,5258.0
12766_9545,4515.0
12766_9546,4515.0
12766_9561,5258.0
12766_12767,5258.0
12767_9543,5018.0
12767_9562,6240.0
12767_12766,5258.0
12768_9458,6240.0
12768_9563,6240.0
12768_12769,5258.0
12769_12768,5258.0
12769_12770,5258.0
12769_12772,5258.0
12770_12769,5258.0
12770_12771,5258.0
12771_937,999999.0
12771_12770,5258.0
12772_937,999999.0
12772_12769,5258.0
12772_12791,5258.0
12773_9461,5258.0
12773_9630,5258.0
12773_12774,5258.0
12774_9463,9165.0
12774_9464,9165.0
12774_12773,5258.0
12775_931,999999.0
12775_9512,6240.0
12775_9529,6240.0
12776_931,999999.0
12776_9463,5258.0
12776_12777,5258.0
12777_11818,5258.0
12777_12776,5258.0
12777_13025,5258.0
12778_12779,5258.0
12778_12782,5258.0
12778_12783,5258.0
12779_9513,5258.0
12779_11818,5258.0
12779_12778,5258.0
12780_927,999999.0
12780_9513,5258.0
12780_12806,5258.0
12781_9465,9165.0
12781_9466,9165.0
12781_12782,5258.0
12782_923,999999.0
12782_12778,5258.0
12782_12781,5258.0
12783_9495,5018.0
12783_9497,5018.0
12783_12778,5258.0
12784_9469,5018.0
12784_9498,5018.0
12784_12785,4515.0
12785_9497,4515.0
12785_9592,4515.0
12785_12784,4515.0
12785_12808,4515.0
12786_9468,5258.0
12786_9469,4515.0
12786_9470,4515.0
12786_12787,5258.0
12787_12786,5258.0
12787_12788,5258.0
12787_12810,5258.0
12788_12787,5258.0
12788_12799,5258.0
12788_12814,5258.0
12789_9466,5258.0
12789_12790,5258.0
12789_12792,5258.0
12790_9467,5258.0
12790_12789,5258.0
12790_12796,5258.0
12791_9457,6240.0
12791_9460,6240.0
12791_12772,5258.0
12792_12789,5258.0
12792_12793,5258.0
12792_12794,5258.0
12793_944,999999.0
12793_9456,5258.0
12793_12792,5258.0
12794_944,999999.0
12794_12792,5258.0
12794_12795,5258.0
12795_9454,5258.0
12795_12794,5258.0
12795_12798,5258.0
12796_9467,9165.0
12796_12790,5258.0
12796_12797,9165.0
12797_12796,9165.0
12797_12798,9165.0
12797_12799,5258.0
12798_9435,9165.0
12798_12795,5258.0
12798_12797,9165.0
12798_12799,5258.0
12799_12788,5258.0
12799_12797,5258.0
12799_12798,5258.0
12799_12800,5258.0
12800_9435,6240.0
12800_12799,5258.0
12800_12815,6240.0
12800_12822,5258.0
12801_9642,5258.0
12801_9643,5258.0
12801_12802,5258.0
12802_946,999999.0
12802_12801,5258.0
12802_12803,5258.0
12803_9642,5258.0
12803_9647,5258.0
12803_12802,5258.0
12804_947,999999.0
12804_9442,5258.0
12804_12805,5258.0
12805_9337,6240.0
12805_9342,6240.0
12805_12804,5258.0
12805_12837,5258.0
12806_9500,6240.0
12806_12780,5258.0
12806_12807,5258.0
12807_9502,5258.0
12807_9504,5258.0
12807_12806,5258.0
12808_925,999999.0
12808_12785,4515.0
12808_12809,4515.0
12809_9494,7988.0
12809_9495,15975.0
12809_12808,4515.0
12810_5829,4515.0
12810_9470,4515.0
12810_12787,5258.0
12810_12811,4515.0
12811_924,999999.0
12811_9471,4515.0
12811_12810,4515.0
12812_5829,5258.0
12812_12813,5258.0
12812_12814,5258.0
12812_12816,5258.0
12813_9471,5018.0
12813_9474,6240.0
12813_12812,5258.0
12814_12788,5258.0
12814_12812,5258.0
12814_12815,5258.0
12815_9431,5258.0
12815_12800,6240.0
12815_12814,5258.0
12815_12816,6240.0
12816_9476,6240.0
12816_12812,5258.0
12816_12815,6240.0
12816_12824,5258.0
12817_920,999999.0
12817_9429,5258.0
12817_12818,5258.0
12818_9479,5258.0
12818_9480,5258.0
12818_12817,5258.0
12818_12819,5258.0
12819_10281,5258.0
12819_12573,5258.0
12819_12818,5258.0
12819_12820,5258.0
12820_9479,6240.0
12820_9481,6240.0
12820_12819,5258.0
12821_10129,6240.0
12821_10130,6240.0
12821_10281,5258.0
12822_9431,5258.0
12822_12800,5258.0
12822_12823,5258.0
12823_9430,6240.0
12823_12822,5258.0
12823_12824,6240.0
12824_9427,6240.0
12824_11814,5258.0
12824_12816,5258.0
12824_12823,6240.0
12825_919,999999.0
12825_9423,5258.0
12825_11814,5258.0
12826_9394,6240.0
12826_10121,6240.0
12826_12350,5258.0
12827_918,999999.0
12827_9425,5258.0
12827_12349,5258.0
12828_9422,9165.0
12828_9423,9165.0
12828_12829,5258.0
12829_9438,18330.0
12829_9439,5258.0
12829_9636,18330.0
12829_12828,5258.0
12830_9344,6240.0
12830_9649,6240.0
12830_12353,5258.0
12831_9375,6240.0
12831_9662,6240.0
12831_12834,5258.0
12832_9371,6240.0
12832_9662,6240.0
12832_12863,5258.0
12833_9665,5258.0
12833_12834,5258.0
12833_12835,5258.0
12834_9664,5258.0
12834_12831,5258.0
12834_12833,5258.0
12835_950,999999.0
12835_9367,5258.0
12835_12833,5258.0
12836_9333,5258.0
12836_9339,5258.0
12836_9365,5258.0
12836_12848,5258.0
12837_9341,5258.0
12837_9342,5258.0
12837_12805,5258.0
12837_12838,5258.0
12838_9341,6240.0
12838_12837,5258.0
12838_12839,6240.0
12839_9347,6240.0
12839_12838,6240.0
12839_12840,5258.0
12840_949,999999.0
12840_12839,5258.0
12840_12841,5258.0
12841_9343,6240.0
12841_9346,6240.0
12841_12840,5258.0
12842_9355,5258.0
12842_9672,5258.0
12842_11821,5258.0
12843_949,999999.0
12843_9354,5258.0
12843_9355,5258.0
12844_963,999999.0
12844_9318,5258.0
12844_12845,5258.0
12845_9658,5258.0
12845_9659,5258.0
12845_12844,5258.0
12846_9328,6240.0
12846_9332,5258.0
12846_9659,6240.0
12846_12847,5258.0
12847_9328,6240.0
12847_9658,6240.0
12847_12846,5258.0
12848_9332,5258.0
12848_12836,5258.0
12848_12849,5258.0
12849_9335,7988.0
12849_9336,7988.0
12849_12848,5258.0
12850_912,999999.0
12850_5782,4515.0
12850_12851,4515.0
12851_913,999999.0
12851_3101,4515.0
12851_12850,4515.0
12852_1291,999999.0
12852_3101,15975.0
12852_11047,15975.0
12853_2421,7988.0
12853_7655,7988.0
12853_7657,4515.0
12854_908,999999.0
12854_2424,4515.0
12854_7657,4515.0
12855_908,999999.0
12855_2422,15975.0
12855_7657,15975.0
12856_909,999999.0
12856_7659,4515.0
12856_12857,4515.0
12857_2418,15975.0
12857_7658,15975.0
12857_12856,4515.0
12858_903,999999.0
12858_11844,4515.0
12858_12859,4515.0
12859_2727,7988.0
12859_8759,15975.0
12859_12858,4515.0
12860_1296,999999.0
12860_5788,5258.0
12860_5789,4515.0
12861_5789,5018.0
12861_9291,5018.0
12861_12862,4515.0
12862_1296,999999.0
12862_12861,4515.0
12862_12873,5258.0
12863_1349,999999.0
12863_11527,5258.0
12863_12832,5258.0
12864_959,999999.0
12864_9657,5258.0
12864_11055,5258.0
12865_9282,9165.0
12865_9617,9165.0
12865_11536,5258.0
12866_1350,999999.0
12866_11538,5258.0
12866_12867,5258.0
12867_9622,5258.0
12867_11857,5258.0
12867_12866,5258.0
12868_2460,6240.0
12868_2549,6240.0
12868_5785,5258.0
12868_7393,5258.0
12869_2546,5258.0
12869_7393,5258.0
12869_12870,5258.0
12870_2460,6240.0
12870_2461,6240.0
12870_12869,5258.0
12871_2459,6240.0
12871_8395,6240.0
12871_11758,6240.0
12872_2458,18330.0
12872_8395,18330.0
12872_11758,6240.0
12873_9288,6240.0
12873_9289,6240.0
12873_12862,5258.0
12874_1297,999999.0
12874_9289,5258.0
12874_12875,5258.0
12875_9287,9165.0
12875_11761,7988.0
12875_12874,5258.0
12876_1297,999999.0
12876_3346,5258.0
12876_3351,5258.0
12877_2470,14055.0
12877_3133,15975.0
12877_12878,4515.0
12878_892,999999.0
12878_12877,4515.0
12878_12879,4515.0
12879_2511,7988.0
12879_2512,7988.0
12879_11759,4515.0
12879_12878,4515.0
12880_2499,7988.0
12880_2507,4515.0
12880_2508,7988.0
12880_11759,4515.0
12881_900,999999.0
12881_2474,4050.0
12881_3409,4050.0
12882_898,999999.0
12882_7635,5258.0
12882_12883,5258.0
12883_7636,7988.0
12883_7650,7988.0
12883_12882,5258.0
12884_2431,7988.0
12884_2438,7988.0
12884_12885,4515.0
12885_904,999999.0
12885_7648,4515.0
12885_12884,4515.0
12886_1286,999999.0
12886_11850,5018.0
12886_12903,5018.0
12887_2445,4515.0
12887_3129,4515.0
12887_13284,5018.0
12888_2446,5018.0
12888_2448,5018.0
12888_3129,4515.0
12889_2583,7988.0
12889_2589,4515.0
12889_8002,7988.0
12890_975,999999.0
12890_2582,5258.0
12890_3118,5258.0
12891_2580,12480.0
12891_2592,12480.0
12891_8005,5258.0
12892_1302,999999.0
12892_2592,5258.0
12892_12893,5258.0
12893_8005,5258.0
12893_11056,5258.0
12893_12892,5258.0
12894_2594,5258.0
12894_11856,5258.0
12894_12357,5258.0
12895_5620,15975.0
12895_6921,15975.0
12895_9147,4515.0
12896_2482,4515.0
12896_3385,4515.0
12896_12897,4515.0
12897_1287,999999.0
12897_11872,4515.0
12897_12896,4515.0
12898_2491,5018.0
12898_3336,5018.0
12898_12899,4515.0
12899_2495,7988.0
12899_12898,4515.0
12899_12900,7988.0
12900_2494,7988.0
12900_3336,4515.0
12900_12899,7988.0
12901_881,999999.0
12901_2499,5018.0
12901_7366,5018.0
12902_881,999999.0
12902_2506,4515.0
12902_7366,4515.0
12903_2498,5018.0
12903_7365,5018.0
12903_12886,5018.0
12904_2506,4515.0
12904_2507,5018.0
12904_2526,5018.0
12905_889,999999.0
12905_2532,4515.0
12905_12906,4515.0
12906_890,999999.0
12906_2531,4050.0
12906_12905,4515.0
12907_2529,14055.0
12907_7383,14055.0
12907_12908,4050.0
12908_891,999999.0
12908_12907,4050.0
12908_12909,4050.0
12909_2531,4358.0
12909_9091,4358.0
12909_12908,4050.0
12910_10743,4515.0
12910_11974,5258.0
12911_10759,12480.0
12912_10749,10035.0
12913_10740,10035.0
12914_10739,12480.0
12915_11139,7028.0
12915_11140,7028.0
12915_12672,4515.0
12916_1030,999999.0
12916_11138,4515.0
12916_12917,4515.0
12917_11141,4515.0
12917_11142,4515.0
12917_12916,4515.0
12918_1030,999999.0
12918_5901,9165.0
12918_11147,9165.0
12919_5901,5258.0
12919_11148,4358.0
12919_12920,4050.0
12919_12921,6240.0
12920_1029,999999.0
12920_11173,4050.0
12920_12919,4050.0
12921_11175,6240.0
12921_12919,6240.0
12921_12922,5258.0
12922_11173,9165.0
12922_11176,9165.0
12922_12921,5258.0
12923_5858,4515.0
12923_7869,5018.0
12923_7875,5018.0
12924_11195,5258.0
12924_11196,5258.0
12924_12928,5258.0
12925_7848,5018.0
12925_7849,5018.0
12925_7872,4515.0
12926_1016,999999.0
12926_7849,4515.0
12926_12927,4515.0
12927_7862,15975.0
12927_7863,15975.0
12927_12926,4515.0
12928_11188,5258.0
12928_11192,10515.0
12928_12924,5258.0
12929_1033,999999.0
12929_11198,5258.0
12929_11202,5258.0
12930_1035,999999.0
12930_11225,4515.0
12930_12367,4515.0
12931_11207,7988.0
12931_11208,7988.0
12931_11225,4515.0
12932_1037,999999.0
12932_11208,7988.0
12932_11209,7988.0
12933_11211,4515.0
12933_11212,4515.0
12933_11219,4515.0
12934_11219,4515.0
12934_12935,4515.0
12934_12937,4515.0
12935_1037,999999.0
12935_12934,4515.0
12935_12936,4515.0
12936_11220,5018.0
12936_11221,5018.0
12936_12935,4515.0
12937_11216,4515.0
12937_11221,4515.0
12937_12934,4515.0
12938_1686,5018.0
12938_11211,5018.0
12938_12939,4515.0
12939_11214,4515.0
12939_12938,4515.0
12939_12940,4515.0
12940_1036,999999.0
12940_12939,4515.0
12940_12941,4515.0
12941_8640,15975.0
12941_11214,15975.0
12941_12940,4515.0
12941_12942,4515.0
12942_1036,999999.0
12942_12941,4515.0
12942_12944,4515.0
12943_1036,999999.0
12943_11214,4515.0
12943_12944,4515.0
12944_11057,4515.0
12944_12942,4515.0
12944_12943,4515.0
12945_7801,8715.0
12945_8058,8715.0
12945_12946,4050.0
12946_8025,4515.0
12946_12945,4050.0
12946_12947,4515.0
12947_990,999999.0
12947_12946,4515.0
12947_12948,4515.0
12948_7787,4515.0
12948_7788,4515.0
12948_12947,4515.0
12949_8024,5018.0
12949_9092,5018.0
12949_12950,4050.0
12950_7793,4358.0
12950_7795,4358.0
12950_12949,4050.0
12950_12951,4050.0
12951_7665,7028.0
12951_7674,4050.0
12951_8026,7028.0
12951_12950,4050.0
12952_991,999999.0
12952_7676,4050.0
12952_12953,4050.0
12953_7799,7028.0
12953_7800,7028.0
12953_12952,4050.0
12954_991,999999.0
12954_7676,4050.0
12954_7796,4050.0
12955_7668,7028.0
12955_7669,4358.0
12955_8055,7028.0
12956_7721,3165.0
12956_12957,3165.0
12956_12959,4050.0
12957_7722,3165.0
12957_7723,4050.0
12957_12956,3165.0
12958_7720,3165.0
12958_7722,3165.0
12958_7977,3165.0
12959_7723,4358.0
12959_8036,4358.0
12959_12956,4050.0
12959_12961,4050.0
12960_7722,4358.0
12960_7723,4358.0
12960_7725,4050.0
12961_7885,4050.0
12961_12959,4050.0
12961_12962,4050.0
12962_7723,4050.0
12962_12961,4050.0
12962_12963,4050.0
12962_12965,4050.0
12963_998,999999.0
12963_12962,4050.0
12963_12964,4050.0
12964_7885,7028.0
12964_12963,4050.0
12964_12965,7028.0
12964_12966,4050.0
12965_7728,7028.0
12965_12962,4050.0
12965_12964,7028.0
12965_12967,4050.0
12966_7730,7028.0
12966_7886,7028.0
12966_12964,4050.0
12966_12971,4050.0
12967_7730,7028.0
12967_7731,7028.0
12967_12965,4050.0
12968_7755,7028.0
12968_7919,7028.0
12968_12969,4050.0
12969_7918,4358.0
12969_8021,4358.0
12969_12968,4050.0
12970_981,999999.0
12970_7918,4050.0
12970_12972,4050.0
12971_984,999999.0
12971_12966,4050.0
12971_12972,4050.0
12972_12970,4050.0
12972_12971,4050.0
12972_12973,4050.0
12972_12974,4050.0
12973_7918,4358.0
12973_8015,4358.0
12973_12972,4050.0
12974_982,999999.0
12974_12972,4050.0
12974_12975,4050.0
12975_7914,4358.0
12975_8016,4358.0
12975_12974,4050.0
12976_7889,7028.0
12976_7894,7028.0
12976_12977,4050.0
12977_7887,7028.0
12977_8019,7028.0
12977_12976,4050.0
12978_7911,7028.0
12978_7912,7988.0
12978_12979,4515.0
12979_7910,5018.0
12979_7913,5018.0
12979_12978,4515.0
12979_12980,4515.0
12980_7935,5018.0
12980_7936,4515.0
12980_12979,4515.0
12980_12981,5018.0
12981_7910,5018.0
12981_8044,5018.0
12981_12980,5018.0
12982_7935,7988.0
12982_7936,4515.0
12982_7937,7988.0
12983_7928,4515.0
12983_7939,4515.0
12983_12984,4515.0
12984_1002,999999.0
12984_12983,4515.0
12984_12985,4515.0
12985_1002,999999.0
12985_7941,4515.0
12985_12984,4515.0
12986_980,999999.0
12986_7917,4358.0
12986_12987,4358.0
12987_7930,4515.0
12987_7933,4515.0
12987_12986,4358.0
12987_12988,5018.0
12988_7931,5018.0
12988_7932,5018.0
12988_7933,5018.0
12988_12987,5018.0
12989_7931,5018.0
12989_7939,4515.0
12989_8043,4515.0
12989_12990,5018.0
12990_7942,7988.0
12990_7944,7988.0
12990_12989,5018.0
12991_1007,999999.0
12991_7877,9030.0
12991_12992,9030.0
12992_7896,4358.0
12992_7897,4358.0
12992_12991,9030.0
12992_12993,8100.0
12993_7895,7028.0
12993_7897,7028.0
12993_12992,8100.0
12993_12994,4050.0
12994_7910,7028.0
12994_12993,4050.0
12994_12995,7028.0
12995_7909,7028.0
12995_7954,4515.0
12995_12994,7028.0
12996_1352,999999.0
12996_7952,15975.0
12996_7953,15975.0
12997_8051,10035.0
12997_9175,10035.0
12997_12998,4515.0
12998_1013,999999.0
12998_12997,4515.0
12998_13001,4515.0
12999_7903,5018.0
12999_8051,10035.0
12999_8053,5018.0
13000_7957,7988.0
13000_11770,7988.0
13000_13001,4515.0
13001_7958,5018.0
13001_8053,5018.0
13001_12998,4515.0
13001_13000,4515.0
13002_7950,5018.0
13002_7963,5018.0
13002_13003,4515.0
13003_1011,999999.0
13003_13002,4515.0
13003_13004,4515.0
13004_7920,7988.0
13004_7946,15975.0
13004_13003,4515.0
13004_13005,4515.0
13005_7920,7988.0
13005_7942,7988.0
13005_13004,4515.0
13006_7967,7988.0
13006_8262,7988.0
13006_13007,4515.0
13007_1010,999999.0
13007_13006,4515.0
13007_13008,4515.0
13008_7964,5018.0
13008_7965,5018.0
13008_13007,4515.0
13009_7967,7988.0
13009_7969,7988.0
13009_7971,7988.0
13010_7967,4515.0
13010_7971,7988.0
13010_7972,7988.0
13010_13011,4515.0
13011_7972,15975.0
13011_7973,15975.0
13011_13010,4515.0
13011_13012,5258.0
13012_1008,999999.0
13012_5862,5258.0
13012_13011,5258.0
13013_5861,6240.0
13013_5862,5258.0
13013_7974,6240.0
13014_1078,999999.0
13014_5859,4515.0
13014_12004,4515.0
13015_1058,999999.0
13015_8698,5018.0
13015_13016,5018.0
13016_1057,999999.0
13016_8697,5018.0
13016_13015,5018.0
13017_6691,6240.0
13017_6692,6240.0
13017_13018,6240.0
13018_1056,999999.0
13018_6690,6240.0
13018_13017,6240.0
13019_6577,15975.0
13019_6578,5018.0
13019_6579,15975.0
13019_8108,5018.0
13020_1327,999999.0
13020_5881,5018.0
13020_11532,5018.0
13021_1328,999999.0
13021_11532,10035.0
13021_11533,10035.0
13022_9532,5258.0
13022_9547,5258.0
13023_9531,18330.0
13023_9548,18330.0
13024_1672,9165.0
13024_9549,9165.0
13025_9515,6240.0
13025_9517,5258.0
13025_12777,5258.0
13026_9462,9165.0
13026_9520,7988.0
13027_9537,5018.0
13027_9540,6240.0
13028_1148,999999.0
13028_8329,4515.0
13028_13029,4515.0
13029_7118,15975.0
13029_7119,15975.0
13029_13028,4515.0
13029_13030,4515.0
13030_7164,24930.0
13030_8324,24930.0
13030_13029,4515.0
13031_7125,14055.0
13031_8321,14055.0
13031_8322,4358.0
13032_8322,4358.0
13032_13033,4050.0
13032_13036,5018.0
13033_1145,999999.0
13033_13032,4050.0
13033_13034,4515.0
13034_1146,999999.0
13034_8323,4515.0
13034_13033,4515.0
13035_1146,999999.0
13035_8324,5018.0
13035_13036,5018.0
13036_13032,5018.0
13036_13035,5018.0
13036_13037,5018.0
13037_7163,15975.0
13037_7164,15975.0
13037_13036,5018.0
13037_13038,4515.0
13038_7168,7988.0
13038_7169,7988.0
13038_13037,4515.0
13038_13039,4515.0
13039_1172,999999.0
13039_13038,4515.0
13039_13040,4515.0
13040_7214,7988.0
13040_8355,7988.0
13040_13039,4515.0
13040_13114,4515.0
13041_1173,999999.0
13041_7172,4515.0
13041_13042,4515.0
13042_1173,999999.0
13042_7163,4515.0
13042_13041,4515.0
13043_1173,999999.0
13043_7160,4515.0
13043_7163,4515.0
13044_1179,999999.0
13044_7160,4515.0
13044_13046,4050.0
13045_8364,4050.0
13045_8365,7028.0
13045_13046,7028.0
13046_7161,7028.0
13046_13044,4050.0
13046_13045,7028.0
13047_1138,999999.0
13047_7133,4050.0
13047_13048,4050.0
13048_7129,7028.0
13048_7130,7028.0
13048_13047,4050.0
13049_7151,999999.0
13049_8360,4358.0
13049_8368,21915.0
13050_1181,999999.0
13050_13051,4050.0
13050_13053,4050.0
13051_7153,5018.0
13051_7154,4050.0
13051_7155,4358.0
13051_13050,4050.0
13052_7154,4050.0
13052_7155,7028.0
13052_7178,7988.0
13052_13062,4515.0
13053_7152,7028.0
13053_7155,7028.0
13053_13050,4050.0
13053_13057,4515.0
13054_7127,14055.0
13054_7151,15975.0
13054_13055,4515.0
13055_7158,4050.0
13055_13054,4515.0
13055_13056,4515.0
13055_13058,4515.0
13056_1180,999999.0
13056_13055,4515.0
13056_13057,4515.0
13057_7156,4515.0
13057_13053,4515.0
13057_13056,4515.0
13058_7161,4358.0
13058_13055,4515.0
13058_13059,5018.0
13058_13060,5018.0
13059_8366,5018.0
13059_13058,5018.0
13059_13062,4515.0
13060_13058,5018.0
13060_13061,5018.0
13060_13067,5018.0
13061_13060,5018.0
13061_13062,5018.0
13061_13066,5018.0
13062_13052,4515.0
13062_13059,4515.0
13062_13061,5018.0
13062_13063,4515.0
13063_1180,999999.0
13063_13062,4515.0
13063_13064,4515.0
13064_1182,999999.0
13064_13063,4515.0
13064_13065,4515.0
13065_7178,7988.0
13065_8369,7988.0
13065_13064,4515.0
13066_1180,999999.0
13066_8367,5018.0
13066_13061,5018.0
13067_7162,7988.0
13067_8367,7988.0
13067_13060,5018.0
13067_13068,4515.0
13068_7171,4515.0
13068_7173,4515.0
13068_13067,4515.0
13068_13069,4515.0
13069_1174,999999.0
13069_13068,4515.0
13069_13070,4515.0
13070_1198,999999.0
13070_13069,4515.0
13070_13071,4515.0
13071_7209,7988.0
13071_8419,7988.0
13071_13070,4515.0
13072_1198,999999.0
13072_7209,4515.0
13072_8414,4515.0
13073_8414,4515.0
13073_13074,4515.0
13073_13079,4515.0
13073_13080,4515.0
13074_13073,4515.0
13074_13075,4515.0
13074_13077,5018.0
13075_7175,4515.0
13075_13074,4515.0
13075_13076,4515.0
13076_7174,7988.0
13076_8158,7988.0
13076_13075,4515.0
13077_1194,4733.0
13077_13074,5018.0
13077_13078,5018.0
13078_7175,7988.0
13078_13077,5018.0
13078_13079,7988.0
13078_13083,5018.0
13079_7204,7988.0
13079_8412,4515.0
13079_13073,4515.0
13079_13078,7988.0
13080_1194,999999.0
13080_13073,4515.0
13080_13081,4515.0
13081_7207,4515.0
13081_8414,4515.0
13081_13080,4515.0
13081_13082,4515.0
13082_8418,7988.0
13082_13081,4515.0
13082_13103,7988.0
13083_8412,4515.0
13083_8413,5018.0
13083_13078,5018.0
13083_13084,4515.0
13084_13083,4515.0
13084_13085,4515.0
13084_13090,4515.0
13085_1193,999999.0
13085_13084,4515.0
13085_13086,4515.0
13086_13085,4515.0
13086_13087,4515.0
13086_13088,4515.0
13087_7201,7988.0
13087_8416,7988.0
13087_9162,4515.0
13087_13086,4515.0
13088_1192,999999.0
13088_13086,4515.0
13088_13089,4515.0
13089_7182,15975.0
13089_7200,15975.0
13089_13088,4515.0
13090_7176,7988.0
13090_8371,7988.0
13090_13084,4515.0
13091_1195,999999.0
13091_8415,5018.0
13091_13092,5018.0
13092_9162,4515.0
13092_13091,5018.0
13092_13093,5018.0
13093_7202,4515.0
13093_13092,5018.0
13093_13094,4515.0
13093_13096,5018.0
13094_8417,4515.0
13094_13093,4515.0
13094_13178,4515.0
13095_7205,7988.0
13095_8309,7988.0
13095_8417,4515.0
13096_1196,999999.0
13096_13093,5018.0
13096_13097,5018.0
13097_7203,7988.0
13097_7206,7988.0
13097_13096,5018.0
13098_1197,999999.0
13098_9161,4515.0
13098_13099,4515.0
13099_8157,7988.0
13099_8170,7988.0
13099_13098,4515.0
13100_8157,7988.0
13100_13101,7988.0
13100_13105,4515.0
13101_7208,7988.0
13101_13100,7988.0
13101_13102,4515.0
13102_13101,4515.0
13102_13103,4515.0
13102_13104,4515.0
13103_7209,7988.0
13103_13082,7988.0
13103_13102,4515.0
13104_1201,999999.0
13104_9161,4515.0
13104_13102,4515.0
13105_1203,999999.0
13105_12081,4515.0
13105_13100,4515.0
13106_1201,999999.0
13106_12081,4515.0
13106_13107,4515.0
13107_1200,999999.0
13107_13106,4515.0
13107_13108,4515.0
13108_7212,7988.0
13108_8423,7988.0
13108_13107,4515.0
13109_1160,999999.0
13109_8344,4515.0
13109_12082,4515.0
13110_7107,15975.0
13110_7217,15975.0
13110_13111,4515.0
13111_1160,999999.0
13111_13110,4515.0
13111_13112,4515.0
13112_7217,15975.0
13112_7218,15975.0
13112_13111,4515.0
13113_1172,999999.0
13113_8355,4515.0
13113_13114,4515.0
13114_13040,4515.0
13114_13113,4515.0
13114_13115,4515.0
13115_7247,4515.0
13115_7248,4515.0
13115_13114,4515.0
13115_13116,4515.0
13116_1170,999999.0
13116_13115,4515.0
13116_13117,4515.0
13117_7246,7988.0
13117_8353,7988.0
13117_13116,4515.0
13118_1170,999999.0
13118_7247,4515.0
13118_13127,4515.0
13119_7223,5018.0
13119_7224,5018.0
13119_13120,4515.0
13120_1161,999999.0
13120_13119,4515.0
13120_13121,4515.0
13121_7224,15975.0
13121_13120,4515.0
13121_13335,15975.0
13122_1163,999999.0
13122_7227,4515.0
13122_13123,4515.0
13123_13122,4515.0
13123_13124,4515.0
13124_7229,4515.0
13124_13123,4515.0
13124_13125,4515.0
13125_1163,999999.0
13125_7228,4515.0
13125_13124,4515.0
13126_1171,999999.0
13126_7229,4515.0
13126_13127,4515.0
13127_13118,4515.0
13127_13126,4515.0
13127_13128,4515.0
13128_1170,999999.0
13128_8353,4515.0
13128_13127,4515.0
13129_7230,10035.0
13129_13130,4515.0
13129_13336,10035.0
13130_1164,999999.0
13130_13129,4515.0
13130_13131,4515.0
13131_11268,5018.0
13131_12078,5018.0
13131_13130,4515.0
13132_7231,15975.0
13132_12077,15975.0
13132_12078,4515.0
13133_1356,999999.0
13133_12077,4515.0
13133_13134,4515.0
13134_13133,4515.0
13134_13135,4515.0
13134_13139,4515.0
13135_1356,999999.0
13135_7233,4515.0
13135_13134,4515.0
13136_7233,4515.0
13136_7239,4515.0
13136_13137,4515.0
13137_7234,5018.0
13137_13136,4515.0
13137_13138,5018.0
13138_1356,999999.0
13138_13137,5018.0
13138_13140,5018.0
13139_7233,4515.0
13139_13134,4515.0
13139_13140,4515.0
13140_13138,5018.0
13140_13139,4515.0
13140_13141,4515.0
13141_11534,5258.0
13141_13140,4515.0
13142_1166,999999.0
13142_7245,4515.0
13142_13146,4515.0
13143_8353,7988.0
13143_9168,7988.0
13143_13144,4515.0
13144_1166,999999.0
13144_13143,4515.0
13144_13145,4515.0
13145_1167,999999.0
13145_9246,4515.0
13145_13144,4515.0
13146_8437,4515.0
13146_13142,4515.0
13146_13147,4515.0
13147_1166,999999.0
13147_13146,4515.0
13147_13148,4515.0
13148_7250,15975.0
13148_8349,7988.0
13148_13147,4515.0
13149_7250,15975.0
13149_7252,15975.0
13149_13150,4515.0
13150_1168,999999.0
13150_12080,4515.0
13150_13149,4515.0
13151_7332,12480.0
13151_13152,12480.0
13152_1214,999999.0
13152_13151,12480.0
13152_13153,12480.0
13153_7335,12480.0
13153_9243,12480.0
13153_13152,12480.0
13154_9243,5018.0
13154_12061,6240.0
13154_12123,5018.0
13155_12061,4515.0
13155_13156,4515.0
13155_13157,4515.0
13156_1215,999999.0
13156_7337,4515.0
13156_13155,4515.0
13157_1216,999999.0
13157_12064,4515.0
13157_13155,4515.0
13158_7340,7988.0
13158_12124,7988.0
13158_13159,5258.0
13159_9241,5258.0
13159_12126,5258.0
13159_13158,5258.0
13160_5886,7988.0
13160_7309,7988.0
13160_7314,4515.0
13161_1232,999999.0
13161_9236,7988.0
13161_9237,7988.0
13162_9237,7988.0
13162_12059,7988.0
13162_13163,4515.0
13163_7351,4515.0
13163_8153,4515.0
13163_13162,4515.0
13164_1232,999999.0
13164_7346,4515.0
13164_11583,4515.0
13165_1232,999999.0
13165_8462,4515.0
13165_11583,4515.0
13166_1232,999999.0
13166_7351,15975.0
13166_8153,15975.0
13167_8459,4515.0
13167_9229,15975.0
13167_12068,15975.0
13168_7290,10035.0
13168_7318,10035.0
13168_13219,4515.0
13169_7354,15975.0
13169_8461,15975.0
13169_8462,4515.0
13170_1231,999999.0
13170_7313,4515.0
13170_13171,4515.0
13171_7312,7988.0
13171_11528,9165.0
13171_13170,4515.0
13172_1206,999999.0
13172_12087,4515.0
13172_13173,4515.0
13173_7266,5018.0
13173_8428,5018.0
13173_11563,4515.0
13173_13172,4515.0
13174_7265,5018.0
13174_8426,5018.0
13174_13175,4515.0
13175_1205,999999.0
13175_13174,4515.0
13175_13176,4515.0
13176_7264,4515.0
13176_13175,4515.0
13176_13177,4515.0
13177_1204,999999.0
13177_13176,4515.0
13177_13178,4515.0
13178_13094,4515.0
13178_13177,4515.0
13178_13179,4515.0
13179_1204,999999.0
13179_13178,4515.0
13179_13180,4515.0
13180_7262,7988.0
13180_7263,7988.0
13180_13179,4515.0
13181_1632,7988.0
13181_7268,7988.0
13181_13182,4515.0
13182_1209,999999.0
13182_13181,4515.0
13182_13183,4515.0
13183_7268,4515.0
13183_13182,4515.0
13183_13184,4515.0
13183_13186,4515.0
13184_1209,999999.0
13184_13183,4515.0
13184_13185,4515.0
13185_7270,7988.0
13185_7271,7988.0
13185_13184,4515.0
13186_7269,7988.0
13186_7270,7988.0
13186_13183,4515.0
13187_8425,7988.0
13187_9099,7988.0
13187_13188,4515.0
13188_13187,4515.0
13188_13189,4515.0
13188_13190,4515.0
13189_7273,5018.0
13189_12075,5018.0
13189_13188,4515.0
13190_1210,999999.0
13190_13188,4515.0
13190_13191,4515.0
13191_13190,4515.0
13191_13192,4515.0
13191_13196,4515.0
13192_1204,999999.0
13192_13191,4515.0
13192_13193,4515.0
13193_7263,7988.0
13193_8425,7988.0
13193_13192,4515.0
13194_7262,7988.0
13194_8309,7988.0
13194_13195,4515.0
13195_7259,5018.0
13195_7261,5018.0
13195_13194,4515.0
13195_13196,4515.0
13196_13191,4515.0
13196_13195,4515.0
13196_13197,4515.0
13196_13198,4515.0
13197_1211,999999.0
13197_13196,4515.0
13197_13199,4515.0
13198_7257,15975.0
13198_8424,15975.0
13198_13196,4515.0
13199_7255,5018.0
13199_8445,4515.0
13199_9100,5018.0
13199_13197,4515.0
13200_1212,999999.0
13200_7330,4515.0
13200_8445,4515.0
13201_7257,5018.0
13201_13202,5018.0
13201_13206,4515.0
13202_7258,5018.0
13202_13201,5018.0
13202_13203,5018.0
13203_13202,5018.0
13203_13204,5018.0
13203_13206,4515.0
13204_1202,999999.0
13204_13203,5018.0
13204_13205,5018.0
13205_9246,5018.0
13205_12080,5018.0
13205_13204,5018.0
13206_13201,4515.0
13206_13203,4515.0
13206_13207,4515.0
13207_1202,999999.0
13207_8156,4515.0
13207_13206,4515.0
13208_7253,5018.0
13208_9245,5018.0
13208_13209,4515.0
13209_8436,5018.0
13209_9244,5018.0
13209_13208,4515.0
13210_7330,5018.0
13210_7331,5018.0
13210_8435,5018.0
13211_1221,999999.0
13211_7330,4515.0
13211_13213,4515.0
13212_8443,5018.0
13212_9101,5018.0
13212_13213,4515.0
13213_13211,4515.0
13213_13212,4515.0
13213_13214,4515.0
13213_13215,4515.0
13214_1219,999999.0
13214_12074,4515.0
13214_13213,4515.0
13215_7324,5018.0
13215_7326,5018.0
13215_13213,4515.0
13215_13217,4515.0
13216_1220,999999.0
13216_7326,5018.0
13216_8440,5018.0
13217_7325,5018.0
13217_7326,5018.0
13217_13215,4515.0
13217_13219,4515.0
13218_7321,5018.0
13218_7325,5018.0
13218_13219,4515.0
13219_13168,4515.0
13219_13217,4515.0
13219_13218,4515.0
13219_13220,4515.0
13220_12072,4515.0
13220_13219,4515.0
13220_13221,4515.0
13221_8306,5018.0
13221_8439,5018.0
13221_13220,4515.0
13222_8449,5018.0
13222_12127,5018.0
13222_13223,4515.0
13223_1223,999999.0
13223_13222,4515.0
13223_13224,4515.0
13224_7296,15975.0
13224_12129,15975.0
13224_13223,4515.0
13225_7278,4733.0
13225_7282,7988.0
13225_13226,4515.0
13226_3806,7988.0
13226_12130,7988.0
13226_13225,4515.0
13227_1224,999999.0
13227_8450,5258.0
13227_12069,5258.0
13228_7298,6240.0
13228_9223,6240.0
13228_13229,6240.0
13229_1224,999999.0
13229_13228,6240.0
13229_13230,6240.0
13230_7299,6240.0
13230_7302,6240.0
13230_13229,6240.0
13231_1361,999999.0
13231_12141,5018.0
13231_13232,5018.0
13232_11582,4515.0
13232_11584,4515.0
13232_13231,5018.0
13232_13233,5018.0
13233_11585,15975.0
13233_11611,18330.0
13233_13232,5018.0
13234_1190,999999.0
13234_11563,4515.0
13234_13235,4515.0
13235_7201,15975.0
13235_8415,15975.0
13235_13234,4515.0
13236_3799,5018.0
13236_8410,5018.0
13236_13238,4515.0
13237_1187,999999.0
13237_7196,4515.0
13237_13239,4515.0
13238_1188,999999.0
13238_13236,4515.0
13238_13326,4515.0
13239_13237,4515.0
13239_13240,4515.0
13239_13326,4515.0
13240_7185,4050.0
13240_13239,4515.0
13240_13245,4050.0
13241_1185,999999.0
13241_7185,4050.0
13241_13242,4050.0
13242_7186,4050.0
13242_8143,4050.0
13242_13241,4050.0
13243_7186,7028.0
13243_8358,7028.0
13243_13244,4050.0
13244_1186,999999.0
13244_13243,4050.0
13244_13245,4050.0
13245_7187,7028.0
13245_7188,7028.0
13245_13240,4050.0
13245_13244,4050.0
13246_7175,7988.0
13246_7176,7988.0
13246_8370,4515.0
13247_1183,999999.0
13247_8369,4515.0
13247_13248,4515.0
13248_8370,4515.0
13248_13247,4515.0
13248_13249,4515.0
13249_1183,999999.0
13249_13248,4515.0
13249_13250,4515.0
13250_7179,24930.0
13250_8167,24930.0
13250_13249,4515.0
13251_7145,5018.0
13251_7146,5018.0
13251_13252,5018.0
13252_7146,5018.0
13252_8307,5018.0
13252_13251,5018.0
13253_8292,8715.0
13253_13254,4050.0
13254_1140,999999.0
13254_7141,4050.0
13254_13253,4050.0
13255_1141,999999.0
13255_7141,4515.0
13255_13256,4515.0
13256_7033,5018.0
13256_13255,4515.0
13256_13257,999999.0
13256_13260,4515.0
13257_7138,5018.0
13257_7139,4515.0
13257_13256,999999.0
13258_7139,4050.0
13258_8289,8715.0
13258_13259,4050.0
13259_7133,7028.0
13259_8260,14055.0
13259_13258,4050.0
13260_7034,4358.0
13260_7035,4358.0
13260_13256,4515.0
13260_13266,4050.0
13261_1137,999999.0
13261_7043,4515.0
13261_7129,4515.0
13262_1130,999999.0
13262_8191,4050.0
13262_13263,4050.0
13263_6927,4050.0
13263_6929,4050.0
13263_13262,4050.0
13264_1122,999999.0
13264_7014,4050.0
13264_8181,4050.0
13265_7014,4050.0
13265_7017,4358.0
13265_7018,4358.0
13265_13266,4050.0
13266_7030,4358.0
13266_7031,4358.0
13266_13260,4050.0
13266_13265,4050.0
13267_1334,999999.0
13267_7431,4515.0
13267_8091,4515.0
13268_1251,999999.0
13268_7453,5018.0
13268_8091,5018.0
13269_7431,4515.0
13269_7443,4515.0
13269_7444,4515.0
13270_1333,999999.0
13270_7279,4515.0
13270_13271,4515.0
13271_7405,5018.0
13271_7406,5018.0
13271_13270,4515.0
13272_1253,999999.0
13272_11775,4515.0
13272_11776,4515.0
13273_7423,5018.0
13273_11632,5018.0
13273_11775,4515.0
13274_1243,999999.0
13274_13275,5018.0
13274_13277,4515.0
13275_7418,5018.0
13275_13274,5018.0
13275_13276,4515.0
13276_1245,999999.0
13276_13275,4515.0
13276_13277,4515.0
13277_7417,4515.0
13277_13274,4515.0
13277_13276,4515.0
13277_13278,4515.0
13278_1245,999999.0
13278_7417,4515.0
13278_13277,4515.0
13279_173,999999.0
13279_4807,4358.0
13279_4808,4358.0
13280_5034,4358.0
13280_6171,4358.0
13280_6172,4358.0
13281_5444,4515.0
13281_5542,10035.0
13281_5543,10035.0
13281_13282,4515.0
13282_5548,10035.0
13282_6548,10035.0
13282_13281,4515.0
13283_5598,9030.0
13283_6562,4515.0
13283_9050,9030.0
13284_5594,5018.0
13284_12887,5018.0
13285_5064,4050.0
13285_5069,7028.0
13285_5070,7028.0
13286_3338,7028.0
13286_6188,7028.0
13286_13298,4358.0
13287_3377,4358.0
13287_4576,4358.0
13287_13288,4358.0
13288_4572,4358.0
13288_5739,4358.0
13288_13287,4358.0
13289_2852,8715.0
13289_4497,8715.0
13289_13290,4050.0
13290_91,999999.0
13290_4512,4358.0
13290_13289,4050.0
13291_67,999999.0
13291_3887,4358.0
13292_4482,4358.0
13292_13291,4358.0
13293_4487,999999.0
13293_4489,4358.0
13294_4487,999999.0
13294_5631,4358.0
13294_5681,4358.0
13295_4866,8715.0
13295_4875,8715.0
13296_4861,4358.0
13296_5640,4358.0
13296_6061,8715.0
13297_4947,7028.0
13297_4948,7028.0
13297_4950,4050.0
13298_5060,8715.0
13298_13286,4358.0
13298_13299,4358.0
13299_4957,14055.0
13299_5057,14055.0
13299_13298,4358.0
13299_13300,4358.0
13300_6182,8715.0
13300_13299,4358.0
13300_13301,4358.0
13301_4963,8715.0
13301_13300,4358.0
13302_6943,32415.0
13302_13307,32415.0
13303_13331,15975.0
13304_13305,18330.0
13305_7039,18330.0
13305_13308,5505.0
13306_13303,18330.0
13306_13308,5505.0
13307_13303,5505.0
13307_13304,5505.0
13307_13311,33150.0
13308_13302,33150.0
13309_6912,18330.0
13309_13332,15975.0
13310_13308,33150.0
13311_13312,33150.0
13311_13317,4733.0
13312_7943,33150.0
13313_13310,33150.0
13313_13315,4733.0
13314_13310,4733.0
13314_13315,7988.0
13315_7920,7988.0
13316_13312,4733.0
13316_13317,7988.0
13317_8262,7988.0
13318_2955,4733.0
13318_2988,10035.0
13318_4534,10035.0
13319_4041,8820.0
13319_13320,999999.0
13320_4910,5655.0
13320_13319,999999.0
13321_4910,5655.0
13322_8395,15975.0
13322_9273,7988.0
13322_9274,15975.0
13323_2191,4358.0
13323_2192,4050.0
13323_9012,4358.0
13323_13324,4050.0
13324_805,999999.0
13324_2195,4050.0
13324_13323,4050.0
13325_1216,999999.0
13325_7316,4515.0
13325_12066,4515.0
13326_12089,4515.0
13326_13238,4515.0
13326_13239,4515.0
13327_5808,4515.0
13327_7077,4515.0
13327_7078,4515.0
13328_1339,999999.0
13328_10212,5258.0
13328_12261,5258.0
13329_9941,18330.0
13329_9942,9165.0
13329_12597,5258.0
13330_2844,71040.0
13330_3310,71040.0
13331_13309,15975.0
13332_13304,15975.0
13333_7091,4515.0
13333_12019,4515.0
13334_8301,15975.0
13334_9167,15975.0
13335_6604,15975.0
13335_13121,15975.0
13336_6592,10035.0
13336_13129,10035.0
13337_6580,5018.0
13337_11534,5018.0
13338_1520,999999.0
13338_7569,5018.0
13338_9218,5018.0
13339_9221,5018.0
13339_9222,5018.0
13340_7301,10035.0
13340_7493,10035.0
13341_13342,15975.0
13341_13343,4733.0
13342_1943,15975.0
13343_13344,14580.0
13344_2991,14580.0
13344_13342,14580.0
13345_9216,51728.0
13345_13388,16575.0
13346_8232,51728.0
13347_8147,33150.0
13347_13354,33150.0
13348_13349,71040.0
13348_13355,33150.0
13349_8147,33150.0
13349_13350,71040.0
13350_9214,71040.0
13351_13352,71040.0
13351_13356,16575.0
13352_13353,71040.0
13353_3802,106560.0
13354_13350,16575.0
13354_13353,33150.0
13355_13356,33150.0
13356_13357,51728.0
13357_8146,88800.0
13358_1373,999999.0
13358_7397,5018.0
13358_13367,5018.0
13359_1254,999999.0
13359_7563,6240.0
13359_13381,6240.0
13360_1254,999999.0
13360_7568,6240.0
13360_7569,6240.0
13361_1511,999999.0
13361_7404,9165.0
13361_13363,9165.0
13362_1512,999999.0
13362_7401,4515.0
13362_7421,4515.0
13363_1512,999999.0
13363_7403,9165.0
13363_13361,9165.0
13364_1512,999999.0
13364_7402,7988.0
13364_7421,7988.0
13365_12468,5018.0
13365_13367,5018.0
13366_1513,999999.0
13366_12469,7988.0
13366_13369,7988.0
13367_1514,999999.0
13367_13358,5018.0
13367_13365,5018.0
13368_1515,999999.0
13368_7271,7988.0
13368_7399,7988.0
13369_1516,999999.0
13369_7421,7988.0
13369_13366,7988.0
13370_1516,999999.0
13370_7565,5018.0
13370_7601,5018.0
13371_1516,999999.0
13371_7565,9165.0
13371_8122,9165.0
13372_1517,999999.0
13372_8224,12480.0
13372_13375,12480.0
13373_1518,999999.0
13373_8225,18330.0
13373_8228,18330.0
13374_1518,999999.0
13374_8224,10035.0
13374_13377,10035.0
13375_1518,999999.0
13375_7400,12480.0
13375_13372,12480.0
13376_1521,999999.0
13376_7569,9165.0
13376_13378,9165.0
13377_1521,999999.0
13377_8223,10035.0
13377_13374,10035.0
13378_1520,999999.0
13378_8223,9165.0
13378_13376,9165.0
13379_1525,999999.0
13379_7568,6240.0
13379_8224,6240.0
13380_1523,999999.0
13380_7563,9165.0
13380_7564,9165.0
13381_1523,999999.0
13381_7568,6240.0
13381_13359,6240.0
13382_1522,999999.0
13382_7562,9165.0
13382_8314,9165.0
13383_1522,999999.0
13383_7559,9165.0
13383_8102,9165.0
13384_1519,999999.0
13384_7399,9165.0
13384_8229,9165.0
13385_1519,999999.0
13385_7399,12480.0
13385_8228,12480.0
13386_1524,999999.0
13386_7400,5018.0
13386_12468,5018.0
13387_1513,999999.0
13387_12468,5018.0
13387_12469,5018.0
13388_13389,51728.0
13389_3834,51728.0
