Node,X,Y
1,30208.0,74789.0
2,30224.0,74793.0
3,30247.0,74783.0
4,30220.0,74767.0
5,30243.0,74752.0
6,30227.0,74755.0
7,30211.0,74759.0
8,30200.0,74760.0
9,30180.0,74755.0
10,30173.0,74765.0
11,30183.0,74773.0
12,30178.0,74793.0
13,30153.0,74763.0
14,30158.0,74777.0
15,30151.0,74790.0
16,30275.0,74793.0
17,30291.0,74777.0
18,30285.0,74743.0
19,30268.0,74746.0
20,30264.0,74723.0
21,30248.0,74733.0
22,30224.0,74738.0
23,30230.0,74722.0
24,30216.0,74739.0
25,30207.0,74741.0
26,30201.0,74752.0
27,30197.0,74742.0
28,30205.0,74727.0
29,30186.0,74736.0
30,30162.0,74749.0
31,30166.0,74733.0
32,30143.0,74743.0
33,30125.0,74755.0
34,30132.0,74738.0
35,30106.0,74745.0
36,30090.0,74757.0
37,30137.0,74764.0
38,30122.0,74772.0
39,30105.0,74771.0
40,30122.0,74783.0
41,30133.0,74806.0
42,30137.0,74820.0
43,30164.0,74815.0
44,30190.0,74819.0
45,30208.0,74806.0
46,30219.0,74815.0
47,30234.0,74804.0
48,30258.0,74808.0
49,30301.0,74792.0
50,30317.0,74791.0
51,30310.0,74775.0
52,30303.0,74726.0
53,30330.0,74771.0
54,30321.0,74724.0
55,30090.0,74726.0
56,30160.0,74728.0
57,30230.0,74715.0
58,30290.0,74708.0
59,30334.0,74702.0
60,30306.0,74688.0
61,30334.0,74682.0
62,30228.0,74710.0
63,30162.0,74710.0
64,30094.0,74694.0
65,30134.0,74690.0
66,30174.0,74682.0
67,30208.0,74674.0
68,30242.0,74682.0
69,30292.0,74670.0
70,30332.0,74664.0
71,30318.0,74626.0
72,30344.0,74622.0
73,30276.0,74626.0
74,30228.0,74632.0
75,30196.0,74646.0
76,30162.0,74654.0
77,30128.0,74658.0
78,30086.0,74662.0
79,30044.0,74686.0
80,30000.0,74694.0
81,29988.0,74622.0
82,30060.0,74614.0
83,30110.0,74616.0
84,30108.0,74578.0
85,30148.0,74576.0
86,30192.0,74584.0
87,30226.0,74574.0
88,30266.0,74570.0
89,30332.0,74542.0
90,30372.0,74534.0
91,30260.0,74518.0
92,30190.0,74530.0
93,30028.0,74516.0
94,30124.0,74494.0
95,30176.0,74486.0
96,30235.0,74465.0
97,30360.0,74432.0
98,30206.0,74370.0
99,30216.0,74326.0
100,30080.0,74452.0
101,30054.0,74398.0
102,29860.0,74338.0
103,29780.0,74275.0
104,29765.0,74345.0
105,29720.0,74362.0
106,29768.0,74492.0
107,29772.0,74430.0
108,29832.0,74406.0
109,29902.0,74478.0
110,29834.0,74478.0
111,29806.0,74518.0
112,29856.0,74540.0
113,29832.0,74568.0
114,29800.0,74582.0
115,29788.0,74610.0
116,29832.0,74664.0
117,29856.0,74632.0
118,29886.0,74606.0
119,29934.0,74572.0
120,29924.0,74646.0
121,29894.0,74678.0
122,29866.0,74706.0
123,29836.0,74734.0
124,29890.0,74738.0
125,29936.0,74714.0
126,29962.0,74684.0
127,30028.0,74754.0
128,29964.0,74748.0
129,29926.0,74750.0
130,29912.0,74782.0
131,29866.0,74782.0
132,29824.0,74780.0
133,29766.0,74770.0
134,29770.0,74820.0
135,29824.0,74826.0
136,29870.0,74820.0
137,29918.0,74810.0
138,29962.0,74798.0
139,30002.0,74796.0
140,30068.0,74798.0
141,30056.0,74846.0
142,30020.0,74846.0
143,29968.0,74846.0
144,29880.0,74860.0
145,29838.0,74868.0
146,29810.0,74884.0
147,29782.0,74878.0
148,29700.0,74906.0
149,29658.0,74948.0
150,29684.0,74994.0
151,29742.0,74916.0
152,29780.0,74934.0
153,29842.0,74894.0
154,29878.0,74890.0
155,29908.0,74890.0
156,29938.0,74892.0
157,29966.0,74876.0
158,29974.0,74902.0
159,30018.0,74878.0
160,30054.0,74882.0
161,29974.0,74940.0
162,29898.0,74950.0
163,29832.0,74938.0
164,29822.0,74974.0
165,29772.0,74990.0
166,29732.0,74966.0
167,29738.0,75022.0
168,29792.0,75066.0
169,29822.0,75022.0
170,29852.0,75028.0
171,29850.0,75086.0
172,29890.0,75094.0
173,29944.0,75132.0
174,29968.0,75066.0
175,30052.0,74910.0
176,30168.0,74854.0
177,30232.0,74842.0
178,30270.0,74846.0
179,30300.0,74838.0
180,30340.0,74838.0
181,30358.0,74826.0
182,30304.0,74874.0
183,30276.0,74880.0
184,30242.0,74888.0
185,30208.0,74894.0
186,30170.0,74882.0
187,30174.0,74910.0
188,30126.0,74912.0
189,30096.0,74958.0
190,30136.0,74958.0
191,30170.0,74946.0
192,30208.0,74936.0
193,30274.0,74916.0
194,30334.0,74892.0
195,30321.0,74745.0
196,30408.0,74910.0
197,30338.0,74818.0
198,30334.0,74930.0
199,30286.0,74954.0
200,30254.0,74954.0
201,30214.0,74974.0
202,30174.0,74982.0
203,30126.0,74992.0
204,30036.0,75002.0
205,30116.0,75030.0
206,30180.0,75022.0
207,30220.0,75014.0
208,30254.0,75000.0
209,30286.0,74998.0
210,30322.0,74974.0
211,30358.0,74970.0
212,30388.0,74942.0
213,30458.0,74942.0
214,30464.0,74918.0
215,30420.0,74984.0
216,30398.0,75014.0
217,30344.0,75012.0
218,30364.0,75046.0
219,30318.0,75050.0
220,30284.0,75040.0
221,30256.0,75044.0
222,30228.0,75056.0
223,30186.0,75062.0
224,30122.0,75068.0
225,30116.0,75182.0
226,30140.0,75142.0
227,30166.0,75112.0
228,30220.0,75110.0
229,30276.0,75096.0
230,30318.0,75104.0
231,30374.0,75092.0
232,30428.0,75096.0
233,30448.0,75062.0
234,30470.0,75036.0
235,30496.0,75002.0
236,30516.0,74972.0
237,30532.0,74950.0
238,30601.0,75012.0
239,30638.0,74984.0
240,30684.0,75100.0
241,30724.0,75058.0
242,30740.0,75146.0
243,30764.0,75120.0
244,30604.0,75094.0
245,30562.0,75048.0
246,30536.0,75084.0
247,30516.0,75112.0
248,30580.0,75126.0
249,30544.0,75190.0
250,30498.0,75184.0
251,30468.0,75132.0
252,30452.0,75190.0
253,30406.0,75210.0
254,30378.0,75132.0
255,30366.0,75198.0
256,30330.0,75230.0
257,30324.0,75190.0
258,30318.0,75156.0
259,30272.0,75134.0
260,30252.0,75166.0
261,30216.0,75180.0
262,30280.0,75218.0
263,30268.0,75256.0
264,30204.0,75230.0
265,30108.0,75254.0
266,30054.0,75212.0
267,30054.0,75284.0
268,29958.0,75252.0
269,29934.0,75290.0
270,29974.0,75302.0
271,29946.0,75358.0
272,29918.0,75342.0
273,29886.0,75322.0
274,29854.0,75372.0
275,29808.0,75412.0
276,29886.0,75446.0
277,29842.0,75518.0
278,29772.0,75470.0
279,29742.0,75536.0
280,29818.0,75584.0
281,29842.0,75618.0
282,29954.0,75408.0
283,29913.0,75658.0
284,29892.0,75728.0
285,29946.0,75686.0
286,29992.0,75654.0
287,29966.0,75620.0
288,29926.0,75580.0
289,29960.0,75514.0
290,29996.0,75574.0
291,30018.0,75534.0
292,30038.0,75504.0
293,29996.0,75454.0
294,29992.0,75406.0
295,30038.0,75412.0
296,30068.0,75454.0
297,30100.0,75382.0
298,30080.0,75348.0
299,30120.0,75310.0
300,30138.0,75350.0
301,30166.0,75314.0
302,30162.0,75278.0
303,30204.0,75286.0
304,30210.0,75356.0
305,30156.0,75374.0
306,30198.0,75414.0
307,30188.0,75444.0
308,30220.0,75470.0
309,30188.0,75486.0
310,30164.0,75508.0
311,30132.0,75438.0
312,30104.0,75498.0
313,30132.0,75540.0
314,30088.0,75550.0
315,30066.0,75574.0
316,30032.0,75620.0
317,30104.0,75624.0
318,30136.0,75668.0
319,30174.0,75646.0
320,30140.0,75606.0
321,30170.0,75578.0
322,30230.0,75608.0
323,30214.0,75550.0
324,30246.0,75526.0
325,30292.0,75558.0
326,30290.0,75496.0
327,30326.0,75494.0
328,30372.0,75500.0
329,30366.0,75462.0
330,30406.0,75462.0
331,30444.0,75446.0
332,30442.0,75394.0
333,30400.0,75396.0
334,30370.0,75406.0
335,30332.0,75418.0
336,30286.0,75466.0
337,30290.0,75414.0
338,30252.0,75406.0
339,30248.0,75306.0
340,30282.0,75336.0
341,30330.0,75372.0
342,30310.0,75308.0
343,30340.0,75294.0
344,30364.0,75332.0
345,30396.0,75324.0
346,30380.0,75270.0
347,30416.0,75280.0
348,30464.0,75268.0
349,30446.0,75334.0
350,30502.0,75374.0
351,30540.0,75286.0
352,30590.0,75218.0
353,30620.0,75196.0
354,30636.0,75158.0
355,30686.0,75172.0
356,30748.0,75192.0
357,30790.0,75162.0
358,30712.0,75242.0
359,30678.0,75215.0
360,30664.0,75260.0
361,30608.0,75274.0
362,30638.0,75310.0
363,30594.0,75366.0
364,30560.0,75386.0
365,30534.0,75430.0
366,30572.0,75478.0
367,30600.0,75510.0
368,30638.0,75502.0
369,30622.0,75430.0
370,30678.0,75476.0
371,30642.0,75402.0
372,30660.0,75370.0
373,30698.0,75400.0
374,30742.0,75434.0
375,30798.0,75392.0
376,30754.0,75358.0
377,30716.0,75334.0
378,30668.0,75338.0
379,30732.0,75294.0
380,30788.0,75318.0
381,30758.0,75248.0
382,30804.0,75220.0
383,30816.0,75198.0
384,30802.0,75282.0
385,30860.0,75254.0
386,30876.0,75234.0
387,30830.0,75314.0
388,30860.0,75346.0
389,30928.0,75302.0
390,30948.0,75264.0
391,31044.0,75370.0
392,30926.0,75390.0
393,30896.0,75354.0
394,30908.0,75422.0
395,30840.0,75432.0
396,30838.0,75512.0
397,30792.0,75502.0
398,30734.0,75502.0
399,30760.0,75556.0
400,30790.0,75612.0
401,30684.0,75560.0
402,30614.0,75598.0
403,30684.0,75620.0
404,30644.0,75650.0
405,30698.0,75698.0
406,30758.0,75686.0
407,30786.0,75782.0
408,30870.0,75686.0
409,30940.0,75620.0
410,30914.0,75542.0
411,31012.0,75530.0
412,31022.0,75446.0
413,31142.0,75444.0
414,31110.0,75510.0
415,31106.0,75624.0
416,31048.0,75710.0
417,30930.0,75766.0
418,30860.0,75826.0
419,30894.0,75888.0
420,30944.0,75966.0
421,30994.0,75922.0
422,31020.0,75866.0
423,31108.0,75822.0
424,31186.0,75702.0
425,31230.0,75818.0
426,31140.0,75916.0
427,31034.0,76006.0
428,29728.0,74870.0
429,29714.0,74836.0
430,29698.0,74778.0
431,29680.0,74822.0
432,29644.0,74814.0
433,29610.0,74890.0
434,29560.0,74868.0
435,29616.0,74838.0
436,29616.0,74794.0
437,29550.0,74758.0
438,29524.0,74776.0
439,29488.0,74794.0
440,29512.0,74846.0
441,29434.0,74836.0
442,29374.0,74770.0
443,29394.0,74744.0
444,29458.0,74734.0
445,29478.0,74696.0
446,29518.0,74694.0
447,29436.0,74670.0
448,29452.0,74576.0
449,29434.0,74536.0
450,29590.0,74620.0
451,29684.0,74726.0
452,29626.0,74740.0
453,29578.0,74710.0
454,29620.0,74672.0
455,29730.0,74664.0
456,29656.0,74658.0
457,29734.0,74600.0
458,29710.0,74542.0
459,29690.0,74566.0
460,29668.0,74602.0
461,29722.0,74510.0
462,29634.0,74476.0
463,29658.0,74428.0
464,29470.0,74494.0
465,29514.0,74500.0
466,29564.0,74520.0
467,29604.0,74562.0
468,29628.0,74526.0
469,29540.0,74590.0
470,29474.0,74638.0
471,29588.0,74426.0
472,29590.0,74342.0
473,29532.0,74418.0
474,29478.0,74436.0
475,29490.0,74364.0
476,29502.0,74314.0
477,29628.0,74218.0
478,29448.0,74196.0
479,29690.0,74245.0
480,29430.0,74358.0
481,29356.0,74278.0
482,29330.0,74306.0
483,29336.0,74390.0
484,29412.0,74518.0
485,29406.0,74454.0
486,29236.0,74330.0
487,29236.0,74242.0
488,29362.0,74220.0
489,29372.0,74118.0
490,29320.0,74434.0
491,29270.0,74150.0
492,29290.0,74098.0
493,29154.0,74220.0
494,29110.0,74216.0
495,29096.0,74166.0
496,29174.0,74174.0
497,29204.0,74142.0
498,29170.0,74116.0
499,29148.0,74076.0
500,29100.0,74088.0
501,29060.0,74072.0
502,29016.0,74020.0
503,28960.0,74014.0
504,28932.0,73998.0
505,28974.0,73958.0
506,29014.0,73942.0
507,29030.0,73912.0
508,29022.0,73988.0
509,29068.0,74024.0
510,29116.0,74052.0
511,29118.0,74016.0
512,29122.0,73988.0
513,29200.0,74086.0
514,29204.0,74054.0
515,29056.0,74213.0
516,29000.0,74202.0
517,28960.0,74250.0
518,29044.0,74138.0
519,28970.0,74126.0
520,28930.0,74098.0
521,28924.0,73916.0
522,28960.0,73850.0
523,28848.0,73854.0
524,28880.0,73806.0
525,28780.0,73906.0
526,28700.0,74100.0
527,28782.0,73988.0
528,28852.0,74210.0
529,28734.0,74192.0
530,28694.0,74290.0
531,28562.0,74402.0
532,28848.0,74378.0
533,28934.0,74450.0
534,28732.0,74586.0
535,28752.0,74486.0
536,29020.0,74394.0
537,29100.0,74548.0
538,29030.0,74498.0
539,29074.0,74336.0
540,29126.0,74392.0
541,28994.0,74588.0
542,28994.0,74546.0
543,29214.0,74466.0
544,29338.0,74516.0
545,29192.0,74580.0
546,29268.0,74698.0
547,29340.0,74624.0
548,29372.0,74684.0
549,29372.0,74554.0
550,28936.0,74734.0
551,28944.0,74616.0
552,29050.0,74626.0
553,29034.0,74962.0
554,29098.0,74814.0
555,29184.0,75046.0
556,29196.0,74946.0
557,29240.0,74848.0
558,29394.0,75224.0
559,29400.0,75162.0
560,29268.0,75116.0
561,29328.0,74992.0
562,29372.0,75038.0
563,29436.0,75066.0
564,29490.0,75096.0
565,29550.0,74982.0
566,29502.0,74946.0
567,29476.0,75000.0
568,29406.0,74958.0
569,29414.0,74890.0
570,29316.0,74928.0
571,29338.0,74858.0
572,29248.0,75234.0
573,29294.0,75303.0
574,29094.0,75290.0
575,28976.0,75418.0
576,29126.0,75466.0
577,28868.0,74944.0
578,28998.0,75058.0
579,28852.0,75138.0
580,28652.0,74790.0
581,28265.0,74658.0
582,28044.0,74230.0
583,28388.0,74350.0
584,28304.0,74200.0
585,28456.0,74060.0
586,28790.0,75665.0
587,28653.0,75615.0
588,28504.0,75446.0
589,28654.0,75486.0
590,28886.0,75532.0
591,28734.0,75404.0
592,28714.0,75294.0
593,28496.0,75074.0
594,28364.0,75258.0
595,28424.0,75392.0
596,28344.0,75356.0
597,28430.0,75896.0
598,28302.0,76092.0
599,28316.0,76026.0
600,28238.0,76004.0
601,28362.0,75984.0
602,28084.0,76026.0
603,28156.0,76356.0
604,28108.0,76442.0
605,27944.0,76276.0
606,27794.0,76512.0
607,27594.0,76756.0
608,27396.0,76616.0
609,27474.0,76386.0
610,27046.0,76320.0
611,27124.0,76008.0
612,27624.0,76028.0
613,27766.0,75732.0
614,28132.0,75740.0
615,28102.0,75460.0
616,28144.0,75362.0
617,27810.0,75212.0
618,27692.0,75336.0
619,27852.0,74908.0
620,27804.0,74868.0
621,27844.0,74816.0
622,27896.0,74828.0
623,27996.0,74810.0
624,27992.0,74936.0
625,27868.0,75052.0
626,28182.0,74978.0
627,28237.0,74808.0
628,28092.0,74574.0
629,27872.0,74442.0
630,27766.0,74230.0
631,27410.0,74022.0
632,27278.0,74022.0
633,27284.0,74094.0
634,27212.0,74302.0
635,27528.0,74494.0
636,27132.0,74622.0
637,27393.0,74805.0
638,27656.0,74880.0
639,27460.0,75274.0
640,27376.0,75182.0
641,27274.0,75158.0
642,27140.0,75150.0
643,26942.0,75136.0
644,27086.0,75384.0
645,27630.0,75465.0
646,27294.0,75686.0
647,26934.0,75724.0
648,26676.0,75968.0
649,26666.0,76192.0
650,26366.0,75742.0
651,26228.0,75778.0
652,26344.0,75292.0
653,26784.0,75454.0
654,26558.0,75050.0
655,26640.0,75014.0
656,26714.0,75050.0
657,26732.0,75002.0
658,26792.0,75018.0
659,26740.0,74912.0
660,26792.0,74878.0
661,26684.0,74794.0
662,26784.0,74400.0
663,26720.0,74042.0
664,26652.0,73896.0
665,26910.0,73936.0
666,27060.0,73866.0
667,26894.0,73452.0
668,26654.0,73486.0
669,26210.0,73334.0
670,26374.0,73606.0
671,26396.0,73910.0
672,26356.0,74238.0
673,26300.0,74602.0
674,26272.0,74978.0
675,26184.0,74844.0
676,25988.0,74980.0
677,25878.0,74766.0
678,25996.0,74446.0
679,25984.0,74050.0
680,25862.0,73846.0
681,25822.0,73654.0
682,25854.0,73496.0
683,25500.0,73368.0
684,28148.0,75940.0
685,26842.0,75132.0
686,27216.0,74730.0
687,30782.0,76158.0
688,30884.0,76050.0
689,30750.0,75936.0
690,30660.0,75986.0
691,30708.0,76080.0
692,30414.0,76256.0
693,30586.0,76328.0
694,30610.0,76256.0
695,30454.0,76200.0
696,30396.0,76172.0
697,30504.0,76092.0
698,30568.0,76120.0
699,30504.0,76316.0
700,30524.0,76376.0
701,30414.0,76472.0
702,30366.0,76384.0
703,30168.0,76447.0
704,30288.0,76514.0
705,30114.0,76600.0
706,29910.0,76790.0
707,29756.0,76734.0
708,29630.0,76984.0
709,29415.0,77008.0
710,29486.0,77038.0
711,29580.0,76834.0
712,29568.0,76798.0
713,29564.0,76744.0
714,29532.0,76812.0
715,29660.0,76756.0
716,29508.0,76786.0
717,29518.0,76868.0
718,29588.0,76616.0
719,29480.0,76544.0
720,29622.0,76580.0
721,29766.0,76450.0
722,29912.0,76364.0
723,29828.0,76274.0
724,29900.0,76224.0
725,29890.0,76180.0
726,29968.0,76209.0
727,30066.0,76172.0
728,30201.0,76205.0
729,30214.0,76052.0
730,30172.0,75956.0
731,30670.0,75848.0
732,30392.0,76088.0
733,30352.0,76044.0
734,30318.0,76018.0
735,30378.0,75998.0
736,30416.0,75984.0
737,30490.0,75952.0
738,30270.0,75960.0
739,30214.0,75896.0
740,30286.0,75848.0
741,30338.0,75904.0
742,30422.0,75864.0
743,30520.0,75798.0
744,30492.0,75692.0
745,30596.0,75700.0
746,30380.0,75776.0
747,30518.0,75584.0
748,30476.0,75510.0
749,30414.0,75664.0
750,30340.0,75678.0
751,30284.0,75624.0
752,30382.0,75560.0
753,30220.0,75716.0
754,30306.0,75744.0
755,30244.0,75784.0
756,30176.0,75840.0
757,29838.0,75968.0
758,29706.0,75836.0
759,29762.0,75738.0
760,29652.0,75646.0
761,29544.0,75668.0
762,29424.0,76242.0
763,29532.0,76320.0
764,29768.0,76176.0
765,29604.0,76126.0
766,29212.0,76246.0
767,29402.0,76144.0
768,29342.0,76076.0
769,29116.0,76068.0
770,28996.0,76064.0
771,29064.0,75976.0
772,29340.0,75940.0
773,29278.0,75976.0
774,29282.0,76028.0
775,29228.0,76086.0
776,29222.0,75978.0
777,29200.0,75954.0
778,29260.0,75940.0
779,29290.0,75880.0
780,29462.0,75892.0
781,29454.0,75980.0
782,29516.0,75934.0
783,29575.0,75915.0
784,29540.0,75814.0
785,29464.0,75754.0
786,29460.0,75688.0
787,29442.0,75642.0
788,29372.0,75618.0
789,29890.0,75170.0
790,29852.0,75196.0
791,29740.0,75130.0
792,29698.0,75240.0
793,29718.0,75335.0
794,29572.0,75480.0
795,29342.0,75414.0
796,29428.0,75336.0
797,29424.0,75284.0
798,29494.0,75264.0
799,29486.0,75180.0
800,29598.0,75168.0
801,29526.0,75140.0
802,29580.0,75094.0
803,29640.0,75044.0
804,29668.0,75168.0
805,29260.0,75840.0
806,28810.0,75826.0
807,29012.0,75820.0
808,29112.0,75792.0
809,29212.0,75782.0
810,29120.0,75744.0
811,29042.0,75644.0
812,29228.0,75552.0
813,29142.0,75688.0
814,29292.0,75692.0
815,28720.0,76310.0
816,28874.0,76174.0
817,28988.0,76172.0
818,28858.0,75990.0
819,28750.0,76016.0
820,28400.0,76385.0
821,28514.0,76108.0
822,28196.0,76390.0
823,28212.0,76422.0
824,28640.0,76400.0
825,28536.0,76480.0
826,28600.0,76704.0
827,28594.0,76872.0
828,28886.0,76564.0
829,28786.0,76696.0
830,29236.0,76466.0
831,29406.0,76806.0
832,29161.0,76745.0
833,28958.0,76880.0
834,28976.0,77048.0
835,29136.0,77182.0
836,29238.0,77280.0
837,29350.0,77244.0
838,29358.0,77296.0
839,29300.0,77340.0
840,28966.0,77464.0
841,28732.0,77150.0
842,28700.0,77636.0
843,28570.0,77432.0
844,28360.0,77810.0
845,28498.0,77720.0
846,28436.0,77830.0
847,28390.0,77910.0
848,28030.0,77625.0
849,27822.0,77286.0
850,28104.0,77288.0
851,28404.0,77264.0
852,28552.0,77064.0
853,28304.0,76864.0
854,28164.0,76670.0
855,27952.0,76854.0
856,27828.0,76946.0
857,27622.0,76814.0
858,27689.0,76798.0
859,27630.0,76900.0
860,27730.0,76854.0
861,27600.0,76860.0
862,27732.0,76918.0
863,27670.0,76886.0
864,27532.0,76894.0
865,27696.0,77066.0
866,27556.0,76994.0
867,27480.0,76870.0
868,30032.0,75938.0
869,30108.0,75872.0
870,29932.0,75842.0
871,30024.0,75790.0
872,30050.0,75710.0
873,31326.0,75680.0
874,31358.0,75606.0
875,31190.0,76088.0
876,31430.0,76045.0
877,31340.0,75928.0
878,31415.0,75764.0
879,31676.0,75744.0
880,31790.0,75920.0
881,31622.0,75934.0
882,31656.0,75832.0
883,31742.0,76076.0
884,31822.0,76074.0
885,31916.0,76002.0
886,31948.0,76102.0
887,31910.0,76200.0
888,31852.0,76248.0
889,31905.0,75880.0
890,31844.0,75804.0
891,31824.0,75848.0
892,31600.0,76150.0
893,31696.0,76314.0
894,31688.0,76204.0
895,31752.0,76152.0
896,31552.0,76530.0
897,31610.0,76366.0
898,31378.0,76270.0
899,31560.0,76112.0
900,31518.0,76198.0
901,31506.0,76266.0
902,31484.0,76352.0
903,31016.0,76112.0
904,31104.0,76194.0
905,31262.0,76262.0
906,30886.0,76230.0
907,30778.0,76302.0
908,30970.0,76304.0
909,30862.0,76396.0
910,30556.0,76470.0
911,30588.0,76600.0
912,30624.0,76424.0
913,30690.0,76365.0
914,30678.0,76560.0
915,30300.0,76796.0
916,30100.0,76920.0
917,29934.0,77114.0
918,29812.0,77116.0
919,30064.0,77364.0
920,29696.0,77404.0
921,29842.0,77650.0
922,29630.0,77502.0
923,29602.0,77920.0
924,29508.0,77688.0
925,29436.0,77624.0
926,29338.0,77406.0
927,29238.0,77674.0
928,28762.0,78032.0
929,28986.0,78128.0
930,29052.0,77964.0
931,29306.0,78002.0
932,29300.0,78302.0
933,29324.0,78168.0
934,29260.0,78138.0
935,29208.0,78160.0
936,29370.0,78378.0
937,29752.0,78426.0
938,29474.0,78716.0
939,29940.0,79096.0
940,30025.0,79215.0
941,30170.0,78712.0
942,30452.0,78980.0
943,30506.0,78452.0
944,30058.0,78060.0
945,29972.0,77686.0
946,30444.0,77776.0
947,31066.0,77662.0
948,31284.0,77616.0
949,30632.0,77472.0
950,30892.0,77196.0
951,30484.0,77142.0
952,30276.0,77146.0
953,30358.0,77320.0
954,30360.0,77262.0
955,30450.0,77292.0
956,30086.0,77166.0
957,30542.0,76895.0
958,30925.0,76511.0
959,31110.0,76710.0
960,31106.0,76998.0
961,31274.0,76790.0
962,31424.0,76716.0
963,31456.0,77144.0
964,31700.0,76830.0
965,31790.0,76560.0
966,31922.0,76780.0
967,32284.0,76514.0
968,32264.0,76562.0
969,32206.0,76574.0
970,32156.0,76556.0
971,32220.0,76642.0
972,32012.0,76498.0
973,31888.0,76376.0
974,32016.0,76270.0
975,32110.0,76328.0
976,32022.0,76124.0
977,32084.0,76080.0
978,32356.0,76498.0
979,32398.0,76520.0
980,32448.0,76532.0
981,32410.0,76556.0
982,32434.0,76576.0
983,32466.0,76614.0
984,32402.0,76596.0
985,32372.0,76572.0
986,32334.0,76636.0
987,32318.0,76580.0
988,32242.0,76676.0
989,32140.0,76736.0
990,32167.0,76775.0
991,32252.0,76748.0
992,32286.0,76694.0
993,32330.0,76692.0
994,32350.0,76732.0
995,32414.0,76772.0
996,32426.0,76732.0
997,32376.0,76694.0
998,32400.0,76644.0
999,32442.0,76686.0
1000,32102.0,76796.0
1001,32356.0,76556.0
1002,32514.0,76382.0
1003,32532.0,76522.0
1004,32622.0,76614.0
1005,32526.0,76700.0
1006,32726.0,76880.0
1007,32574.0,76792.0
1008,33018.0,76336.0
1009,32921.0,76595.0
1010,32790.0,76408.0
1011,32730.0,76484.0
1012,32730.0,76695.0
1013,32825.0,76768.0
1014,32920.0,76712.0
1015,32442.0,76850.0
1016,32482.0,76952.0
1017,32578.0,77212.0
1018,32314.0,76780.0
1019,32316.0,76890.0
1020,32204.0,76836.0
1021,32196.0,76888.0
1022,32046.0,76948.0
1023,32248.0,77016.0
1024,31896.0,77380.0
1025,32366.0,77540.0
1026,32338.0,77818.0
1027,32170.0,77374.0
1028,32874.0,77572.0
1029,32846.0,77500.0
1030,32948.0,77696.0
1031,32716.0,77510.0
1032,32918.0,77292.0
1033,33208.0,77120.0
1034,33240.0,76700.0
1035,33425.0,77020.0
1036,33745.0,76928.0
1037,33570.0,76948.0
1038,30916.0,75165.0
1039,30960.0,75124.0
1040,30996.0,75196.0
1041,31114.0,75244.0
1042,31165.0,75109.0
1043,31080.0,75120.0
1044,31002.0,75076.0
1045,31088.0,75016.0
1046,31048.0,74882.0
1047,31008.0,74830.0
1048,31076.0,74796.0
1049,31106.0,74736.0
1050,31284.0,74816.0
1051,31174.0,74924.0
1052,31298.0,74918.0
1053,31428.0,74888.0
1054,31486.0,75052.0
1055,31234.0,75230.0
1056,31434.0,75204.0
1057,31288.0,75266.0
1058,31256.0,75344.0
1059,31300.0,75346.0
1060,31330.0,75390.0
1061,31368.0,75460.0
1062,31480.0,75560.0
1063,31514.0,75452.0
1064,31580.0,75548.0
1065,31705.0,75558.0
1066,31986.0,75520.0
1067,32000.0,75756.0
1068,31864.0,75596.0
1069,31835.0,75656.0
1070,31888.0,75700.0
1071,32084.0,75928.0
1072,32244.0,75936.0
1073,32192.0,75760.0
1074,32534.0,75752.0
1075,32610.0,76020.0
1076,32690.0,76260.0
1077,32490.0,76056.0
1078,32615.0,76146.0
1079,32946.0,75898.0
1080,33266.0,75688.0
1081,33285.0,75290.0
1082,33080.0,75380.0
1083,33468.0,75000.0
1084,33185.0,74843.0
1085,32922.0,74772.0
1086,32990.0,75081.0
1087,32732.0,74934.0
1088,32614.0,75340.0
1089,32362.0,75120.0
1090,32218.0,75148.0
1091,32214.0,75036.0
1092,32202.0,75086.0
1093,32144.0,75092.0
1094,32046.0,75222.0
1095,31800.0,75346.0
1096,31736.0,75368.0
1097,31766.0,75266.0
1098,31712.0,75262.0
1099,31654.0,75302.0
1100,31680.0,75396.0
1101,31618.0,75444.0
1102,31594.0,75356.0
1103,31548.0,75378.0
1104,31566.0,75284.0
1105,31712.0,75168.0
1106,31620.0,74830.0
1107,31378.0,74624.0
1108,31974.0,74988.0
1109,32150.0,74848.0
1110,32565.0,74681.0
1111,33632.0,74030.0
1112,34040.0,72760.0
1113,33278.0,72938.0
1114,32956.0,74088.0
1115,32518.0,73590.0
1116,32092.0,74523.0
1117,32078.0,74160.0
1118,31600.0,74460.0
1119,31448.0,74353.0
1120,30442.0,74740.0
1121,30492.0,74678.0
1122,30426.0,74702.0
1123,30448.0,74660.0
1124,30390.0,74690.0
1125,30358.0,74692.0
1126,30392.0,74760.0
1127,30360.0,74774.0
1128,30414.0,74812.0
1129,30384.0,74820.0
1130,30454.0,74804.0
1131,30462.0,74874.0
1132,30526.0,74790.0
1133,30590.0,74852.0
1134,30634.0,74796.0
1135,30666.0,74740.0
1136,30574.0,74724.0
1137,30562.0,74666.0
1138,30542.0,74584.0
1139,30482.0,74612.0
1140,30490.0,74564.0
1141,30420.0,74548.0
1142,30394.0,74546.0
1143,30496.0,74518.0
1144,30516.0,74460.0
1145,30650.0,74644.0
1146,30706.0,74638.0
1147,30684.0,74704.0
1148,30774.0,74720.0
1149,30728.0,74728.0
1150,30644.0,74916.0
1151,30684.0,74848.0
1152,30750.0,74892.0
1153,30798.0,74968.0
1154,30922.0,74892.0
1155,30862.0,74854.0
1156,30812.0,74844.0
1157,30734.0,74826.0
1158,30796.0,74776.0
1159,30838.0,74700.0
1160,30952.0,74606.0
1161,31082.0,74652.0
1162,31030.0,74596.0
1163,31120.0,74556.0
1164,31224.0,74432.0
1165,31268.0,74239.0
1166,31140.0,74281.0
1167,31110.0,74226.0
1168,31042.0,74194.0
1169,31000.0,74346.0
1170,31054.0,74434.0
1171,31084.0,74486.0
1172,30970.0,74484.0
1173,30802.0,74548.0
1174,30798.0,74460.0
1175,30720.0,74450.0
1176,30554.0,74404.0
1177,30564.0,74542.0
1178,30658.0,74580.0
1179,30724.0,74556.0
1180,30668.0,74526.0
1181,30602.0,74514.0
1182,30644.0,74456.0
1183,30615.0,74434.0
1184,30592.0,74412.0
1185,30444.0,74416.0
1186,30412.0,74370.0
1187,30490.0,74388.0
1188,30498.0,74316.0
1189,30440.0,74284.0
1190,30568.0,74292.0
1191,30600.0,74316.0
1192,30636.0,74372.0
1193,30684.0,74340.0
1194,30732.0,74382.0
1195,30674.0,74278.0
1196,30746.0,74282.0
1197,30792.0,74314.0
1198,30842.0,74404.0
1199,30894.0,74482.0
1200,30914.0,74392.0
1201,30888.0,74330.0
1202,30890.0,74222.0
1203,30820.0,74238.0
1204,30766.0,74194.0
1205,30686.0,74190.0
1206,30570.0,74222.0
1207,30588.0,74160.0
1208,30484.0,74228.0
1209,30640.0,74082.0
1210,30738.0,74102.0
1211,30884.0,74132.0
1212,30914.0,74050.0
1213,30982.0,74060.0
1214,31328.0,74096.0
1215,31250.0,73964.0
1216,31160.0,73874.0
1217,31024.0,73832.0
1218,31050.0,73900.0
1219,31016.0,73968.0
1220,30956.0,73930.0
1221,30950.0,73990.0
1222,30816.0,74022.0
1223,30892.0,73884.0
1224,30870.0,73704.0
1225,30665.0,73640.0
1226,30740.0,73850.0
1227,30662.0,73968.0
1228,31040.0,73452.0
1229,31144.0,73644.0
1230,31154.0,73756.0
1231,31410.0,73684.0
1232,31466.0,73800.0
1233,31646.0,73544.0
1234,31905.0,73515.0
1235,31706.0,73260.0
1236,31591.0,73241.0
1237,31804.0,72956.0
1238,31542.0,73036.0
1239,30876.0,75024.0
1240,30386.0,74354.0
1241,30386.0,74412.0
1242,30384.0,74204.0
1243,30248.0,74210.0
1244,29924.0,74164.0
1245,30094.0,74196.0
1246,29784.0,73992.0
1247,29580.0,73892.0
1248,29500.0,74048.0
1249,29772.0,73666.0
1250,30065.0,73600.0
1251,30282.0,73692.0
1252,30256.0,73860.0
1253,30298.0,74050.0
1254,30558.0,73823.0
1255,30730.0,73535.0
1256,30415.0,73275.0
1257,30484.0,73185.0
1258,30676.0,72796.0
1259,31090.0,73029.0
1260,31422.0,72687.0
1261,30876.0,72443.0
1262,30972.0,72022.0
1263,30234.0,72800.0
1264,29950.0,73252.0
1265,29743.0,73060.0
1266,29440.0,73325.0
1267,29408.0,73358.0
1268,29158.0,73688.0
1269,27890.0,74795.0
1270,28088.0,75218.0
1271,27480.0,75490.0
1272,30270.0,76328.0
1273,29568.0,76935.0
1274,29500.0,77158.0
1275,29480.0,76712.0
1276,29962.0,76108.0
1277,30070.0,76295.0
1278,30542.0,75864.0
1279,29185.0,75930.0
1280,29495.0,76050.0
1281,29805.0,75290.0
1282,29130.0,75854.0
1283,28825.0,76265.0
1284,28520.0,76320.0
1285,29293.0,76884.0
1286,31450.0,76100.0
1287,31303.0,75860.0
1288,31484.0,75900.0
1289,30498.0,76665.0
1290,30420.0,76562.0
1291,30733.0,76458.0
1292,30395.0,76752.0
1293,29950.0,76995.0
1294,30218.0,77280.0
1295,30695.0,76848.0
1296,31085.0,76460.0
1297,31210.0,76518.0
1298,31235.0,76380.0
1299,31450.0,76635.0
1300,31870.0,76677.0
1301,32115.0,76680.0
1302,32270.0,76241.0
1303,33650.0,76854.0
1304,30905.0,75126.0
1305,31210.0,75070.0
1306,31168.0,74764.0
1307,31280.0,75142.0
1308,31895.0,75422.0
1309,31792.0,75652.0
1310,33270.0,75473.0
1311,33325.0,75170.0
1312,33420.0,75448.0
1313,32918.0,75270.0
1314,33526.0,74888.0
1315,33441.0,74678.0
1316,32756.0,75063.0
1317,31521.0,74640.0
1318,31247.0,74630.0
1319,32018.0,74820.0
1320,32362.0,74696.0
1321,32592.0,74430.0
1322,31973.0,74432.0
1323,31950.0,74270.0
1324,31887.0,74070.0
1325,31455.0,74443.0
1326,31362.0,74450.0
1327,31562.0,74350.0
1328,31590.0,74262.0
1329,31722.0,74270.0
1330,31682.0,74051.0
1331,32026.0,73288.0
1332,30100.0,73800.0
1333,30365.0,74065.0
1334,30215.0,73735.0
1335,30885.0,73380.0
1336,29723.0,74743.0
1337,28646.0,73975.0
1338,29260.0,75370.0
1339,28320.0,74565.0
1340,28422.0,75585.0
1341,27860.0,75120.0
1342,28120.0,75160.0
1343,28010.0,74676.0
1344,27590.0,74305.0
1345,27174.0,74955.0
1346,28315.0,76375.0
1347,29320.0,76687.0
1348,30415.0,77330.0
1349,30790.0,76690.0
1350,31430.0,76835.0
1351,31980.0,76620.0
1352,32776.0,76577.0
1353,33035.0,77137.0
1354,31805.0,75040.0
1355,31594.0,73779.0
1356,31339.0,74350.0
1357,31049.0,74119.0
1358,31400.0,73904.0
1359,30859.0,73820.0
1360,30752.0,73710.0
1361,31658.0,73354.0
1362,31760.0,73021.0
1363,31346.0,73162.0
1364,30240.0,74103.0
1365,30050.0,73907.0
1366,29970.0,74092.0
1367,30300.0,73520.0
1368,30112.0,73421.0
1369,30271.0,73970.0
1370,30215.0,74000.0
1371,30454.0,73875.0
1372,30365.0,73880.0
1373,30425.0,74047.0
1374,30387.0,73710.0
1375,30630.0,73415.0
1376,30740.0,73389.0
1377,30750.0,73315.0
1378,30662.0,73200.0
1379,30523.0,73342.0
1380,30526.0,73527.0
1381,30869.0,73240.0
1382,30364.0,73258.0
1383,30308.0,73285.0
1384,30540.0,72985.0
1385,30350.0,73060.0
1386,30415.0,73135.0
1387,31159.0,72920.0
1388,31160.0,72688.0
1389,30870.0,73008.0
1390,31218.0,72278.0
1391,30790.0,72175.0
1392,30610.0,72515.0
1393,27480.0,77149.0
1394,27652.0,77558.0
1395,27700.0,77408.0
1396,28755.0,73826.0
1397,28721.0,73853.0
1398,28694.0,73864.0
1399,28679.0,73874.0
1400,28606.0,73907.0
1401,28408.0,73975.0
1402,28190.0,74014.0
1403,28063.0,74014.0
1404,28011.0,74012.0
1405,28005.0,74010.0
1406,27876.0,73998.0
1407,27728.0,73965.0
1408,27565.0,73905.0
1409,27442.0,73841.0
1410,27270.0,73710.0
1411,27210.0,73655.0
1412,26846.0,73219.0
1413,26396.0,73205.0
1414,25826.0,73217.0
1415,25587.0,73220.0
1416,25396.0,73533.0
1417,25512.0,73723.0
1418,25563.0,73864.0
1419,25713.0,74253.0
1420,25788.0,74785.0
1421,25822.0,74883.0
1422,25910.0,75058.0
1423,26040.0,75309.0
1424,26108.0,75513.0
1425,26062.0,75861.0
1426,26196.0,75965.0
1427,26404.0,76061.0
1428,26528.0,76165.0
1429,26548.0,76217.0
1430,26652.0,76271.0
1431,26983.0,76516.0
1432,27305.0,76744.0
1433,27379.0,76796.0
1434,27264.0,76869.0
1435,27267.0,76879.0
1436,27324.0,77087.0
1437,27418.0,77301.0
1438,27539.0,77620.0
1439,27763.0,77619.0
1440,27931.0,77660.0
1441,28000.0,77768.0
1442,28113.0,77951.0
1443,28204.0,78097.0
1444,28727.0,78284.0
1445,28880.0,78450.0
1446,28995.0,78555.0
1447,29022.0,78591.0
1448,29110.0,78650.0
1449,29325.0,78828.0
1450,29403.0,78912.0
1451,30000.0,79336.0
1452,30064.0,79212.0
1453,30544.0,79027.0
1454,30723.0,78752.0
1455,31175.0,77902.0
1456,31304.0,77735.0
1457,31339.0,77634.0
1458,31390.0,77466.0
1459,31778.0,77639.0
1460,31878.0,77737.0
1461,32005.0,77765.0
1462,32187.0,78003.0
1463,32468.0,77875.0
1464,32655.0,77726.0
1465,32889.0,77815.0
1466,33081.0,77699.0
1467,33039.0,77492.0
1468,33237.0,77283.0
1469,33469.0,77137.0
1470,33593.0,77124.0
1471,33598.0,77099.0
1472,33692.0,77059.0
1473,33822.0,76969.0
1474,33796.0,76762.0
1475,33530.0,76647.0
1476,33343.0,76397.0
1477,33268.0,76342.0
1478,33135.0,76337.0
1479,33363.0,75818.0
1480,33432.0,75673.0
1481,33457.0,75613.0
1482,33485.0,75551.0
1483,33808.0,74783.0
1484,34204.0,73839.0
1485,34318.0,72449.0
1486,33870.0,72300.0
1487,33258.0,72444.0
1488,32885.0,72637.0
1489,32489.0,73235.0
1490,32305.0,73060.0
1491,32066.0,72793.0
1492,31985.0,72694.0
1493,31865.0,72560.0
1494,31833.0,72516.0
1495,31704.0,72377.0
1496,31309.0,71936.0
1497,31119.0,71790.0
1498,30775.0,72105.0
1499,30730.0,72145.0
1500,30600.0,72265.0
1501,30378.0,72475.0
1502,30318.0,72531.0
1503,29938.0,72795.0
1504,29770.0,72795.0
1505,29505.0,72938.0
1506,29183.0,73122.0
1507,29141.0,73154.0
1508,29009.0,73374.0
1509,28903.0,73636.0
1510,29780.0,74260.0
1511,30385.0,73968.0
1512,30428.0,73958.0
1513,30468.0,73996.0
1514,30525.0,74056.0
1515,30590.0,74028.0
1516,30485.0,73916.0
1517,30525.0,73938.0
1518,30561.0,73955.0
1519,30591.0,73985.0
1520,30598.0,73908.0
1521,30562.0,73902.0
1522,30526.0,73733.0
1523,30513.0,73870.0
1524,30560.0,74000.0
1525,30520.0,73903.0
1526,29006.0,74048.0
1527,29031.0,74021.0
1528,29025.0,74018.0
1529,29015.0,74025.0
1530,29027.0,74031.0
1531,28821.0,73980.0
1532,28913.0,74025.0
1533,28893.0,74018.0
1534,28898.0,74009.0
1535,28920.0,74018.0
1536,28912.0,74005.0
1537,28900.0,74023.0
1538,30902.0,75281.0
1539,30918.0,75295.0
1540,31066.0,75435.0
1541,31025.0,75428.0
1542,29133.0,74128.0
1543,31061.0,75443.0
1544,31052.0,75445.0
1545,28891.0,74030.0
1546,28912.0,74030.0
1547,28860.0,74038.0
1548,28922.0,74032.0
1549,28940.0,74020.0
1550,28923.0,74041.0
1551,29015.0,74046.0
1552,31055.0,75445.0
1553,31058.0,75448.0
1554,31058.0,75454.0
1555,31055.0,75455.0
1556,31070.0,75438.0
1557,28956.0,74058.0
1558,30598.0,74760.0
1559,30611.0,74769.0
1560,29059.0,74096.0
1561,29035.0,74078.0
1562,29025.0,74078.0
1563,29020.0,74068.0
1564,28915.0,74000.0
1565,29608.0,75900.0
1566,29600.0,75904.0
1567,29596.0,75898.0
1568,29597.0,75893.0
1569,32560.0,77052.0
1570,32663.0,77063.0
1571,32581.0,77092.0
1572,32579.0,77094.0
1573,32579.0,77092.0
1574,30800.0,75230.0
1575,29205.0,75635.0
1576,29253.0,75593.0
1577,29255.0,75584.0
1578,29354.0,75575.0
1579,29346.0,75575.0
1580,29351.0,75560.0
1581,29349.0,75555.0
1582,29353.0,75555.0
1583,29334.0,75559.0
1584,29333.0,75555.0
1585,29367.0,75586.0
1586,29362.0,75582.0
1587,29357.0,75590.0
1588,29400.0,75590.0
1589,29404.0,75568.0
1590,29190.0,75376.0
1591,28984.0,75693.0
1592,29223.0,75635.0
1593,30890.0,75270.0
1594,30878.0,75268.0
1595,30883.0,75275.0
1596,31040.0,75460.0
1597,29935.0,74328.0
1598,29884.0,74362.0
1599,29952.0,74330.0
1600,29860.0,74365.0
1601,29720.0,74304.0
1602,29930.0,74338.0
1603,29890.0,74365.0
1604,29868.0,74378.0
1605,29865.0,74375.0
1606,29469.0,74219.0
1607,29590.0,74262.0
1608,29610.0,74250.0
1609,29768.0,74379.0
1610,28639.0,74060.0
1611,30019.0,75995.0
1612,30017.0,75885.0
1613,30057.0,75876.0
1614,30110.0,75820.0
1615,30000.0,75830.0
1616,29937.0,75826.0
1617,30029.0,75804.0
1618,30113.0,75766.0
1619,29980.0,75812.0
1620,29966.0,75738.0
1621,29909.0,75791.0
1622,27510.0,75575.0
1623,28930.0,75724.0
1624,29561.0,75877.0
1625,29998.0,76018.0
1626,30414.0,76234.0
1627,31245.0,76028.0
1628,31878.0,75923.0
1629,29255.0,76818.0
1630,28852.0,78118.0
1631,29593.0,73438.0
1632,30656.0,74154.0
1633,31290.0,74626.0
1634,32036.0,75302.0
1635,32100.0,75883.0
1636,32621.0,75973.0
1637,33195.0,76452.0
1638,33636.0,76969.0
1639,31188.0,73107.0
1640,31664.0,72805.0
1641,28607.0,73908.0
1642,28063.0,74016.0
1643,28010.0,74013.0
1644,27560.0,73907.0
1645,27266.0,73712.0
1646,27206.0,73658.0
1647,25516.0,73721.0
1648,25532.0,73702.0
1649,25665.0,73447.0
1650,25827.0,74883.0
1651,26113.0,75512.0
1652,26214.0,75526.0
1653,26512.0,75633.0
1654,26405.0,76058.0
1655,26450.0,76043.0
1656,26565.0,75897.0
1657,26444.0,75853.0
1658,26982.0,76513.0
1659,27307.0,76741.0
1660,27322.0,76707.0
1661,27465.0,76617.0
1662,27371.0,76487.0
1663,27413.0,76322.0
1664,27475.0,77006.0
1665,27517.0,76979.0
1666,27626.0,77231.0
1667,27933.0,77656.0
1668,28003.0,77764.0
1669,28126.0,77682.0
1670,28880.0,78445.0
1671,28993.0,78551.0
1672,29156.0,78182.0
1673,29114.0,78657.0
1674,29280.0,78656.0
1675,29324.0,78824.0
1676,29319.0,78698.0
1677,30060.0,79210.0
1678,31394.0,77462.0
1679,31781.0,77641.0
1680,31875.0,77733.0
1681,32008.0,77763.0
1682,32188.0,78000.0
1683,32662.0,77726.0
1684,33245.0,77290.0
1685,33590.0,77120.0
1686,33598.0,77095.0
1687,33360.0,75820.0
1688,33454.0,75615.0
1689,33483.0,75549.0
1690,34315.0,72451.0
1691,33882.0,72305.0
1692,33261.0,72448.0
1693,33301.0,72471.0
1694,32888.0,72640.0
1695,31120.0,71794.0
1696,30773.0,72109.0
1697,30726.0,72150.0
1698,30603.0,72264.0
1699,29810.0,74387.0
1700,29674.0,74250.0
1701,29182.0,74152.0
1702,29172.0,74152.0
1703,29675.0,74258.0
1704,29780.0,74355.0
1705,29715.0,74245.0
1706,29588.0,74178.0
1707,29561.0,74232.0
1708,29470.0,74197.0
1709,29441.0,74307.0
1710,29474.0,74352.0
1711,29500.0,74389.0
1712,29561.0,74452.0
1713,29605.0,74483.0
1714,29596.0,74395.0
1715,29671.0,74427.0
1716,29664.0,74451.0
1717,29644.0,74511.0
1718,29674.0,74555.0
1719,29660.0,74555.0
1720,29663.0,74576.0
1721,29757.0,74623.0
1722,29720.0,74680.0
1723,29708.0,74711.0
1724,29620.0,74692.0
1725,29558.0,74668.0
1726,29491.0,74629.0
1727,29527.0,74606.0
1728,29576.0,74603.0
1729,29466.0,74219.0
1730,29243.0,74204.0
1731,29638.0,74624.0
1732,29635.0,74636.0
1733,29541.0,74583.0
1734,29484.0,74563.0
1735,29523.0,74515.0
1736,29544.0,74481.0
1737,29513.0,74463.0
1738,29461.0,74433.0
1739,29438.0,74538.0
1740,29422.0,74522.0
1741,29417.0,74535.0
1742,29446.0,74541.0
1743,29358.0,74578.0
1744,29396.0,74593.0
1745,29414.0,74601.0
1746,29460.0,74615.0
1747,29330.0,74652.0
1748,29453.0,74637.0
1749,29415.0,74640.0
1750,29291.0,74775.0
1751,29490.0,74732.0
1752,29505.0,74713.0
1753,29527.0,74726.0
1754,29587.0,74759.0
1755,29567.0,74785.0
1756,29670.0,74843.0
1757,29699.0,74802.0
1758,29670.0,74790.0
1759,29730.0,74809.0
1760,29722.0,74857.0
1761,29683.0,74855.0
1762,29648.0,74866.0
1763,29633.0,74869.0
1764,29592.0,74879.0
1765,29588.0,74849.0
1766,29564.0,74846.0
1767,29538.0,74837.0
1768,29480.0,74809.0
1769,29413.0,74771.0
1770,29361.0,74752.0
1771,29341.0,74747.0
1772,29362.0,74640.0
1773,29362.0,74818.0
1774,29400.0,74840.0
1775,29714.0,74549.0
1776,29494.0,74895.0
1777,29491.0,74902.0
1778,29501.0,74900.0
1779,29545.0,74925.0
1780,29475.0,74925.0
1781,29520.0,74978.0
1782,29484.0,75076.0
1783,29475.0,75070.0
1784,29432.0,75046.0
1785,29417.0,75036.0
1786,29356.0,75081.0
1787,29378.0,74996.0
1788,29295.0,74973.0
1789,29290.0,74959.0
1790,29355.0,74937.0
1791,29369.0,74934.0
1792,29306.0,74837.0
1793,29285.0,74800.0
1794,29241.0,74924.0
1795,29163.0,75010.0
1796,29245.0,75050.0
1797,29334.0,75097.0
1798,29299.0,75122.0
1799,29403.0,75179.0
1800,29431.0,75124.0
1801,29334.0,75284.0
1802,29324.0,75302.0
1803,29268.0,75396.0
1804,29215.0,75483.0
1805,29187.0,75535.0
1806,29088.0,75535.0
1807,29157.0,75430.0
1808,28922.0,75436.0
1809,28925.0,75434.0
1810,29011.0,75424.0
1811,29028.0,75367.0
1812,29129.0,75392.0
1813,29215.0,75366.0
1814,29331.0,75276.0
1815,29147.0,75146.0
1816,29142.0,75328.0
1817,29124.0,75323.0
1818,29000.0,75260.0
1819,28970.0,75280.0
1820,28849.0,75181.0
1821,28855.0,75165.0
1822,28904.0,75098.0
1823,29017.0,75208.0
1824,28973.0,75109.0
1825,29096.0,75147.0
1826,29151.0,74995.0
1827,29133.0,74946.0
1828,29082.0,75006.0
1829,28981.0,75018.0
1830,28933.0,75042.0
1831,28935.0,75029.0
1832,29568.0,74883.0
1833,28881.0,74965.0
1834,28846.0,74887.0
1835,28954.0,74927.0
1836,28972.0,74849.0
1837,29059.0,74887.0
1838,29155.0,74904.0
1839,29172.0,74861.0
1840,29184.0,74829.0
1841,29184.0,74824.0
1842,29216.0,74740.0
1843,29125.0,74763.0
1844,29165.0,74867.0
1845,28961.0,74720.0
1846,29017.0,74612.0
1847,29047.0,74537.0
1848,29057.0,74534.0
1849,29182.0,74518.0
1850,29210.0,74521.0
1851,29194.0,74663.0
1852,29209.0,74716.0
1853,29267.0,74591.0
1854,29293.0,74547.0
1855,29325.0,74485.0
1856,29334.0,74474.0
1857,29297.0,74431.0
1858,29292.0,74403.0
1859,29212.0,74356.0
1860,29190.0,74376.0
1861,29083.0,74425.0
1862,29106.0,74358.0
1863,29108.0,74353.0
1864,29142.0,74284.0
1865,29141.0,74199.0
1866,29148.0,74203.0
1867,29233.0,74279.0
1868,29273.0,74309.0
1869,29305.0,74335.0
1870,29361.0,74379.0
1871,29389.0,74399.0
1872,29339.0,74288.0
1873,29357.0,74266.0
1874,29341.0,74256.0
1875,29392.0,74195.0
1876,29342.0,74173.0
1877,29304.0,74155.0
1878,29260.0,74138.0
1879,29333.0,74246.0
1880,29274.0,74210.0
1881,29227.0,74179.0
1882,29183.0,74123.0
1883,29182.0,74097.0
1884,29168.0,74088.0
1885,29160.0,74107.0
1886,29146.0,74106.0
1887,29132.0,74097.0
1888,29143.0,74097.0
1889,29147.0,74059.0
1890,29143.0,74048.0
1891,29134.0,74044.0
1892,29096.0,74072.0
1893,29094.0,74078.0
1894,29093.0,74072.0
1895,29035.0,74041.0
1896,28999.0,74014.0
1897,28965.0,73988.0
1898,28892.0,73951.0
1899,28822.0,73917.0
1900,28824.0,73913.0
1901,28770.0,73882.0
1902,28791.0,73847.0
1903,28842.0,73882.0
1904,28906.0,73925.0
1905,28930.0,73940.0
1906,28985.0,73965.0
1907,28992.0,73952.0
1908,29026.0,73972.0
1909,29064.0,73997.0
1910,28799.0,74042.0
1911,28797.0,74132.0
1912,28791.0,74215.0
1913,28854.0,74179.0
1914,29380.0,74191.0
1915,28879.0,74155.0
1916,28935.0,74075.0
1917,28955.0,74186.0
1918,28964.0,74179.0
1919,29035.0,74165.0
1920,29030.0,74125.0
1921,29064.0,74127.0
1922,29107.0,74180.0
1923,29075.0,74194.0
1924,29034.0,74215.0
1925,28998.0,74244.0
1926,29022.0,74270.0
1927,29060.0,74382.0
1928,29004.0,74464.0
1929,28985.0,74445.0
1930,28924.0,74345.0
1931,28945.0,74287.0
1932,28891.0,74225.0
1933,28843.0,74268.0
1934,28780.0,74305.0
1935,28755.0,74394.0
1936,28811.0,74433.0
1937,28863.0,74462.0
1938,28961.0,74497.0
1939,29030.0,74541.0
1940,29005.0,74546.0
1941,28931.0,74548.0
1942,28918.0,74546.0
1943,28812.0,74533.0
1944,28735.0,74451.0
1945,28731.0,74515.0
1946,28727.0,74554.0
1947,28683.0,74659.0
1948,28949.0,74654.0
1949,28890.0,74684.0
1950,28830.0,74750.0
1951,28864.0,74775.0
1952,28769.0,74842.0
1953,28677.0,74944.0
1954,28560.0,74856.0
1955,28584.0,74750.0
1956,28574.0,74729.0
1957,28504.0,74731.0
1958,28521.0,74701.0
1959,28456.0,74564.0
1960,28497.0,74526.0
1961,28592.0,74582.0
1962,28596.0,74584.0
1963,28666.0,74470.0
1964,28479.0,74417.0
1965,28518.0,74404.0
1966,28590.0,74265.0
1967,28622.0,74314.0
1968,28695.0,74393.0
1969,28703.0,74242.0
1970,28794.0,74182.0
1971,28644.0,74222.0
1972,28610.0,74212.0
1973,28579.0,74210.0
1974,28490.0,74082.0
1975,28437.0,74019.0
1976,28566.0,73985.0
1977,28656.0,73935.0
1978,28724.0,73958.0
1979,28782.0,74019.0
1980,28712.0,73981.0
1981,28711.0,74014.0
1982,28662.0,74086.0
1983,28616.0,74034.0
1984,30568.0,74698.0
1985,29155.0,74156.0
1986,28566.0,74335.0
1987,29766.0,74647.0
1988,29180.0,74140.0
1989,28813.0,73937.0
1990,28939.0,74015.0
1991,28927.0,74033.0
1992,28970.0,74054.0
1993,28998.0,74067.0
1994,29111.0,74026.0
1995,30632.0,74763.0
1996,29255.0,74156.0
1997,29264.0,74218.0
1998,29411.0,74357.0
1999,29430.0,74417.0
2000,29469.0,74346.0
2001,29524.0,74351.0
2002,29603.0,74249.0
2003,29652.0,74416.0
2004,29612.0,74487.0
2005,29659.0,74535.0
2006,29592.0,74508.0
2007,29269.0,74445.0
2008,29205.0,74509.0
2009,29198.0,74412.0
2010,29141.0,74211.0
2011,28803.0,74052.0
2012,28689.0,74148.0
2013,28615.0,74325.0
2014,28857.0,74470.0
2015,28783.0,74558.0
2016,28559.0,74638.0
2017,28973.0,74523.0
2018,28818.0,74815.0
2019,28897.0,74618.0
2020,28922.0,74560.0
2021,28979.0,74550.0
2022,28969.0,74638.0
2023,28990.0,74670.0
2024,28981.0,74684.0
2025,29061.0,74693.0
2026,29056.0,74504.0
2027,29144.0,74497.0
2028,29316.0,74558.0
2029,29347.0,74534.0
2030,29667.0,74649.0
2031,29160.0,75540.0
2032,29730.0,74672.0
2033,29754.0,74686.0
2034,29656.0,74699.0
2035,29646.0,74772.0
2036,29691.0,74852.0
2037,29513.0,74748.0
2038,29448.0,74869.0
2039,29516.0,74985.0
2040,29458.0,74952.0
2041,29403.0,74925.0
2042,29305.0,74986.0
2043,29226.0,74979.0
2044,29149.0,74917.0
2045,29059.0,75010.0
2046,29125.0,75495.0
2047,29111.0,75144.0
2048,29125.0,75139.0
2049,29140.0,75161.0
2050,29188.0,75201.0
2051,29191.0,75172.0
2052,29264.0,75131.0
2053,29532.0,75068.0
2054,29514.0,75096.0
2055,29478.0,75156.0
2056,29366.0,75231.0
2057,29361.0,75239.0
2058,29341.0,75271.0
2059,29286.0,75365.0
2060,29269.0,75351.0
2061,29195.0,75310.0
2062,28943.0,75428.0
2063,28998.0,75463.0
2064,29483.0,75146.0
2065,29320.0,75309.0
2066,28998.0,74689.0
2067,29062.0,74000.0
2068,29594.0,74750.0
2069,29051.0,75181.0
2070,29706.0,74855.0
2071,29236.0,74702.0
2072,29695.0,74827.0
2073,29679.0,74793.0
2074,29715.0,74806.0
2075,29689.0,74755.0
2076,29687.0,74853.0
2077,29670.0,74817.0
2078,29658.0,74781.0
2079,29451.0,74710.0
2080,29612.0,74874.0
2081,29651.0,74888.0
2082,29498.0,74897.0
2083,29619.0,74814.0
2084,29616.0,75013.0
2085,29590.0,75040.0
2086,29646.0,75087.0
2087,29684.0,75104.0
2088,29701.0,75117.0
2089,29723.0,75133.0
2090,29758.0,75162.0
2091,29779.0,75153.0
2092,30688.0,74815.0
2093,29834.0,75159.0
2094,29583.0,75638.0
2095,29875.0,75181.0
2096,29132.0,74693.0
2097,29814.0,75208.0
2098,29780.0,75195.0
2099,28610.0,74930.0
2100,29712.0,75183.0
2101,29728.0,75175.0
2102,29687.0,75156.0
2103,29647.0,75147.0
2104,29648.0,75141.0
2105,29551.0,75153.0
2106,29600.0,75123.0
2107,28899.0,75423.0
2108,29555.0,75068.0
2109,29553.0,75122.0
2110,28444.0,74831.0
2111,28258.0,74645.0
2112,29472.0,75207.0
2113,29512.0,75179.0
2114,29522.0,75173.0
2115,29523.0,75172.0
2116,29532.0,75166.0
2117,29527.0,75185.0
2118,29593.0,75182.0
2119,29618.0,75207.0
2120,29555.0,75639.0
2121,29575.0,75659.0
2122,29671.0,75227.0
2123,29658.0,75210.0
2124,29675.0,75201.0
2125,28552.0,74898.0
2126,29765.0,75236.0
2127,28823.0,75218.0
2128,28907.0,75297.0
2129,29842.0,75267.0
2130,29793.0,75242.0
2131,29766.0,75245.0
2132,29701.0,75291.0
2133,29672.0,75330.0
2134,29640.0,75332.0
2135,29581.0,75274.0
2136,29559.0,75283.0
2137,29726.0,75680.0
2138,29450.0,75246.0
2139,29659.0,75729.0
2140,29682.0,75757.0
2141,29736.0,75708.0
2142,29381.0,75265.0
2143,29395.0,75277.0
2144,29421.0,75296.0
2145,29411.0,75660.0
2146,29464.0,75372.0
2147,29469.0,75364.0
2148,29545.0,75338.0
2149,29586.0,75386.0
2150,29569.0,75415.0
2151,29473.0,75518.0
2152,29413.0,75468.0
2153,29440.0,75620.0
2154,29443.0,75623.0
2155,29516.0,75720.0
2156,29551.0,75766.0
2157,29348.0,75324.0
2158,29303.0,75407.0
2159,29342.0,75421.0
2160,29275.0,75536.0
2161,29267.0,75525.0
2162,29262.0,75544.0
2163,30707.0,74819.0
2164,29263.0,75593.0
2165,29264.0,75598.0
2166,30718.0,74805.0
2167,29312.0,75601.0
2168,29330.0,75562.0
2169,29422.0,75586.0
2170,29417.0,75594.0
2171,29397.0,75618.0
2172,29337.0,75708.0
2173,29332.0,75699.0
2174,29280.0,75637.0
2175,29249.0,75621.0
2176,29232.0,75612.0
2177,29198.0,75641.0
2178,29039.0,75648.0
2179,29099.0,75672.0
2180,29085.0,75676.0
2181,29173.0,75720.0
2182,29174.0,75708.0
2183,29193.0,75715.0
2184,29219.0,75676.0
2185,29231.0,75735.0
2186,29284.0,75763.0
2187,29295.0,75751.0
2188,29340.0,75776.0
2189,29418.0,75749.0
2190,29370.0,75861.0
2191,29233.0,75847.0
2192,29206.0,75803.0
2193,29472.0,75800.0
2194,29500.0,75778.0
2195,29269.0,75796.0
2196,29216.0,75769.0
2197,29100.0,75725.0
2198,29047.0,75730.0
2199,29029.0,75747.0
2200,29577.0,74772.0
2201,29023.0,75716.0
2202,29008.0,75706.0
2203,29592.0,75130.0
2204,28862.0,75752.0
2205,28856.0,75774.0
2206,29200.0,75852.0
2207,28980.0,75797.0
2208,30701.0,74849.0
2209,29213.0,75851.0
2210,29114.0,75818.0
2211,28272.0,74672.0
2212,28239.0,74612.0
2213,29109.0,75825.0
2214,29008.0,75880.0
2215,30750.0,74825.0
2216,30688.0,74850.0
2217,28949.0,75833.0
2218,28889.0,75823.0
2219,28850.0,75797.0
2220,28840.0,75813.0
2221,28840.0,75751.0
2222,28750.0,75757.0
2223,28725.0,75767.0
2224,28750.0,75779.0
2225,28760.0,75841.0
2226,28832.0,75836.0
2227,28853.0,75907.0
2228,28889.0,75956.0
2229,28893.0,76017.0
2230,28944.0,76022.0
2231,28978.0,76133.0
2232,29006.0,76101.0
2233,29050.0,76160.0
2234,29540.0,75957.0
2235,29511.0,75900.0
2236,29049.0,76056.0
2237,29067.0,76037.0
2238,29101.0,76009.0
2239,29112.0,76030.0
2240,29145.0,76073.0
2241,29592.0,75824.0
2242,29578.0,75841.0
2243,29150.0,75971.0
2244,29186.0,75944.0
2245,29190.0,75948.0
2246,29201.0,75963.0
2247,29214.0,75981.0
2248,29233.0,76004.0
2249,29229.0,75929.0
2250,29240.0,75911.0
2251,29245.0,75921.0
2252,29234.0,75937.0
2253,29249.0,75930.0
2254,29260.0,75954.0
2255,29250.0,75958.0
2256,29266.0,75979.0
2257,29278.0,75995.0
2258,29306.0,76045.0
2259,29296.0,76149.0
2260,29381.0,76122.0
2261,29441.0,76144.0
2262,29451.0,76165.0
2263,29412.0,76095.0
2264,29350.0,76010.0
2265,29303.0,75967.0
2266,29278.0,75945.0
2267,29264.0,75923.0
2268,29260.0,75913.0
2269,29257.0,75903.0
2270,29336.0,75896.0
2271,29392.0,75978.0
2272,29454.0,76061.0
2273,29490.0,76107.0
2274,29460.0,75929.0
2275,29530.0,75964.0
2276,29593.0,76030.0
2277,29708.0,75988.0
2278,29628.0,75874.0
2279,29604.0,75842.0
2280,29065.0,76063.0
2281,29729.0,75817.0
2282,29827.0,75833.0
2283,29777.0,75872.0
2284,29690.0,76147.0
2285,29775.0,76073.0
2286,29868.0,75998.0
2287,29919.0,75958.0
2288,29922.0,75941.0
2289,29937.0,75858.0
2290,29990.0,75904.0
2291,30033.0,75872.0
2292,29938.0,75794.0
2293,30018.0,75792.0
2294,30097.0,75726.0
2295,30066.0,75849.0
2296,30128.0,75806.0
2297,30211.0,75757.0
2298,30287.0,75657.0
2299,30313.0,75693.0
2300,30341.0,75680.0
2301,30359.0,75605.0
2302,30394.0,75644.0
2303,30466.0,75602.0
2304,30454.0,75582.0
2305,30522.0,75490.0
2306,30555.0,75530.0
2307,30544.0,75600.0
2308,30480.0,75646.0
2309,30388.0,75716.0
2310,30367.0,75732.0
2311,30332.0,75750.0
2312,30271.0,75801.0
2313,30252.0,75810.0
2314,30256.0,75818.0
2315,30197.0,75841.0
2316,30202.0,75858.0
2317,30094.0,75944.0
2318,30048.0,75902.0
2319,30661.0,75808.0
2320,29972.0,76043.0
2321,29948.0,76064.0
2322,29944.0,76066.0
2323,29939.0,76049.0
2324,29935.0,76054.0
2325,29849.0,76150.0
2326,29865.0,76166.0
2327,29884.0,76176.0
2328,29872.0,76204.0
2329,29910.0,76257.0
2330,29936.0,76286.0
2331,29974.0,76255.0
2332,29931.0,76215.0
2333,29943.0,76155.0
2334,28423.0,74856.0
2335,28471.0,74880.0
2336,28414.0,74880.0
2337,28339.0,74992.0
2338,28434.0,75008.0
2339,28460.0,75012.0
2340,28513.0,75047.0
2341,31065.0,76293.0
2342,30640.0,73900.0
2343,28580.0,75050.0
2344,28607.0,75048.0
2345,30630.0,73901.0
2346,28604.0,75177.0
2347,28537.0,75224.0
2348,28454.0,75192.0
2349,28477.0,75108.0
2350,28380.0,75115.0
2351,28376.0,75115.0
2352,28371.0,75128.0
2353,28444.0,75217.0
2354,28427.0,75244.0
2355,28378.0,75304.0
2356,28301.0,75258.0
2357,28262.0,75358.0
2358,28342.0,75369.0
2359,28259.0,75418.0
2360,28293.0,75431.0
2361,28317.0,75422.0
2362,28423.0,75324.0
2363,28490.0,75410.0
2364,28500.0,75410.0
2365,28009.0,74432.0
2366,28508.0,75410.0
2367,28532.0,75372.0
2368,28519.0,75369.0
2369,30646.0,73924.0
2370,31536.0,76185.0
2371,28545.0,75251.0
2372,28666.0,75271.0
2373,28671.0,75269.0
2374,29586.0,77805.0
2375,28771.0,75221.0
2376,28805.0,75253.0
2377,28845.0,75395.0
2378,28758.0,75357.0
2379,28748.0,75355.0
2380,28688.0,75361.0
2381,28675.0,75359.0
2382,30623.0,73899.0
2383,28570.0,75369.0
2384,28540.0,75411.0
2385,28696.0,75431.0
2386,28708.0,75441.0
2387,28718.0,75450.0
2388,28793.0,75425.0
2389,28823.0,75438.0
2390,28783.0,75510.0
2391,28993.0,75531.0
2392,28978.0,75530.0
2393,28915.0,75505.0
2394,28878.0,75671.0
2395,28801.0,75630.0
2396,28641.0,75566.0
2397,28667.0,75502.0
2398,29616.0,74765.0
2399,28615.0,75551.0
2400,28581.0,75535.0
2401,29326.0,77668.0
2402,28473.0,75559.0
2403,28545.0,74908.0
2404,29087.0,75543.0
2405,29078.0,75566.0
2406,29620.0,74761.0
2407,29520.0,74737.0
2408,29555.0,74740.0
2409,29540.0,74767.0
2410,29507.0,74765.0
2411,29554.0,74811.0
2412,29497.0,74779.0
2413,29516.0,74866.0
2414,30538.0,76540.0
2415,30531.0,76483.0
2416,30571.0,76512.0
2417,30632.0,76472.0
2418,30756.0,76378.0
2419,30835.0,76478.0
2420,30895.0,76435.0
2421,30835.0,76318.0
2422,30895.0,76274.0
2423,30928.0,76247.0
2424,30969.0,76378.0
2425,31098.0,76399.0
2426,30995.0,76356.0
2427,31007.0,76346.0
2428,31003.0,76332.0
2429,31100.0,76119.0
2430,31054.0,76154.0
2431,31061.0,76176.0
2432,31103.0,76242.0
2433,31137.0,76312.0
2434,31180.0,76367.0
2435,31355.0,76390.0
2436,31237.0,76311.0
2437,31151.0,76238.0
2438,31130.0,76225.0
2439,31543.0,76671.0
2440,31295.0,76250.0
2441,31233.0,76179.0
2442,31222.0,76188.0
2443,31176.0,76127.0
2444,31138.0,76084.0
2445,31139.0,76077.0
2446,31188.0,75954.0
2447,31232.0,76001.0
2448,31198.0,76027.0
2449,31290.0,76114.0
2450,31368.0,76209.0
2451,31433.0,76316.0
2452,31490.0,76330.0
2453,31504.0,76329.0
2454,31496.0,76367.0
2455,31455.0,76427.0
2456,31440.0,76487.0
2457,31472.0,76327.0
2458,31428.0,76610.0
2459,31560.0,76558.0
2460,31592.0,76499.0
2461,31633.0,76450.0
2462,31564.0,76454.0
2463,31545.0,76401.0
2464,31554.0,76348.0
2465,31602.0,76335.0
2466,31675.0,76344.0
2467,31701.0,76349.0
2468,31677.0,76333.0
2469,31602.0,76262.0
2470,31533.0,76210.0
2471,31466.0,76190.0
2472,31533.0,76156.0
2473,31540.0,76102.0
2474,31537.0,76099.0
2475,31368.0,76053.0
2476,31468.0,76026.0
2477,31476.0,76012.0
2478,31439.0,75937.0
2479,31409.0,75875.0
2480,31403.0,75863.0
2481,31383.0,75923.0
2482,31313.0,75880.0
2483,31329.0,75837.0
2484,31360.0,75776.0
2485,31285.0,75631.0
2486,31159.0,75479.0
2487,29369.0,74205.0
2488,31334.0,75586.0
2489,31317.0,75640.0
2490,31412.0,75697.0
2491,31447.0,75639.0
2492,31602.0,75726.0
2493,31636.0,75774.0
2494,31563.0,75764.0
2495,31473.0,75745.0
2496,31467.0,75810.0
2497,31491.0,75789.0
2498,31567.0,75945.0
2499,31598.0,75971.0
2500,31592.0,76052.0
2501,31588.0,75834.0
2502,31671.0,75826.0
2503,31743.0,75788.0
2504,31736.0,75796.0
2505,31724.0,75841.0
2506,31696.0,75966.0
2507,31693.0,75986.0
2508,31677.0,76041.0
2509,31467.0,76210.0
2510,31641.0,76155.0
2511,31627.0,76190.0
2512,31591.0,76160.0
2513,31750.0,76302.0
2514,31746.0,76298.0
2515,31721.0,76275.0
2516,31730.0,76262.0
2517,31725.0,76170.0
2518,31731.0,76091.0
2519,31748.0,76108.0
2520,31830.0,76180.0
2521,31858.0,76137.0
2522,31901.0,76118.0
2523,31882.0,76098.0
2524,31816.0,76037.0
2525,31773.0,75998.0
2526,31786.0,75930.0
2527,31870.0,75948.0
2528,31891.0,75936.0
2529,31839.0,75884.0
2530,31792.0,75821.0
2531,31811.0,75782.0
2532,31927.0,75877.0
2533,31942.0,76007.0
2534,29559.0,74907.0
2535,32040.0,76068.0
2536,32014.0,76070.0
2537,32011.0,76121.0
2538,31971.0,76190.0
2539,31904.0,76257.0
2540,31838.0,76311.0
2541,31920.0,76382.0
2542,31806.0,76328.0
2543,31756.0,76355.0
2544,31920.0,76428.0
2545,31755.0,76363.0
2546,31770.0,76482.0
2547,31847.0,76591.0
2548,31754.0,76630.0
2549,31724.0,76644.0
2550,31731.0,76651.0
2551,31659.0,76722.0
2552,31468.0,76205.0
2553,31853.0,76755.0
2554,31820.0,76971.0
2555,31804.0,76969.0
2556,31871.0,76831.0
2557,31935.0,76805.0
2558,31915.0,76788.0
2559,31934.0,76663.0
2560,32021.0,76675.0
2561,32031.0,76676.0
2562,32092.0,76721.0
2563,32126.0,76701.0
2564,32226.0,76622.0
2565,32209.0,76604.0
2566,32082.0,76617.0
2567,32104.0,76571.0
2568,31533.0,76228.0
2569,32006.0,76554.0
2570,31912.0,76538.0
2571,31995.0,76451.0
2572,32027.0,76465.0
2573,32048.0,76466.0
2574,32076.0,76508.0
2575,32104.0,76553.0
2576,32270.0,76561.0
2577,32254.0,76551.0
2578,32183.0,76504.0
2579,32266.0,76516.0
2580,32217.0,76373.0
2581,32193.0,76369.0
2582,32187.0,76367.0
2583,32017.0,76385.0
2584,31999.0,76428.0
2585,31997.0,76437.0
2586,31942.0,76302.0
2587,32014.0,76290.0
2588,32056.0,76298.0
2589,32033.0,76348.0
2590,32115.0,76210.0
2591,27762.0,76900.0
2592,32334.0,76373.0
2593,31750.0,76742.0
2594,31746.0,76811.0
2595,31741.0,76044.0
2596,31232.0,76072.0
2597,31290.0,76046.0
2598,31343.0,76072.0
2599,31389.0,76042.0
2600,31369.0,76023.0
2601,31329.0,76008.0
2602,31270.0,75946.0
2603,31294.0,75979.0
2604,31332.0,75901.0
2605,31514.0,76274.0
2606,29424.0,74855.0
2607,29464.0,74839.0
2608,29447.0,74790.0
2609,29351.0,74780.0
2610,29401.0,74795.0
2611,29387.0,74762.0
2612,29452.0,74751.0
2613,29502.0,74740.0
2614,29463.0,74716.0
2615,29498.0,74722.0
2616,29521.0,74682.0
2617,29542.0,74697.0
2618,29420.0,74657.0
2619,29434.0,74638.0
2620,29434.0,74607.0
2621,29472.0,74589.0
2622,29426.0,74569.0
2623,29465.0,74552.0
2624,29427.0,74536.0
2625,29551.0,74605.0
2626,29605.0,74620.0
2627,29698.0,74743.0
2628,29651.0,74735.0
2629,29682.0,74705.0
2630,29638.0,74695.0
2631,29590.0,74754.0
2632,29585.0,74678.0
2633,29725.0,74676.0
2634,30793.0,74928.0
2635,30000.0,76284.0
2636,29998.0,76130.0
2637,30050.0,76194.0
2638,30076.0,76227.0
2639,30103.0,76258.0
2640,30114.0,76209.0
2641,30180.0,76101.0
2642,30176.0,76094.0
2643,30185.0,76087.0
2644,30198.0,76077.0
2645,30191.0,75979.0
2646,30188.0,75918.0
2647,30212.0,75945.0
2648,30259.0,76029.0
2649,30293.0,75999.0
2650,30360.0,75948.0
2651,30375.0,75943.0
2652,30344.0,75927.0
2653,30259.0,75896.0
2654,30298.0,75871.0
2655,30379.0,75767.0
2656,30401.0,75760.0
2657,30402.0,75768.0
2658,30411.0,75764.0
2659,30434.0,75742.0
2660,30453.0,75764.0
2661,30573.0,75693.0
2662,30582.0,75782.0
2663,30614.0,75825.0
2664,28748.0,75050.0
2665,28794.0,75192.0
2666,30796.0,75900.0
2667,30764.0,75945.0
2668,30734.0,75976.0
2669,30711.0,75936.0
2670,30684.0,75953.0
2671,30650.0,75954.0
2672,30541.0,75815.0
2673,30484.0,75856.0
2674,30600.0,75989.0
2675,30559.0,75985.0
2676,30625.0,76046.0
2677,30519.0,76034.0
2678,30474.0,76009.0
2679,30422.0,75904.0
2680,30448.0,75993.0
2681,30458.0,76044.0
2682,30470.0,76071.0
2683,30462.0,76100.0
2684,30453.0,76108.0
2685,30455.0,76103.0
2686,30447.0,76089.0
2687,30427.0,76060.0
2688,30391.0,76014.0
2689,30358.0,76109.0
2690,30383.0,76142.0
2691,30423.0,76190.0
2692,30475.0,76218.0
2693,30524.0,76181.0
2694,30608.0,76259.0
2695,30548.0,76311.0
2696,30502.0,76318.0
2697,30487.0,76297.0
2698,30417.0,76328.0
2699,30390.0,76328.0
2700,30392.0,76298.0
2701,30480.0,76241.0
2702,30406.0,76253.0
2703,30372.0,76274.0
2704,30355.0,76162.0
2705,30310.0,76198.0
2706,30277.0,76223.0
2707,30268.0,76229.0
2708,30335.0,76320.0
2709,30318.0,76397.0
2710,30362.0,76360.0
2711,30379.0,76354.0
2712,30371.0,76374.0
2713,30330.0,76574.0
2714,30437.0,76492.0
2715,30502.0,76439.0
2716,30522.0,76423.0
2717,30505.0,76335.0
2718,30565.0,76394.0
2719,30590.0,76372.0
2720,30679.0,76302.0
2721,30699.0,76187.0
2722,30737.0,76159.0
2723,30759.0,76143.0
2724,30808.0,76204.0
2725,30691.0,76294.0
2726,30817.0,76238.0
2727,30932.0,76109.0
2728,30891.0,76038.0
2729,30838.0,75964.0
2730,30419.0,76505.0
2731,30445.0,75565.0
2732,30482.0,75644.0
2733,30584.0,76094.0
2734,28663.0,74964.0
2735,29693.0,74664.0
2736,30287.0,75258.0
2737,30302.0,75248.0
2738,29652.0,74637.0
2739,29661.0,74674.0
2740,29630.0,74651.0
2741,29710.0,74599.0
2742,29759.0,74611.0
2743,30325.0,75260.0
2744,29712.0,74533.0
2745,30315.0,75259.0
2746,29681.0,74530.0
2747,29460.0,75142.0
2748,29694.0,74552.0
2749,29668.0,74565.0
2750,29650.0,74600.0
2751,29628.0,74499.0
2752,29654.0,74481.0
2753,29632.0,74452.0
2754,29661.0,74421.0
2755,29442.0,74478.0
2756,29479.0,74502.0
2757,29528.0,74472.0
2758,29580.0,74526.0
2759,29568.0,74494.0
2760,29626.0,74528.0
2761,29658.0,74522.0
2762,29534.0,74595.0
2763,29512.0,74573.0
2764,29514.0,74644.0
2765,29472.0,74633.0
2766,29612.0,74728.0
2767,29579.0,74423.0
2768,29583.0,74467.0
2769,29624.0,74406.0
2770,29560.0,74373.0
2771,29553.0,74466.0
2772,29528.0,74428.0
2773,29487.0,74448.0
2774,29482.0,74401.0
2775,29487.0,74370.0
2776,29507.0,74330.0
2777,29455.0,74326.0
2778,29620.0,74190.0
2779,29575.0,74205.0
2780,29429.0,74197.0
2781,29450.0,74381.0
2782,29426.0,74332.0
2783,29462.0,74337.0
2784,29348.0,74277.0
2785,29399.0,74287.0
2786,29375.0,74322.0
2787,29323.0,74309.0
2788,29298.0,74369.0
2789,29375.0,74389.0
2790,29329.0,74405.0
2791,29420.0,74528.0
2792,29378.0,74498.0
2793,29445.0,74425.0
2794,29362.0,74437.0
2795,29250.0,74382.0
2796,29223.0,74318.0
2797,29249.0,74249.0
2798,29251.0,74195.0
2799,29363.0,74228.0
2800,29376.0,74275.0
2801,29311.0,74456.0
2802,29257.0,74147.0
2803,29139.0,74249.0
2804,29140.0,74205.0
2805,29091.0,74187.0
2806,29124.0,74192.0
2807,29079.0,74242.0
2808,29086.0,74153.0
2809,30181.0,74829.0
2810,30137.0,74834.0
2811,30128.0,74836.0
2812,30180.0,74827.0
2813,29134.0,74163.0
2814,29160.0,74210.0
2815,29164.0,74172.0
2816,29204.0,74160.0
2817,29241.0,74168.0
2818,29219.0,74140.0
2819,30279.0,74802.0
2820,30282.0,74807.0
2821,29182.0,74132.0
2822,29172.0,74116.0
2823,29153.0,74117.0
2824,29153.0,74106.0
2825,29125.0,74075.0
2826,29201.0,74107.0
2827,29113.0,74088.0
2828,29086.0,74082.0
2829,29067.0,74057.0
2830,30044.0,74724.0
2831,30068.0,74749.0
2832,30070.0,74752.0
2833,30093.0,74782.0
2834,30100.0,74791.0
2835,30107.0,74817.0
2836,30104.0,74841.0
2837,30089.0,74877.0
2838,30041.0,74925.0
2839,30036.0,74944.0
2840,29980.0,74977.0
2841,29968.0,75024.0
2842,30032.0,75150.0
2843,29962.0,75182.0
2844,30134.0,74418.0
2845,30041.0,74500.0
2846,30022.0,74697.0
2847,30008.0,74679.0
2848,30040.0,74597.0
2849,30057.0,74575.0
2850,30112.0,74510.0
2851,30150.0,74509.0
2852,30212.0,74502.0
2853,30222.0,74499.0
2854,30243.0,74494.0
2855,30280.0,74482.0
2856,30290.0,74607.0
2857,30311.0,74820.0
2858,30434.0,74935.0
2859,30533.0,74990.0
2860,30606.0,75050.0
2861,30660.0,75141.0
2862,30726.0,75182.0
2863,30800.0,75234.0
2864,30900.0,75275.0
2865,31065.0,75438.0
2866,31218.0,75715.0
2867,31175.0,75760.0
2868,31083.0,75858.0
2869,27622.0,76852.0
2870,29142.0,75589.0
2871,30915.0,75820.0
2872,30848.0,75715.0
2873,30903.0,75656.0
2874,29403.0,75250.0
2875,30726.0,75574.0
2876,30674.0,75498.0
2877,30599.0,75396.0
2878,30471.0,75443.0
2879,30469.0,75404.0
2880,30467.0,75366.0
2881,30475.0,75301.0
2882,29013.0,74045.0
2883,30555.0,75247.0
2884,30615.0,75110.0
2885,29731.0,74357.0
2886,29865.0,74962.0
2887,30239.0,74490.0
2888,30055.0,75171.0
2889,30121.0,75214.0
2890,30246.0,75255.0
2891,30244.0,75257.0
2892,28950.0,74003.0
2893,30426.0,75302.0
2894,30073.0,74943.0
2895,30180.0,74932.0
2896,30221.0,74924.0
2897,30289.0,74918.0
2898,30299.0,74917.0
2899,30330.0,74993.0
2900,30357.0,75163.0
2901,30234.0,75396.0
2902,30249.0,75483.0
2903,30227.0,75626.0
2904,30701.0,74873.0
2905,28980.0,74002.0
2906,30721.0,74871.0
2907,29847.0,74739.0
2908,29859.0,74821.0
2909,29860.0,74832.0
2910,29939.0,74710.0
2911,28985.0,74032.0
2912,30242.0,74478.0
2913,28926.0,73971.0
2914,29810.0,74385.0
2915,29865.0,74387.0
2916,29805.0,74375.0
2917,29866.0,74368.0
2918,30037.0,74465.0
2919,30058.0,74478.0
2920,28919.0,74001.0
2921,28973.0,73978.0
2922,30595.0,75030.0
2923,28970.0,73935.0
2924,28957.0,73953.0
2925,30361.0,75281.0
2926,30178.0,75242.0
2927,28989.0,73959.0
2928,30347.0,75109.0
2929,29866.0,74842.0
2930,29670.0,74907.0
2931,29837.0,74757.0
2932,29009.0,73962.0
2933,30200.0,74500.0
2934,29037.0,73979.0
2935,28942.0,74028.0
2936,29885.0,74380.0
2937,30986.0,75967.0
2938,30353.0,74875.0
2939,29014.0,73991.0
2940,29122.0,74035.0
2941,30123.0,75216.0
2942,30127.0,75219.0
2943,30154.0,75236.0
2944,30170.0,75240.0
2945,30188.0,75238.0
2946,30276.0,75250.0
2947,30277.0,75254.0
2948,29115.0,74058.0
2949,30287.0,75251.0
2950,30204.0,75265.0
2951,29102.0,74049.0
2952,29710.0,74418.0
2953,29748.0,74539.0
2954,29183.0,74110.0
2955,30244.0,74483.0
2956,29625.0,74666.0
2957,29537.0,74659.0
2958,29425.0,74674.0
2959,29329.0,74739.0
2960,29573.0,74938.0
2961,29415.0,74919.0
2962,29426.0,75027.0
2963,29276.0,75343.0
2964,29171.0,74077.0
2965,30239.0,74501.0
2966,29221.0,74117.0
2967,29035.0,74190.0
2968,29276.0,74963.0
2969,30259.0,74500.0
2970,29212.0,74750.0
2971,29130.0,74682.0
2972,29147.0,74516.0
2973,29189.0,74237.0
2974,30268.0,74502.0
2975,30262.0,74493.0
2976,29349.0,74225.0
2977,29181.0,74149.0
2978,29146.0,74126.0
2979,29055.0,74088.0
2980,29025.0,74025.0
2981,28989.0,74054.0
2982,28921.0,74026.0
2983,28810.0,73973.0
2984,28766.0,73936.0
2985,28805.0,74061.0
2986,28658.0,74092.0
2987,28526.0,74147.0
2988,30267.0,74493.0
2989,30274.0,74487.0
2990,28840.0,74539.0
2991,28987.0,74677.0
2992,29079.0,74681.0
2993,29205.0,74694.0
2994,29161.0,75113.0
2995,30405.0,74916.0
2996,30260.0,74494.0
2997,29660.0,74549.0
2998,29016.0,74230.0
2999,28991.0,74144.0
3000,28971.0,74266.0
3001,28981.0,74212.0
3002,29356.0,75560.0
3003,28918.0,74256.0
3004,28998.0,74062.0
3005,28923.0,74205.0
3006,29047.0,74126.0
3007,28979.0,74151.0
3008,28912.0,74181.0
3009,29012.0,74072.0
3010,28878.0,73890.0
3011,28839.0,73892.0
3012,29000.0,74011.0
3013,28753.0,73915.0
3014,28797.0,73898.0
3015,29601.0,75023.0
3016,29854.0,75289.0
3017,29752.0,75377.0
3018,29567.0,75608.0
3019,29446.0,75585.0
3020,29408.0,75576.0
3021,29262.0,75590.0
3022,28982.0,75695.0
3023,28959.0,75709.0
3024,29561.0,75883.0
3025,29600.0,75893.0
3026,29998.0,76020.0
3027,30414.0,76224.0
3028,30800.0,76189.0
3029,28794.0,73927.0
3030,30577.0,75763.0
3031,30278.0,74495.0
3032,30290.0,75710.0
3033,30274.0,75642.0
3034,29937.0,75767.0
3035,28805.0,74007.0
3036,30356.0,75594.0
3037,30217.0,75668.0
3038,30188.0,75722.0
3039,30111.0,75801.0
3040,30041.0,75817.0
3041,30000.0,75897.0
3042,29985.0,76117.0
3043,29985.0,76125.0
3044,30003.0,76218.0
3045,29975.0,76275.0
3046,29592.0,75755.0
3047,29481.0,75794.0
3048,30275.0,74499.0
3049,29145.0,75771.0
3050,28751.0,73943.0
3051,29220.0,75920.0
3052,28850.0,75816.0
3053,28883.0,75830.0
3054,28823.0,74195.0
3055,30739.0,74844.0
3056,28843.0,75897.0
3057,27970.0,77560.0
3058,28872.0,74202.0
3059,28867.0,74246.0
3060,28817.0,74241.0
3061,28742.0,74165.0
3062,28667.0,74185.0
3063,28747.0,74229.0
3064,28742.0,74274.0
3065,28663.0,74278.0
3066,28644.0,74367.0
3067,28542.0,74369.0
3068,28591.0,74423.0
3069,28883.0,74306.0
3070,28768.0,74350.0
3071,28911.0,74397.0
3072,28888.0,74508.0
3073,28705.0,74606.0
3074,28783.0,74414.0
3075,28835.0,74502.0
3076,28772.0,74524.0
3077,28731.0,74486.0
3078,29012.0,74406.0
3079,28970.0,74391.0
3080,29041.0,74326.0
3081,29108.0,74492.0
3082,29126.0,74598.0
3083,29051.0,74520.0
3084,29069.0,74465.0
3085,29120.0,74958.0
3086,29017.0,74502.0
3087,29083.0,74370.0
3088,29125.0,74318.0
3089,28487.0,75514.0
3090,28541.0,75539.0
3091,28655.0,75579.0
3092,28750.0,75615.0
3093,28912.0,75670.0
3094,28887.0,75747.0
3095,28856.0,75774.0
3096,29094.0,74391.0
3097,29111.0,74453.0
3098,29153.0,74382.0
3099,29011.0,74579.0
3100,30694.0,76547.0
3101,30677.0,76435.0
3102,30762.0,76239.0
3103,31240.0,76017.0
3104,31654.0,76005.0
3105,31900.0,75948.0
3106,31265.0,75617.0
3107,31277.0,75598.0
3108,31415.0,75690.0
3109,30376.0,74898.0
3110,31635.0,75868.0
3111,31700.0,75905.0
3112,31944.0,76005.0
3113,32031.0,76086.0
3114,32045.0,76109.0
3115,32060.0,76204.0
3116,32060.0,76298.0
3117,32076.0,76369.0
3118,32114.0,76457.0
3119,32261.0,76535.0
3120,32152.0,76476.0
3121,32114.0,76474.0
3122,32049.0,76467.0
3123,31960.0,76457.0
3124,31782.0,76450.0
3125,31706.0,76447.0
3126,31564.0,76346.0
3127,31369.0,76196.0
3128,31337.0,76157.0
3129,31156.0,76012.0
3130,31837.0,76874.0
3131,31736.0,76832.0
3132,31695.0,76730.0
3133,31591.0,76255.0
3134,28989.0,74599.0
3135,31088.0,75450.0
3136,31256.0,75645.0
3137,28991.0,74552.0
3138,28978.0,74539.0
3139,31260.0,76050.0
3140,31501.0,76283.0
3141,29089.0,73927.0
3142,30379.0,74461.0
3143,30352.0,74790.0
3144,30841.0,75194.0
3145,31759.0,75679.0
3146,31963.0,75925.0
3147,32297.0,76559.0
3148,32293.0,76568.0
3149,32240.0,76632.0
3150,31877.0,76902.0
3151,29226.0,74428.0
3152,29237.0,74477.0
3153,29203.0,74463.0
3154,29336.0,74509.0
3155,29217.0,74582.0
3156,29251.0,74534.0
3157,29239.0,74631.0
3158,29279.0,74662.0
3159,31315.0,76130.0
3160,28698.0,75601.0
3161,28735.0,73949.0
3162,28875.0,74032.0
3163,29146.0,74133.0
3164,29850.0,75225.0
3165,29283.0,74720.0
3166,29228.0,75630.0
3167,28830.0,75840.0
3168,30540.0,75814.0
3169,29731.0,75393.0
3170,28982.0,75695.0
3171,28959.0,75709.0
3172,29559.0,75888.0
3173,29998.0,76016.0
3174,30160.0,74826.0
3175,30167.0,74818.0
3176,30184.0,74804.0
3177,30719.0,75020.0
3178,29325.0,74482.0
3179,31735.0,75813.0
3180,29941.0,74931.0
3181,30230.0,74857.0
3182,30297.0,75022.0
3183,30082.0,75057.0
3184,30365.0,75157.0
3185,29993.0,75208.0
3186,30277.0,75519.0
3187,30665.0,75150.0
3188,30690.0,75356.0
3189,30613.0,75327.0
3190,30920.0,75503.0
3191,30722.0,75300.0
3192,30623.0,75538.0
3193,30499.0,75115.0
3194,30109.0,75150.0
3195,29693.0,74936.0
3196,29854.0,74963.0
3197,29991.0,74863.0
3198,30142.0,74594.0
3199,27667.0,76845.0
3200,29251.0,74609.0
3201,30102.0,74522.0
3202,30053.0,74574.0
3203,30037.0,74944.0
3204,30126.0,74858.0
3205,30233.0,75623.0
3206,30094.0,74779.0
3207,30135.0,74836.0
3208,29875.0,74874.0
3209,30261.0,75178.0
3210,30173.0,75058.0
3211,28792.0,74211.0
3212,28943.0,75025.0
3213,29092.0,74073.0
3214,29308.0,74330.0
3215,30187.0,74828.0
3216,30265.0,75004.0
3217,32352.0,76613.0
3218,30280.0,74802.0
3219,30087.0,74867.0
3220,30244.0,74825.0
3221,30230.0,74850.0
3222,30410.0,74913.0
3223,29939.0,75717.0
3224,30317.0,75485.0
3225,30820.0,75505.0
3226,30208.0,75758.0
3227,29998.0,76021.0
3228,29280.0,74569.0
3229,29304.0,74629.0
3230,29360.0,74609.0
3231,29389.0,74640.0
3232,29362.0,74699.0
3233,29291.0,74459.0
3234,29382.0,74534.0
3235,29331.0,74546.0
3236,29337.0,74568.0
3237,28913.0,74747.0
3238,28847.0,74762.0
3239,28909.0,74589.0
3240,28959.0,74646.0
3241,28946.0,74582.0
3242,28923.0,74636.0
3243,29046.0,74643.0
3244,29032.0,74574.0
3245,29052.0,74535.0
3246,28963.0,74888.0
3247,29006.0,74968.0
3248,29110.0,74885.0
3249,28982.0,74811.0
3250,29162.0,75061.0
3251,29204.0,75030.0
3252,29188.0,74987.0
3253,29240.0,74828.0
3254,29206.0,74892.0
3255,29261.0,74783.0
3256,29384.0,75205.0
3257,29427.0,75236.0
3258,29371.0,75252.0
3259,29417.0,75151.0
3260,29351.0,75150.0
3261,29329.0,75189.0
3262,29281.0,75127.0
3263,29290.0,75074.0
3264,29212.0,75122.0
3265,29300.0,74979.0
3266,29335.0,75000.0
3267,29362.0,74935.0
3268,29397.0,75016.0
3269,29387.0,75059.0
3270,29302.0,75030.0
3271,29453.0,75058.0
3272,29458.0,75100.0
3273,29394.0,75102.0
3274,29499.0,75086.0
3275,29505.0,75067.0
3276,29523.0,75082.0
3277,29572.0,74987.0
3278,29523.0,74912.0
3279,29532.0,74952.0
3280,29496.0,75027.0
3281,29487.0,74968.0
3282,29442.0,74989.0
3283,29374.0,74965.0
3284,29386.0,74930.0
3285,29430.0,74938.0
3286,29371.0,74890.0
3287,29323.0,74948.0
3288,29267.0,74942.0
3289,29381.0,74829.0
3290,29331.0,74887.0
3291,29334.0,74828.0
3292,29159.0,75268.0
3293,29263.0,75293.0
3294,29259.0,75238.0
3295,29268.0,75214.0
3296,29232.0,75331.0
3297,29303.0,75337.0
3298,28737.0,74077.0
3299,29041.0,74045.0
3300,30377.0,74895.0
3301,30096.0,74952.0
3302,30165.0,74846.0
3303,30192.0,74854.0
3304,30245.0,74833.0
3305,29378.0,75862.0
3306,30276.0,74477.0
3307,30265.0,74894.0
3308,30208.0,74972.0
3309,30259.0,74433.0
3310,29978.0,74337.0
3311,30270.0,74911.0
3312,30294.0,74847.0
3313,29855.0,74294.0
3314,30337.0,74950.0
3315,29825.0,74358.0
3316,30630.0,75089.0
3317,30120.0,75051.0
3318,30628.0,75092.0
3319,30198.0,75072.0
3320,30174.0,75066.0
3321,30321.0,74836.0
3322,30169.0,75085.0
3323,29363.0,75907.0
3324,30229.0,75076.0
3325,30202.0,75069.0
3326,30261.0,75028.0
3327,30284.0,75073.0
3328,30277.0,75105.0
3329,30307.0,74997.0
3330,30304.0,74955.0
3331,30319.0,75062.0
3332,30319.0,75033.0
3333,30367.0,75016.0
3334,30354.0,75054.0
3335,30331.0,75115.0
3336,31578.0,75716.0
3337,30370.0,75149.0
3338,30405.0,75046.0
3339,30458.0,75124.0
3340,30524.0,75095.0
3341,31363.0,76199.0
3342,30524.0,75005.0
3343,31505.0,76216.0
3344,30553.0,75042.0
3345,30592.0,75041.0
3346,31252.0,76458.0
3347,30097.0,74715.0
3348,30077.0,74661.0
3349,30105.0,74661.0
3350,30112.0,74650.0
3351,31148.0,76460.0
3352,30158.0,74705.0
3353,30326.0,74798.0
3354,30204.0,75858.0
3355,30132.0,74652.0
3356,30316.0,74815.0
3357,28869.0,75477.0
3358,30243.0,74627.0
3359,30310.0,74796.0
3360,28933.0,75681.0
3361,29350.0,75923.0
3362,30124.0,74609.0
3363,30151.0,74630.0
3364,30180.0,74610.0
3365,30321.0,74802.0
3366,30220.0,74541.0
3367,30318.0,74810.0
3368,29310.0,75958.0
3369,28777.0,75360.0
3370,30142.0,74454.0
3371,30312.0,74754.0
3372,28848.0,75308.0
3373,29843.0,74681.0
3374,29847.0,74739.0
3375,29876.0,74652.0
3376,29836.0,74497.0
3377,29790.0,74575.0
3378,29809.0,74540.0
3379,29839.0,74612.0
3380,29857.0,74400.0
3381,29727.0,74407.0
3382,28806.0,75475.0
3383,28853.0,75470.0
3384,29930.0,74743.0
3385,31273.0,75826.0
3386,29987.0,74799.0
3387,29499.0,75777.0
3388,29950.0,74805.0
3389,29863.0,74775.0
3390,29761.0,74753.0
3391,29231.0,74289.0
3392,28624.0,75412.0
3393,29876.0,74840.0
3394,29823.0,74848.0
3395,29772.0,74822.0
3396,30276.0,74803.0
3397,29782.0,74877.0
3398,29119.0,74520.0
3399,29915.0,74897.0
3400,29991.0,74885.0
3401,29935.0,74961.0
3402,29983.0,74937.0
3403,29865.0,74918.0
3404,29769.0,74946.0
3405,29805.0,74951.0
3406,28932.0,75685.0
3407,29758.0,74985.0
3408,29713.0,75033.0
3409,31474.0,76190.0
3410,30055.0,75265.0
3411,29894.0,75328.0
3412,30142.0,75341.0
3413,31163.0,76246.0
3414,31136.0,76296.0
3415,30290.0,74589.0
3416,29271.0,75896.0
3417,30314.0,74820.0
3418,30329.0,74814.0
3419,29276.0,75907.0
3420,29795.0,75610.0
3421,30009.0,75489.0
3422,30110.0,75573.0
3423,30002.0,75601.0
3424,29359.0,76003.0
3425,30243.0,75182.0
3426,29440.0,76042.0
3427,29594.0,76026.0
3428,30286.0,75240.0
3429,29687.0,75960.0
3430,30620.0,75115.0
3431,30632.0,75092.0
3432,30421.0,75190.0
3433,30315.0,74791.0
3434,30257.0,74815.0
3435,30317.0,74807.0
3436,30266.0,74813.0
3437,30370.0,75327.0
3438,30195.0,74826.0
3439,30193.0,74834.0
3440,30198.0,74836.0
3441,30402.0,75288.0
3442,30406.0,75323.0
3443,30436.0,75321.0
3444,30444.0,75286.0
3445,30310.0,74730.0
3446,30319.0,74815.0
3447,30245.0,75493.0
3448,30323.0,74836.0
3449,30317.0,74817.0
3450,30279.0,74816.0
3451,30305.0,74811.0
3452,30660.0,75192.0
3453,30660.0,75274.0
3454,30724.0,75364.0
3455,30305.0,74805.0
3456,30310.0,74761.0
3457,30654.0,75382.0
3458,30620.0,75389.0
3459,31998.0,76459.0
3460,30465.0,73355.0
3461,30676.0,75450.0
3462,30751.0,75394.0
3463,30235.0,74817.0
3464,30300.0,74681.0
3465,30616.0,75648.0
3466,30640.0,74750.0
3467,30922.0,75666.0
3468,31135.0,75898.0
3469,30652.0,75189.0
3470,30302.0,74700.0
3471,30710.0,75209.0
3472,30306.0,74706.0
3473,29570.0,74270.0
3474,30564.0,73392.0
3475,30251.0,74828.0
3476,28926.0,75838.0
3477,31034.0,76168.0
3478,30765.0,74835.0
3479,28911.0,75855.0
3480,30241.0,74817.0
3481,29092.0,75857.0
3482,29062.0,75906.0
3483,32208.0,76603.0
3484,31883.0,76097.0
3485,31919.0,76247.0
3486,29186.0,75855.0
3487,30510.0,73298.0
3488,30296.0,74822.0
3489,30318.0,74830.0
3490,29752.0,74624.0
3491,29598.0,74512.0
3492,29469.0,74420.0
3493,30325.0,74808.0
3494,30572.0,73318.0
3495,30241.0,74819.0
3496,30325.0,74818.0
3497,28444.0,74021.0
3498,29692.0,74797.0
3499,29709.0,74720.0
3500,29567.0,74788.0
3501,29534.0,74833.0
3502,29548.0,74924.0
3503,29612.0,74688.0
3504,29595.0,74595.0
3505,28695.0,75455.0
3506,28908.0,75442.0
3507,29011.0,74629.0
3508,29172.0,74989.0
3509,30265.0,74812.0
3510,30258.0,74813.0
3511,30263.0,74811.0
3512,30704.0,74772.0
3513,30078.0,75698.0
3514,29145.0,74515.0
3515,29137.0,74685.0
3516,29260.0,74968.0
3517,29184.0,75372.0
3518,29573.0,75853.0
3519,29600.0,75875.0
3520,29919.0,76235.0
3521,29601.0,75877.0
3522,29309.0,76047.0
3523,30565.0,73215.0
3524,30903.0,74941.0
3525,29038.0,76141.0
3526,30905.0,74927.0
3527,30900.0,74923.0
3528,30325.0,75810.0
3529,29202.0,74245.0
3530,30281.0,76048.0
3531,29011.0,75735.0
3532,28891.0,75776.0
3533,28892.0,75122.0
3534,30461.0,76307.0
3535,28440.0,75408.0
3536,30608.0,75046.0
3537,30290.0,76418.0
3538,29545.0,76062.0
3539,29569.0,76048.0
3540,29106.0,76111.0
3541,29116.0,75244.0
3542,29062.0,75292.0
3543,29075.0,75345.0
3544,29019.0,75395.0
3545,28977.0,75426.0
3546,28985.0,75397.0
3547,29070.0,75408.0
3548,29141.0,75463.0
3549,29201.0,75509.0
3550,29059.0,75487.0
3551,28785.0,74977.0
3552,28809.0,74873.0
3553,29053.0,75078.0
3554,28810.0,75181.0
3555,28879.0,75132.0
3556,28818.0,75059.0
3557,29028.0,74694.0
3558,28723.0,74893.0
3559,28797.0,74142.0
3560,28501.0,74002.0
3561,28462.0,74052.0
3562,28719.0,75676.0
3563,28858.0,75699.0
3564,30602.0,74739.0
3565,28524.0,75411.0
3566,28542.0,75481.0
3567,28491.0,75472.0
3568,28620.0,75412.0
3569,28688.0,75472.0
3570,28624.0,75519.0
3571,30590.0,74727.0
3572,28916.0,75561.0
3573,28805.0,75369.0
3574,28747.0,75406.0
3575,28847.0,75333.0
3576,28683.0,75317.0
3577,28701.0,75254.0
3578,28776.0,75304.0
3579,28518.0,75093.0
3580,28573.0,75200.0
3581,28407.0,75062.0
3582,28340.0,75280.0
3583,28336.0,75193.0
3584,28509.0,75390.0
3585,28440.0,75378.0
3586,28404.0,75416.0
3587,28360.0,75336.0
3588,28302.0,75364.0
3589,28282.0,75308.0
3590,30253.0,74784.0
3591,30250.0,74792.0
3592,30224.0,74766.0
3593,30215.0,74767.0
3594,30227.0,74760.0
3595,30230.0,74755.0
3596,30225.0,74752.0
3597,30210.0,74763.0
3598,28556.0,75550.0
3599,28542.0,75545.0
3600,28549.0,75554.0
3601,28660.0,75583.0
3602,28646.0,75573.0
3603,28756.0,75609.0
3604,30209.0,74754.0
3605,30205.0,74758.0
3606,30179.0,74751.0
3607,30184.0,74754.0
3608,30173.0,74768.0
3609,30187.0,74772.0
3610,30178.0,74773.0
3611,30152.0,74772.0
3612,30149.0,74769.0
3613,32343.0,76665.0
3614,31890.0,76910.0
3615,29789.0,73944.0
3616,30435.0,74932.0
3617,28988.0,74677.0
3618,32258.0,76535.0
3619,32115.0,76474.0
3620,31975.0,77022.0
3621,32350.0,76621.0
3622,32343.0,76663.0
3623,32426.0,76805.0
3624,32253.0,76644.0
3625,30580.0,73990.0
3626,29262.0,73591.0
3627,30440.0,74151.0
3628,30341.0,74149.0
3629,30105.0,74060.0
3630,30189.0,74115.0
3631,30190.0,74110.0
3632,29892.0,73936.0
3633,29809.0,73887.0
3634,29700.0,73840.0
3635,29439.0,73773.0
3636,31016.0,74291.0
3637,30510.0,74343.0
3638,32172.0,76716.0
3639,29343.0,73757.0
3640,29764.0,73894.0
3641,29814.0,73871.0
3642,29810.0,73870.0
3643,29852.0,75290.0
3644,30077.0,74864.0
3645,30070.0,74754.0
3646,30107.0,74816.0
3647,30267.0,74824.0
3648,30105.0,74841.0
3649,31261.0,76051.0
3650,31563.0,76345.0
3651,28983.0,74056.0
3652,30119.0,75212.0
3653,30055.0,74575.0
3654,30151.0,74794.0
3655,31317.0,76130.0
3656,31325.0,76147.0
3657,31500.0,76285.0
3658,31509.0,76295.0
3659,31504.0,76296.0
3660,32152.0,76478.0
3661,29076.0,74098.0
3662,29066.0,74086.0
3663,29079.0,74091.0
3664,29121.0,74116.0
3665,29079.0,74681.0
3666,29067.0,74689.0
3667,29075.0,74674.0
3668,29984.0,76266.0
3669,29989.0,76271.0
3670,29976.0,76276.0
3671,30005.0,76229.0
3672,29995.0,76237.0
3673,30001.0,76222.0
3674,29984.0,76140.0
3675,29983.0,76125.0
3676,29990.0,76135.0
3677,29736.0,75400.0
3678,29749.0,75380.0
3679,30010.0,74679.0
3680,30100.0,74510.0
3681,30084.0,74499.0
3682,30083.0,74500.0
3683,30175.0,74507.0
3684,30199.0,74494.0
3685,30210.0,74493.0
3686,30219.0,74497.0
3687,30153.0,74515.0
3688,30530.0,74995.0
3689,30522.0,74987.0
3690,30546.0,75002.0
3691,30900.0,75293.0
3692,30592.0,75037.0
3693,30726.0,75184.0
3694,30701.0,75179.0
3695,30704.0,75164.0
3696,30658.0,75143.0
3697,30146.0,74790.0
3698,30147.0,74784.0
3699,30155.0,74788.0
3700,30042.0,74725.0
3701,30054.0,75174.0
3702,30048.0,75171.0
3703,30055.0,75169.0
3704,30274.0,74801.0
3705,30286.0,74779.0
3706,30283.0,74734.0
3707,30280.0,74742.0
3708,30248.0,74730.0
3709,30253.0,74734.0
3710,30249.0,74739.0
3711,30244.0,74735.0
3712,30224.0,74743.0
3713,30222.0,74734.0
3714,30230.0,74726.0
3715,30225.0,74723.0
3716,30229.0,74719.0
3717,30234.0,74722.0
3718,30219.0,74741.0
3719,30211.0,74742.0
3720,30207.0,74746.0
3721,30206.0,74736.0
3722,30204.0,74751.0
3723,30199.0,74747.0
3724,30202.0,74755.0
3725,30196.0,74756.0
3726,30202.0,74743.0
3727,30205.0,74730.0
3728,30200.0,74727.0
3729,30208.0,74726.0
3730,30203.0,74723.0
3731,30186.0,74739.0
3732,30181.0,74737.0
3733,30185.0,74733.0
3734,30190.0,74735.0
3735,30160.0,74744.0
3736,30165.0,74748.0
3737,30162.0,74754.0
3738,30143.0,74747.0
3739,30121.0,74777.0
3740,30147.0,74743.0
3741,30142.0,74741.0
3742,30139.0,74744.0
3743,29763.0,74481.0
3744,30121.0,74756.0
3745,30124.0,74750.0
3746,30126.0,74760.0
3747,30133.0,74742.0
3748,30138.0,74738.0
3749,30127.0,74739.0
3750,30132.0,74735.0
3751,30138.0,74766.0
3752,30142.0,74761.0
3753,30131.0,74763.0
3754,30120.0,74769.0
3755,30124.0,74773.0
3756,30122.0,74777.0
3757,30120.0,74783.0
3758,30124.0,74788.0
3759,30126.0,74782.0
3760,30135.0,74804.0
3761,30129.0,74805.0
3762,30138.0,74803.0
3763,30132.0,74797.0
3764,30140.0,74816.0
3765,30132.0,74818.0
3766,30137.0,74823.0
3767,30135.0,74811.0
3768,30163.0,74806.0
3769,30167.0,74811.0
3770,30164.0,74819.0
3771,30220.0,74819.0
3772,30219.0,74810.0
3773,30235.0,74807.0
3774,30233.0,74794.0
3775,30259.0,74803.0
3776,30289.0,74792.0
3777,30307.0,74788.0
3778,30311.0,74782.0
3779,30309.0,74778.0
3780,30308.0,74768.0
3781,30300.0,74721.0
3782,30311.0,74722.0
3783,30299.0,74731.0
3784,30095.0,74723.0
3785,30097.0,74738.0
3786,30158.0,74731.0
3787,30154.0,74729.0
3788,30157.0,74725.0
3789,30162.0,74727.0
3790,30233.0,74715.0
3791,30224.0,74717.0
3792,30228.0,74713.0
3793,30220.0,74720.0
3794,30503.0,74185.0
3795,30870.0,74225.0
3796,30884.0,74234.0
3797,30884.0,74237.0
3798,30870.0,74248.0
3799,30522.0,74310.0
3800,30517.0,74316.0
3801,30512.0,74315.0
3802,30520.0,74306.0
3803,30733.0,73811.0
3804,30746.0,73802.0
3805,30767.0,73764.0
3806,30770.0,73752.0
3807,30773.0,73759.0
3808,30748.0,73802.0
3809,30746.0,73811.0
3810,32307.0,76563.0
3811,32395.0,76726.0
3812,32407.0,76731.0
3813,32403.0,76742.0
3814,33089.0,75464.0
3815,32430.0,76756.0
3816,32434.0,76759.0
3817,32444.0,76770.0
3818,31900.0,76920.0
3819,31877.0,76941.0
3820,32166.0,76706.0
3821,29416.0,73770.0
3822,29802.0,73873.0
3823,29803.0,73875.0
3824,29801.0,73880.0
3825,29792.0,73881.0
3826,29792.0,73878.0
3827,29786.0,73875.0
3828,29793.0,73876.0
3829,29814.0,73875.0
3830,29820.0,73892.0
3831,29819.0,73894.0
3832,29811.0,73890.0
3833,30167.0,74101.0
3834,30414.0,74142.0
3835,30402.0,74148.0
3836,30402.0,74128.0
3837,30587.0,73960.0
3838,30593.0,73941.0
3839,30589.0,73960.0
3840,30287.0,74703.0
3841,30149.0,74865.0
3842,30147.0,74850.0
3843,30145.0,74840.0
3844,30143.0,74832.0
3845,30275.0,74810.0
3846,30273.0,74802.0
3847,30340.0,75273.0
3848,30642.0,73283.0
3849,30293.0,74705.0
3850,30942.0,74930.0
3851,29962.0,75022.0
3852,29970.0,75024.0
3853,29963.0,75014.0
3854,29965.0,75014.0
3855,30276.0,74820.0
3856,30945.0,74926.0
3857,30283.0,74707.0
3858,30739.0,73118.0
3859,30311.0,74683.0
3860,30303.0,74668.0
3861,30298.0,74686.0
3862,27763.0,75269.0
3863,30238.0,74701.0
3864,30219.0,74714.0
3865,30205.0,74708.0
3866,30220.0,74694.0
3867,30142.0,74718.0
3868,30168.0,74713.0
3869,30176.0,74712.0
3870,30939.0,74870.0
3871,30098.0,74700.0
3872,30082.0,74690.0
3873,30093.0,74675.0
3874,30109.0,74685.0
3875,30117.0,74683.0
3876,30130.0,74669.0
3877,30134.0,74694.0
3878,30136.0,74681.0
3879,30128.0,74682.0
3880,30161.0,74676.0
3881,30170.0,74675.0
3882,30172.0,74661.0
3883,30177.0,74687.0
3884,30179.0,74673.0
3885,30190.0,74672.0
3886,30213.0,74654.0
3887,30231.0,74668.0
3888,30217.0,74678.0
3889,30238.0,74671.0
3890,30243.0,74679.0
3891,30241.0,74689.0
3892,30251.0,74676.0
3893,30128.0,74834.0
3894,30126.0,74825.0
3895,30125.0,74812.0
3896,30131.0,74812.0
3897,30133.0,74824.0
3898,30134.0,74833.0
3899,30142.0,74823.0
3900,30139.0,74810.0
3901,30150.0,74808.0
3902,30311.0,74691.0
3903,30152.0,74821.0
3904,30153.0,74830.0
3905,30162.0,74833.0
3906,30154.0,74834.0
3907,30162.0,74825.0
3908,30302.0,74671.0
3909,30160.0,74819.0
3910,30159.0,74813.0
3911,30159.0,74807.0
3912,30167.0,74805.0
3913,30168.0,74817.0
3914,30170.0,74828.0
3915,30178.0,74826.0
3916,30178.0,74817.0
3917,30176.0,74811.0
3918,30176.0,74805.0
3919,30184.0,74803.0
3920,30190.0,74835.0
3921,30186.0,74816.0
3922,30186.0,74819.0
3923,30187.0,74825.0
3924,30189.0,74825.0
3925,30196.0,74823.0
3926,30195.0,74817.0
3927,30194.0,74822.0
3928,30191.0,74814.0
3929,30194.0,74814.0
3930,30205.0,74822.0
3931,30208.0,74821.0
3932,30213.0,74820.0
3933,30192.0,74801.0
3934,30216.0,74820.0
3935,30191.0,74794.0
3936,30227.0,74818.0
3937,30233.0,74818.0
3938,30182.0,74796.0
3939,30177.0,74797.0
3940,30174.0,74798.0
3941,30166.0,74799.0
3942,30157.0,74801.0
3943,30149.0,74802.0
3944,30252.0,74941.0
3945,30110.0,74801.0
3946,30111.0,74808.0
3947,30180.0,74830.0
3948,30122.0,74799.0
3949,30128.0,74798.0
3950,30136.0,74796.0
3951,30147.0,74795.0
3952,30155.0,74793.0
3953,30164.0,74792.0
3954,30314.0,74809.0
3955,30173.0,74794.0
3956,30173.0,74791.0
3957,30178.0,74790.0
3958,30181.0,74789.0
3959,30182.0,74794.0
3960,31039.0,74913.0
3961,30190.0,74787.0
3962,30487.0,75154.0
3963,30249.0,74818.0
3964,30241.0,74820.0
3965,30233.0,74820.0
3966,30225.0,74822.0
3967,30217.0,74823.0
3968,30205.0,74825.0
3969,30196.0,74827.0
3970,30188.0,74828.0
3971,30171.0,74831.0
3972,30205.0,74821.0
3973,30719.0,73195.0
3974,30216.0,74819.0
3975,30224.0,74819.0
3976,30709.0,73285.0
3977,30233.0,74817.0
3978,30728.0,73358.0
3979,30241.0,74816.0
3980,30756.0,73425.0
3981,30249.0,74814.0
3982,30252.0,74815.0
3983,30258.0,74811.0
3984,30263.0,74809.0
3985,30263.0,74815.0
3986,30204.0,74818.0
3987,30203.0,74813.0
3988,30294.0,74625.0
3989,30209.0,74812.0
3990,30215.0,74811.0
3991,30216.0,74817.0
3992,30224.0,74814.0
3993,30223.0,74809.0
3994,30768.0,73421.0
3995,30758.0,73368.0
3996,30231.0,74808.0
3997,30782.0,73380.0
3998,30818.0,73440.0
3999,30239.0,74807.0
4000,30262.0,74462.0
4001,30231.0,74449.0
4002,30248.0,74805.0
4003,30206.0,74468.0
4004,30256.0,74804.0
4005,30261.0,74803.0
4006,30265.0,74802.0
4007,30273.0,74801.0
4008,30276.0,74801.0
4009,30280.0,74800.0
4010,30292.0,74811.0
4011,30290.0,74798.0
4012,30298.0,74797.0
4013,30300.0,74809.0
4014,30310.0,74808.0
4015,30303.0,74796.0
4016,30308.0,74796.0
4017,30324.0,74793.0
4018,30327.0,74805.0
4019,30322.0,74786.0
4020,30321.0,74780.0
4021,30319.0,74773.0
4022,30325.0,74768.0
4023,30312.0,74767.0
4024,30309.0,74781.0
4025,30308.0,74793.0
4026,30306.0,74783.0
4027,30304.0,74771.0
4028,30303.0,74769.0
4029,30810.0,73300.0
4030,30293.0,74770.0
4031,30294.0,74772.0
4032,30303.0,74783.0
4033,30301.0,74784.0
4034,30296.0,74784.0
4035,30297.0,74793.0
4036,30287.0,74786.0
4037,30285.0,74772.0
4038,30276.0,74773.0
4039,30838.0,73321.0
4040,30279.0,74787.0
4041,30280.0,74798.0
4042,30272.0,74798.0
4043,30881.0,73339.0
4044,30274.0,74788.0
4045,30271.0,74789.0
4046,30925.0,73300.0
4047,30875.0,73161.0
4048,30268.0,74774.0
4049,30259.0,74776.0
4050,30263.0,74790.0
4051,30254.0,74791.0
4052,30252.0,74777.0
4053,30246.0,74778.0
4054,30243.0,74778.0
4055,30245.0,74786.0
4056,30229.0,74795.0
4057,30230.0,74802.0
4058,30900.0,73193.0
4059,30225.0,74796.0
4060,29913.0,74332.0
4061,30221.0,74796.0
4062,30220.0,74790.0
4063,30225.0,74784.0
4064,30920.0,73212.0
4065,30219.0,74785.0
4066,30210.0,74784.0
4067,30211.0,74791.0
4068,30212.0,74798.0
4069,30213.0,74805.0
4070,30202.0,74807.0
4071,30201.0,74800.0
4072,30204.0,74799.0
4073,30207.0,74799.0
4074,30765.0,73320.0
4075,30205.0,74785.0
4076,30189.0,74782.0
4077,30198.0,74780.0
4078,30203.0,74780.0
4079,30203.0,74785.0
4080,30200.0,74793.0
4081,30826.0,73388.0
4082,30103.0,74792.0
4083,30121.0,74788.0
4084,30127.0,74787.0
4085,30135.0,74785.0
4086,30403.0,73555.0
4087,30485.0,73455.0
4088,30146.0,74784.0
4089,30155.0,74783.0
4090,30154.0,74780.0
4091,30156.0,74782.0
4092,30163.0,74781.0
4093,30539.0,72944.0
4094,30548.0,73448.0
4095,30171.0,74780.0
4096,30179.0,74778.0
4097,30566.0,73458.0
4098,30575.0,73564.0
4099,30284.0,74589.0
4100,30188.0,74777.0
4101,30589.0,73530.0
4102,30197.0,74776.0
4103,30548.0,72769.0
4104,30208.0,74774.0
4105,30625.0,73450.0
4106,30730.0,73455.0
4107,30216.0,74772.0
4108,30695.0,73465.0
4109,30225.0,74771.0
4110,30711.0,72471.0
4111,30233.0,74770.0
4112,30635.0,73494.0
4113,30241.0,74768.0
4114,30610.0,72739.0
4115,30690.0,73548.0
4116,30250.0,74767.0
4117,30258.0,74765.0
4118,30267.0,74764.0
4119,30275.0,74763.0
4120,30283.0,74761.0
4121,30291.0,74760.0
4122,30302.0,74758.0
4123,30310.0,74758.0
4124,30317.0,74756.0
4125,30316.0,74745.0
4126,30308.0,74746.0
4127,30300.0,74747.0
4128,30299.0,74744.0
4129,30731.0,73600.0
4130,30289.0,74749.0
4131,30281.0,74751.0
4132,30272.0,74747.0
4133,30273.0,74752.0
4134,30270.0,74753.0
4135,30265.0,74754.0
4136,30264.0,74749.0
4137,30256.0,74755.0
4138,30253.0,74756.0
4139,30248.0,74756.0
4140,30248.0,74755.0
4141,30242.0,74757.0
4142,30240.0,74758.0
4143,30231.0,74759.0
4144,30223.0,74760.0
4145,30218.0,74761.0
4146,30214.0,74762.0
4147,30214.0,74759.0
4148,30206.0,74763.0
4149,30200.0,74764.0
4150,30195.0,74765.0
4151,30195.0,74764.0
4152,30186.0,74766.0
4153,30610.0,73628.0
4154,30182.0,74767.0
4155,30178.0,74767.0
4156,30169.0,74769.0
4157,27298.0,76871.0
4158,30160.0,74767.0
4159,30161.0,74770.0
4160,30162.0,74779.0
4161,30154.0,74772.0
4162,30153.0,74772.0
4163,30150.0,74772.0
4164,30144.0,74773.0
4165,27268.0,76880.0
4166,31012.0,74947.0
4167,30134.0,74775.0
4168,30126.0,74777.0
4169,30119.0,74777.0
4170,30119.0,74772.0
4171,30117.0,74778.0
4172,30098.0,74781.0
4173,30118.0,74770.0
4174,30123.0,74769.0
4175,30132.0,74767.0
4176,30143.0,74765.0
4177,30148.0,74765.0
4178,30148.0,74762.0
4179,30158.0,74760.0
4180,30159.0,74763.0
4181,30169.0,74765.0
4182,30167.0,74761.0
4183,30172.0,74760.0
4184,30176.0,74761.0
4185,30177.0,74764.0
4186,30183.0,74759.0
4187,30184.0,74758.0
4188,30193.0,74757.0
4189,30199.0,74756.0
4190,30205.0,74755.0
4191,30206.0,74761.0
4192,30213.0,74754.0
4193,31001.0,74957.0
4194,30221.0,74753.0
4195,30222.0,74758.0
4196,30230.0,74751.0
4197,30238.0,74749.0
4198,30239.0,74755.0
4199,30240.0,74749.0
4200,30247.0,74748.0
4201,30252.0,74747.0
4202,30253.0,74751.0
4203,30254.0,74744.0
4204,30262.0,74742.0
4205,30289.0,74747.0
4206,30954.0,74934.0
4207,30312.0,74733.0
4208,30307.0,74734.0
4209,30303.0,74734.0
4210,30300.0,74731.0
4211,30305.0,74731.0
4212,30312.0,74729.0
4213,30312.0,74725.0
4214,30298.0,74732.0
4215,30951.0,74938.0
4216,30287.0,74733.0
4217,30278.0,74734.0
4218,30270.0,74736.0
4219,30267.0,74736.0
4220,30262.0,74737.0
4221,30253.0,74738.0
4222,30245.0,74740.0
4223,30237.0,74741.0
4224,30951.0,74958.0
4225,30228.0,74743.0
4226,30219.0,74744.0
4227,30216.0,74745.0
4228,30212.0,74745.0
4229,30203.0,74747.0
4230,30195.0,74748.0
4231,30192.0,74749.0
4232,30183.0,74750.0
4233,30174.0,74752.0
4234,30174.0,74753.0
4235,27425.0,77080.0
4236,30166.0,74753.0
4237,30157.0,74754.0
4238,32200.0,77120.0
4239,30149.0,74756.0
4240,30141.0,74757.0
4241,30134.0,74758.0
4242,30130.0,74759.0
4243,30122.0,74761.0
4244,30115.0,74761.0
4245,30108.0,74762.0
4246,30097.0,74755.0
4247,30096.0,74751.0
4248,30100.0,74754.0
4249,30114.0,74752.0
4250,30120.0,74751.0
4251,30129.0,74751.0
4252,30129.0,74749.0
4253,32208.0,77120.0
4254,30139.0,74748.0
4255,32200.0,77114.0
4256,32208.0,77114.0
4257,30147.0,74746.0
4258,32204.0,77111.0
4259,30156.0,74745.0
4260,30156.0,74747.0
4261,30164.0,74743.0
4262,30173.0,74742.0
4263,30181.0,74741.0
4264,30190.0,74741.0
4265,30190.0,74738.0
4266,30193.0,74738.0
4267,30201.0,74737.0
4268,30202.0,74740.0
4269,30210.0,74736.0
4270,30212.0,74735.0
4271,30218.0,74734.0
4272,30218.0,74738.0
4273,30227.0,74736.0
4274,30226.0,74733.0
4275,32065.0,77105.0
4276,30235.0,74731.0
4277,32571.0,76050.0
4278,30243.0,74730.0
4279,30252.0,74729.0
4280,30260.0,74728.0
4281,30260.0,74726.0
4282,30262.0,74727.0
4283,30268.0,74723.0
4284,30268.0,74726.0
4285,30277.0,74725.0
4286,30321.0,74904.0
4287,30285.0,74724.0
4288,30327.0,74952.0
4289,30296.0,74722.0
4290,30393.0,74900.0
4291,30304.0,74721.0
4292,30311.0,74719.0
4293,30315.0,74710.0
4294,30303.0,74714.0
4295,30295.0,74715.0
4296,30289.0,74716.0
4297,30284.0,74717.0
4298,30276.0,74718.0
4299,30267.0,74720.0
4300,30263.0,74721.0
4301,30259.0,74721.0
4302,30251.0,74722.0
4303,30242.0,74724.0
4304,30234.0,74725.0
4305,30225.0,74727.0
4306,30217.0,74728.0
4307,30209.0,74729.0
4308,30201.0,74731.0
4309,30190.0,74732.0
4310,30180.0,74734.0
4311,30172.0,74736.0
4312,30167.0,74736.0
4313,30164.0,74736.0
4314,30163.0,74734.0
4315,30156.0,74738.0
4316,30147.0,74740.0
4317,30138.0,74741.0
4318,30128.0,74743.0
4319,30119.0,74744.0
4320,30114.0,74748.0
4321,30113.0,74745.0
4322,30099.0,74747.0
4323,30096.0,74748.0
4324,30088.0,74742.0
4325,30106.0,74733.0
4326,30117.0,74732.0
4327,30125.0,74730.0
4328,30136.0,74728.0
4329,30144.0,74727.0
4330,30153.0,74725.0
4331,30246.0,74792.0
4332,30334.0,74994.0
4333,30337.0,75014.0
4334,30345.0,75057.0
4335,30238.0,74800.0
4336,30238.0,74793.0
4337,31523.0,76180.0
4338,30235.0,74780.0
4339,30228.0,74783.0
4340,30228.0,74789.0
4341,30161.0,74724.0
4342,30170.0,74723.0
4343,30178.0,74721.0
4344,30187.0,74720.0
4345,30199.0,74718.0
4346,30207.0,74716.0
4347,30215.0,74715.0
4348,30224.0,74714.0
4349,30232.0,74712.0
4350,30240.0,74711.0
4351,30249.0,74710.0
4352,30257.0,74709.0
4353,30265.0,74707.0
4354,30274.0,74706.0
4355,30282.0,74705.0
4356,30293.0,74702.0
4357,30301.0,74701.0
4358,30312.0,74700.0
4359,30315.0,74705.0
4360,30293.0,74709.0
4361,30283.0,74710.0
4362,30275.0,74711.0
4363,30266.0,74713.0
4364,30258.0,74714.0
4365,30249.0,74716.0
4366,30241.0,74717.0
4367,30233.0,74718.0
4368,30224.0,74720.0
4369,30216.0,74721.0
4370,30208.0,74723.0
4371,30199.0,74724.0
4372,30188.0,74725.0
4373,30179.0,74727.0
4374,30170.0,74729.0
4375,30171.0,74732.0
4376,30167.0,74729.0
4377,30162.0,74730.0
4378,30154.0,74732.0
4379,30145.0,74733.0
4380,30137.0,74734.0
4381,30126.0,74736.0
4382,30118.0,74737.0
4383,30112.0,74739.0
4384,30310.0,74440.0
4385,30094.0,74741.0
4386,30210.0,74738.0
4387,30059.0,74576.0
4388,30063.0,74577.0
4389,30070.0,74609.0
4390,30043.0,74615.0
4391,30092.0,74584.0
4392,30095.0,74606.0
4393,30101.0,74639.0
4394,30103.0,74648.0
4395,30106.0,74664.0
4396,30107.0,74673.0
4397,30112.0,74697.0
4398,30114.0,74712.0
4399,30087.0,74717.0
4400,30085.0,74702.0
4401,30071.0,74704.0
4402,30015.0,74688.0
4403,30080.0,74677.0
4404,30079.0,74669.0
4405,30014.0,74680.0
4406,30076.0,74651.0
4407,30008.0,74665.0
4408,30005.0,74655.0
4409,30075.0,74644.0
4410,30122.0,74711.0
4411,30120.0,74696.0
4412,30115.0,74671.0
4413,30114.0,74663.0
4414,30112.0,74646.0
4415,30110.0,74637.0
4416,30105.0,74604.0
4417,30102.0,74588.0
4418,30092.0,74470.0
4419,30106.0,74550.0
4420,30111.0,74588.0
4421,30115.0,74602.0
4422,30120.0,74636.0
4423,30122.0,74645.0
4424,30124.0,74661.0
4425,30126.0,74670.0
4426,30130.0,74694.0
4427,30133.0,74709.0
4428,30141.0,74708.0
4429,30139.0,74693.0
4430,30134.0,74668.0
4431,30133.0,74660.0
4432,30130.0,74643.0
4433,30128.0,74634.0
4434,30123.0,74601.0
4435,30121.0,74590.0
4436,30115.0,74549.0
4437,30113.0,74523.0
4438,30140.0,74536.0
4439,30139.0,74545.0
4440,30150.0,74599.0
4441,30154.0,74630.0
4442,30155.0,74639.0
4443,30158.0,74655.0
4444,30159.0,74663.0
4445,30162.0,74689.0
4446,30166.0,74704.0
4447,30175.0,74703.0
4448,30172.0,74687.0
4449,30167.0,74662.0
4450,30166.0,74654.0
4451,30164.0,74637.0
4452,30162.0,74629.0
4453,30157.0,74599.0
4454,30157.0,74595.0
4455,30147.0,74543.0
4456,30152.0,74543.0
4457,30143.0,74462.0
4458,30150.0,74498.0
4459,30156.0,74541.0
4460,30158.0,74545.0
4461,30168.0,74540.0
4462,30177.0,74592.0
4463,30165.0,74594.0
4464,30167.0,74602.0
4465,30171.0,74627.0
4466,30182.0,74625.0
4467,30184.0,74634.0
4468,30173.0,74636.0
4469,30175.0,74652.0
4470,30186.0,74650.0
4471,30188.0,74658.0
4472,30177.0,74660.0
4473,30181.0,74686.0
4474,30193.0,74685.0
4475,30195.0,74699.0
4476,30184.0,74701.0
4477,30203.0,74698.0
4478,30237.0,74691.0
4479,30201.0,74683.0
4480,30234.0,74673.0
4481,30196.0,74657.0
4482,30230.0,74652.0
4483,30195.0,74649.0
4484,30229.0,74643.0
4485,30192.0,74632.0
4486,30226.0,74626.0
4487,30191.0,74624.0
4488,30224.0,74618.0
4489,30185.0,74590.0
4490,30218.0,74585.0
4491,30177.0,74538.0
4492,30180.0,74456.0
4493,30188.0,74499.0
4494,30193.0,74536.0
4495,30205.0,74452.0
4496,30210.0,74490.0
4497,30218.0,74532.0
4498,30227.0,74583.0
4499,30233.0,74617.0
4500,30234.0,74625.0
4501,30237.0,74642.0
4502,30242.0,74670.0
4503,30244.0,74688.0
4504,30253.0,74685.0
4505,30250.0,74667.0
4506,30246.0,74649.0
4507,30245.0,74640.0
4508,30243.0,74623.0
4509,30241.0,74615.0
4510,30235.0,74582.0
4511,30227.0,74530.0
4512,30231.0,74529.0
4513,30235.0,74529.0
4514,30244.0,74580.0
4515,30249.0,74614.0
4516,30251.0,74622.0
4517,30253.0,74638.0
4518,30255.0,74647.0
4519,30258.0,74664.0
4520,30260.0,74684.0
4521,30287.0,74673.0
4522,30280.0,74658.0
4523,30285.0,74657.0
4524,30275.0,74644.0
4525,30282.0,74642.0
4526,30271.0,74636.0
4527,30281.0,74634.0
4528,30267.0,74619.0
4529,30278.0,74617.0
4530,30264.0,74611.0
4531,30276.0,74609.0
4532,30254.0,74579.0
4533,30258.0,74442.0
4534,30265.0,74476.0
4535,30271.0,74522.0
4536,30279.0,74575.0
4537,30285.0,74609.0
4538,30287.0,74616.0
4539,30289.0,74633.0
4540,30291.0,74641.0
4541,30293.0,74656.0
4542,30296.0,74670.0
4543,30311.0,74666.0
4544,30305.0,74656.0
4545,30305.0,74648.0
4546,30301.0,74631.0
4547,30298.0,74613.0
4548,30297.0,74606.0
4549,30317.0,74568.0
4550,30335.0,74511.0
4551,30093.0,74803.0
4552,30037.0,74572.0
4553,29958.0,74552.0
4554,29921.0,74543.0
4555,29872.0,74442.0
4556,29850.0,74390.0
4557,29810.0,74390.0
4558,29780.0,74372.0
4559,29740.0,74255.0
4560,29761.0,74382.0
4561,29724.0,74411.0
4562,30481.0,75121.0
4563,29788.0,74454.0
4564,29776.0,74504.0
4565,29757.0,74545.0
4566,29921.0,74572.0
4567,29762.0,74594.0
4568,29761.0,74599.0
4569,29765.0,74595.0
4570,29783.0,74569.0
4571,29803.0,74530.0
4572,29811.0,74537.0
4573,29842.0,74503.0
4574,29876.0,74572.0
4575,29864.0,74584.0
4576,29836.0,74616.0
4577,29816.0,74625.0
4578,29797.0,74624.0
4579,29773.0,74630.0
4580,29816.0,74666.0
4581,29810.0,74705.0
4582,29800.0,74732.0
4583,29819.0,74712.0
4584,29844.0,74680.0
4585,29859.0,74665.0
4586,29873.0,74650.0
4587,29887.0,74592.0
4588,29889.0,74597.0
4589,29902.0,74619.0
4590,29922.0,74658.0
4591,29903.0,74677.0
4592,29889.0,74692.0
4593,29876.0,74706.0
4594,29832.0,74726.0
4595,29860.0,74753.0
4596,29891.0,74720.0
4597,29904.0,74705.0
4598,29917.0,74690.0
4599,29943.0,74700.0
4600,29923.0,74723.0
4601,29910.0,74738.0
4602,29923.0,74750.0
4603,29937.0,74736.0
4604,29937.0,74707.0
4605,29939.0,74710.0
4606,29953.0,74710.0
4607,29957.0,74713.0
4608,30014.0,74699.0
4609,30013.0,74743.0
4610,30007.0,74766.0
4611,29988.0,74765.0
4612,29968.0,74750.0
4613,29947.0,74725.0
4614,30010.0,74780.0
4615,29999.0,74770.0
4616,29986.0,74771.0
4617,29966.0,74770.0
4618,29956.0,74769.0
4619,29956.0,74788.0
4620,29958.0,74804.0
4621,29960.0,74815.0
4622,29961.0,74825.0
4623,29963.0,74830.0
4624,29955.0,74827.0
4625,29953.0,74816.0
4626,29952.0,74805.0
4627,29949.0,74789.0
4628,29945.0,74767.0
4629,29940.0,74765.0
4630,29925.0,74762.0
4631,29914.0,74762.0
4632,29891.0,74758.0
4633,29865.0,74757.0
4634,29858.0,74756.0
4635,29848.0,74755.0
4636,29804.0,74745.0
4637,29791.0,74743.0
4638,29757.0,74726.0
4639,29759.0,74747.0
4640,29746.0,74793.0
4641,29750.0,74822.0
4642,29772.0,74818.0
4643,29767.0,74790.0
4644,29809.0,74783.0
4645,29814.0,74812.0
4646,29867.0,74802.0
4647,29862.0,74775.0
4648,29893.0,74769.0
4649,29898.0,74798.0
4650,29924.0,74794.0
4651,29930.0,74793.0
4652,29927.0,74810.0
4653,29900.0,74814.0
4654,29869.0,74820.0
4655,29816.0,74828.0
4656,29774.0,74834.0
4657,29753.0,74838.0
4658,29753.0,74850.0
4659,29776.0,74845.0
4660,29818.0,74839.0
4661,29871.0,74830.0
4662,29902.0,74825.0
4663,29930.0,74820.0
4664,29931.0,74830.0
4665,29904.0,74835.0
4666,29873.0,74840.0
4667,29819.0,74849.0
4668,29778.0,74855.0
4669,29756.0,74859.0
4670,29760.0,74892.0
4671,29782.0,74887.0
4672,29825.0,74881.0
4673,29638.0,74981.0
4674,29682.0,74921.0
4675,29695.0,74936.0
4676,29766.0,74912.0
4677,29769.0,74921.0
4678,29788.0,74915.0
4679,29787.0,74908.0
4680,29797.0,74908.0
4681,29806.0,74910.0
4682,29807.0,74901.0
4683,29824.0,74912.0
4684,29825.0,74895.0
4685,29857.0,74883.0
4686,29872.0,74875.0
4687,29873.0,74885.0
4688,29867.0,74918.0
4689,29907.0,74929.0
4690,29913.0,74925.0
4691,29916.0,74891.0
4692,29916.0,74883.0
4693,29899.0,74865.0
4694,29919.0,74856.0
4695,29936.0,74858.0
4696,29949.0,74857.0
4697,29967.0,74786.0
4698,29971.0,74802.0
4699,29972.0,74813.0
4700,29973.0,74824.0
4701,29972.0,74831.0
4702,29969.0,74847.0
4703,29968.0,74856.0
4704,29966.0,74883.0
4705,29964.0,74888.0
4706,29953.0,74893.0
4707,29951.0,74895.0
4708,29946.0,74885.0
4709,29945.0,74893.0
4710,29944.0,74899.0
4711,29941.0,74931.0
4712,29985.0,74937.0
4713,29987.0,74910.0
4714,29988.0,74898.0
4715,29989.0,74891.0
4716,29993.0,74860.0
4717,29993.0,74851.0
4718,29995.0,74834.0
4719,29995.0,74820.0
4720,29993.0,74809.0
4721,29991.0,74798.0
4722,29988.0,74782.0
4723,30009.0,74780.0
4724,30012.0,74797.0
4725,30014.0,74806.0
4726,30016.0,74817.0
4727,30020.0,74836.0
4728,30004.0,74853.0
4729,30022.0,74842.0
4730,30027.0,74837.0
4731,30013.0,74901.0
4732,30028.0,74895.0
4733,30034.0,74944.0
4734,30047.0,74887.0
4735,30049.0,74868.0
4736,30050.0,74860.0
4737,30054.0,74841.0
4738,30052.0,74821.0
4739,30051.0,74811.0
4740,30050.0,74800.0
4741,30047.0,74790.0
4742,30045.0,74774.0
4743,30044.0,74767.0
4744,30049.0,74773.0
4745,30058.0,74789.0
4746,30060.0,74798.0
4747,30061.0,74809.0
4748,30063.0,74823.0
4749,30061.0,74841.0
4750,30059.0,74861.0
4751,30059.0,74870.0
4752,30055.0,74884.0
4753,30065.0,74866.0
4754,30091.0,74793.0
4755,30073.0,74864.0
4756,30066.0,74861.0
4757,30069.0,74843.0
4758,30073.0,74844.0
4759,30095.0,74811.0
4760,30075.0,74814.0
4761,30074.0,74807.0
4762,30073.0,74797.0
4763,30070.0,74787.0
4764,30024.0,74727.0
4765,30100.0,74873.0
4766,29979.0,75021.0
4767,29950.0,75016.0
4768,29923.0,75017.0
4769,29934.0,74962.0
4770,29878.0,74989.0
4771,29871.0,74974.0
4772,29863.0,74958.0
4773,29818.0,74953.0
4774,29813.0,74984.0
4775,29798.0,74991.0
4776,29799.0,74950.0
4777,29764.0,74946.0
4778,29753.0,75013.0
4779,29716.0,75035.0
4780,29735.0,75046.0
4781,29785.0,75075.0
4782,29806.0,75061.0
4783,29808.0,75017.0
4784,29842.0,74994.0
4785,29827.0,75059.0
4786,29825.0,75079.0
4787,29819.0,75097.0
4788,29842.0,75110.0
4789,29855.0,75117.0
4790,29865.0,75057.0
4791,29872.0,75030.0
4792,29897.0,75047.0
4793,29903.0,75045.0
4794,29919.0,75030.0
4795,29912.0,75066.0
4796,29910.0,75076.0
4797,29909.0,75083.0
4798,29902.0,75114.0
4799,29866.0,75124.0
4800,29896.0,75141.0
4801,29932.0,75164.0
4802,29899.0,75130.0
4803,29924.0,75124.0
4804,29982.0,75096.0
4805,30024.0,74950.0
4806,30029.0,75090.0
4807,30016.0,75166.0
4808,29948.0,75173.0
4809,30137.0,74848.0
4810,30118.0,74867.0
4811,30119.0,74870.0
4812,30265.0,75301.0
4813,30105.0,74891.0
4814,30089.0,74902.0
4815,30082.0,74920.0
4816,30076.0,74934.0
4817,30051.0,74946.0
4818,30056.0,74946.0
4819,30060.0,74946.0
4820,30064.0,74950.0
4821,30068.0,74945.0
4822,30066.0,74986.0
4823,30068.0,74995.0
4824,30093.0,74990.0
4825,30102.0,74989.0
4826,30094.0,74939.0
4827,30092.0,74930.0
4828,30117.0,74935.0
4829,30116.0,74926.0
4830,30112.0,74890.0
4831,30119.0,74889.0
4832,30119.0,74890.0
4833,30125.0,74925.0
4834,30127.0,74938.0
4835,30127.0,74924.0
4836,30142.0,74922.0
4837,30136.0,74890.0
4838,30131.0,74869.0
4839,30141.0,74867.0
4840,30144.0,74890.0
4841,30147.0,74921.0
4842,30156.0,74844.0
4843,30158.0,74864.0
4844,30164.0,74889.0
4845,30169.0,74918.0
4846,30170.0,74927.0
4847,30154.0,74941.0
4848,30159.0,74974.0
4849,30151.0,74981.0
4850,30160.0,74979.0
4851,30188.0,74977.0
4852,30174.0,74944.0
4853,30178.0,74925.0
4854,30177.0,74916.0
4855,30172.0,74889.0
4856,30168.0,74863.0
4857,30164.0,74843.0
4858,30190.0,74838.0
4859,30193.0,74858.0
4860,30198.0,74887.0
4861,30200.0,74902.0
4862,30204.0,74921.0
4863,30212.0,74971.0
4864,30220.0,74969.0
4865,30212.0,74918.0
4866,30207.0,74894.0
4867,30208.0,74890.0
4868,30202.0,74857.0
4869,30198.0,74838.0
4870,30207.0,74836.0
4871,30210.0,74856.0
4872,30215.0,74885.0
4873,30213.0,74890.0
4874,30216.0,74891.0
4875,30219.0,74909.0
4876,30220.0,74917.0
4877,30229.0,74967.0
4878,30219.0,74834.0
4879,30222.0,74855.0
4880,30224.0,74865.0
4881,30230.0,74905.0
4882,30232.0,74915.0
4883,30241.0,74966.0
4884,30249.0,74964.0
4885,30265.0,74962.0
4886,30279.0,74959.0
4887,30271.0,74911.0
4888,30256.0,74912.0
4889,30241.0,74914.0
4890,30239.0,74903.0
4891,30255.0,74897.0
4892,30267.0,74893.0
4893,30261.0,74849.0
4894,30254.0,74851.0
4895,30246.0,74851.0
4896,30233.0,74851.0
4897,30227.0,74832.0
4898,30245.0,74829.0
4899,30256.0,74828.0
4900,30268.0,74826.0
4901,30272.0,74849.0
4902,30278.0,74890.0
4903,30281.0,74910.0
4904,30288.0,74958.0
4905,30296.0,74956.0
4906,30289.0,74909.0
4907,30286.0,74887.0
4908,30280.0,74847.0
4909,30277.0,74824.0
4910,30285.0,74823.0
4911,30290.0,74847.0
4912,30292.0,74884.0
4913,30297.0,74909.0
4914,30300.0,74925.0
4915,30305.0,74955.0
4916,30334.0,74951.0
4917,30331.0,74933.0
4918,30311.0,74907.0
4919,30326.0,74904.0
4920,30325.0,74893.0
4921,30320.0,74867.0
4922,30316.0,74843.0
4923,30314.0,74828.0
4924,30302.0,74821.0
4925,30294.0,74822.0
4926,30329.0,74817.0
4927,30339.0,74840.0
4928,30330.0,74841.0
4929,30334.0,74858.0
4930,30344.0,74856.0
4931,30354.0,74869.0
4932,30338.0,74873.0
4933,30344.0,74900.0
4934,30355.0,74943.0
4935,30359.0,74935.0
4936,30353.0,74900.0
4937,30398.0,74920.0
4938,30403.0,74906.0
4939,30410.0,74922.0
4940,30402.0,74920.0
4941,30430.0,74950.0
4942,30466.0,74954.0
4943,30455.0,74972.0
4944,30445.0,74986.0
4945,30436.0,74999.0
4946,30418.0,75024.0
4947,30397.0,74995.0
4948,30380.0,74973.0
4949,30375.0,74966.0
4950,30374.0,74998.0
4951,30362.0,74987.0
4952,30363.0,75010.0
4953,30366.0,75019.0
4954,30404.0,75044.0
4955,30372.0,75051.0
4956,30405.0,74922.0
4957,30351.0,75055.0
4958,30345.0,75013.0
4959,30341.0,74993.0
4960,30312.0,74996.0
4961,30314.0,75019.0
4962,30325.0,75062.0
4963,30313.0,75061.0
4964,30303.0,75021.0
4965,30303.0,75009.0
4966,30302.0,74998.0
4967,30294.0,75000.0
4968,30300.0,75021.0
4969,30287.0,75023.0
4970,30282.0,75067.0
4971,30280.0,75056.0
4972,30274.0,75025.0
4973,30272.0,75003.0
4974,30286.0,75000.0
4975,30275.0,75068.0
4976,30266.0,75069.0
4977,30258.0,75029.0
4978,30255.0,75006.0
4979,30248.0,75007.0
4980,30250.0,75030.0
4981,30258.0,75070.0
4982,30246.0,75072.0
4983,30239.0,75084.0
4984,30238.0,75074.0
4985,30229.0,75031.0
4986,30228.0,75012.0
4987,30218.0,75012.0
4988,30220.0,75034.0
4989,30229.0,75076.0
4990,30230.0,75079.0
4991,30239.0,75031.0
4992,30223.0,75084.0
4993,30211.0,75078.0
4994,30201.0,75081.0
4995,30191.0,75082.0
4996,30195.0,75077.0
4997,30202.0,75070.0
4998,30198.0,75039.0
4999,30194.0,75016.0
5000,30190.0,74995.0
5001,30167.0,75021.0
5002,30170.0,75043.0
5003,30174.0,75063.0
5004,30178.0,75084.0
5005,30128.0,75092.0
5006,30119.0,75094.0
5007,30111.0,75052.0
5008,30148.0,75047.0
5009,30121.0,75030.0
5010,30136.0,75025.0
5011,30129.0,75002.0
5012,30118.0,75013.0
5013,30103.0,75001.0
5014,30106.0,75017.0
5015,30110.0,75021.0
5016,30107.0,75023.0
5017,30109.0,75030.0
5018,30099.0,75032.0
5019,30073.0,75036.0
5020,30077.0,75058.0
5021,30075.0,75060.0
5022,30045.0,75079.0
5023,30048.0,75076.0
5024,30066.0,75082.0
5025,30072.0,75084.0
5026,30079.0,75064.0
5027,30085.0,75100.0
5028,30071.0,75101.0
5029,30055.0,75113.0
5030,30075.0,75117.0
5031,30070.0,75159.0
5032,30128.0,75148.0
5033,30170.0,75140.0
5034,30186.0,75137.0
5035,30230.0,75130.0
5036,30226.0,75108.0
5037,30225.0,75094.0
5038,30251.0,75099.0
5039,30263.0,75098.0
5040,30271.0,75107.0
5041,30267.0,75112.0
5042,30253.0,75114.0
5043,30255.0,75126.0
5044,30280.0,75123.0
5045,30282.0,75119.0
5046,30285.0,75109.0
5047,30307.0,75120.0
5048,30303.0,75130.0
5049,30326.0,75141.0
5050,30323.0,75126.0
5051,30322.0,75114.0
5052,30334.0,75114.0
5053,30336.0,75135.0
5054,30337.0,75146.0
5055,30364.0,75149.0
5056,30360.0,75107.0
5057,30355.0,75075.0
5058,30370.0,75106.0
5059,30381.0,75104.0
5060,30376.0,75073.0
5061,30385.0,75147.0
5062,30401.0,75145.0
5063,30402.0,75100.0
5064,30453.0,75082.0
5065,30455.0,75091.0
5066,30460.0,75124.0
5067,30504.0,75120.0
5068,30466.0,75089.0
5069,30458.0,75051.0
5070,30483.0,75065.0
5071,30519.0,75092.0
5072,30540.0,75060.0
5073,30503.0,75035.0
5074,30476.0,75016.0
5075,30479.0,74980.0
5076,30495.0,74990.0
5077,30521.0,75008.0
5078,30558.0,75034.0
5079,30489.0,74970.0
5080,30529.0,74997.0
5081,30566.0,75021.0
5082,30591.0,75039.0
5083,30583.0,75051.0
5084,30565.0,75077.0
5085,30543.0,75112.0
5086,30539.0,75143.0
5087,30555.0,75155.0
5088,30541.0,75154.0
5089,30508.0,75154.0
5090,30466.0,75156.0
5091,30412.0,75166.0
5092,30392.0,75167.0
5093,30368.0,75161.0
5094,30341.0,75165.0
5095,30330.0,75167.0
5096,30322.0,75169.0
5097,30309.0,75171.0
5098,30308.0,75160.0
5099,30279.0,75144.0
5100,30278.0,75133.0
5101,30257.0,75136.0
5102,30276.0,75142.0
5103,30235.0,75161.0
5104,30284.0,75175.0
5105,30264.0,75178.0
5106,30239.0,75183.0
5107,30193.0,75190.0
5108,30181.0,75183.0
5109,30152.0,75170.0
5110,30130.0,75157.0
5111,30134.0,75197.0
5112,30110.0,75181.0
5113,30100.0,75195.0
5114,30119.0,75216.0
5115,30089.0,75250.0
5116,30068.0,75232.0
5117,30059.0,75221.0
5118,30038.0,75176.0
5119,30035.0,75173.0
5120,30025.0,75182.0
5121,30021.0,75177.0
5122,29997.0,75188.0
5123,29998.0,75203.0
5124,29979.0,75218.0
5125,29955.0,75220.0
5126,29949.0,75251.0
5127,29930.0,75284.0
5128,29911.0,75269.0
5129,29865.0,75304.0
5130,29898.0,75329.0
5131,29888.0,75343.0
5132,29851.0,75320.0
5133,29821.0,75356.0
5134,29793.0,75383.0
5135,29818.0,75503.0
5136,29815.0,75479.0
5137,29837.0,75428.0
5138,29868.0,75408.0
5139,29858.0,75446.0
5140,29915.0,75360.0
5141,29925.0,75347.0
5142,29956.0,75300.0
5143,29965.0,75278.0
5144,30051.0,75249.0
5145,30047.0,75255.0
5146,29989.0,75293.0
5147,29976.0,75312.0
5148,29955.0,75358.0
5149,29944.0,75379.0
5150,29911.0,75431.0
5151,29842.0,75485.0
5152,29796.0,75556.0
5153,29788.0,75602.0
5154,29779.0,75615.0
5155,29847.0,75710.0
5156,29883.0,75757.0
5157,28987.0,75540.0
5158,29070.0,75586.0
5159,29901.0,75682.0
5160,29936.0,75716.0
5161,29948.0,75706.0
5162,29952.0,75653.0
5163,29966.0,75647.0
5164,29925.0,75620.0
5165,29975.0,75566.0
5166,30001.0,75602.0
5167,30035.0,75643.0
5168,30065.0,75619.0
5169,30026.0,75575.0
5170,30050.0,75538.0
5171,30023.0,75503.0
5172,30015.0,75493.0
5173,30000.0,75475.0
5174,30038.0,75365.0
5175,30019.0,75353.0
5176,30022.0,75344.0
5177,30061.0,75339.0
5178,30072.0,75341.0
5179,30072.0,75326.0
5180,30066.0,75317.0
5181,30080.0,75318.0
5182,30094.0,75301.0
5183,30104.0,75291.0
5184,30120.0,75288.0
5185,30118.0,75276.0
5186,30139.0,75252.0
5187,30149.0,75241.0
5188,30166.0,75219.0
5189,30236.0,75216.0
5190,30217.0,75258.0
5191,30207.0,75268.0
5192,30217.0,75276.0
5193,30181.0,75311.0
5194,30170.0,75295.0
5195,30141.0,75316.0
5196,30154.0,75332.0
5197,30143.0,75340.0
5198,30130.0,75325.0
5199,30119.0,75333.0
5200,30131.0,75350.0
5201,30119.0,75359.0
5202,30106.0,75342.0
5203,30090.0,75355.0
5204,30073.0,75368.0
5205,30088.0,75387.0
5206,30062.0,75406.0
5207,30060.0,75379.0
5208,30051.0,75379.0
5209,30051.0,75385.0
5210,30044.0,75422.0
5211,30047.0,75433.0
5212,30038.0,75470.0
5213,30040.0,75489.0
5214,30055.0,75530.0
5215,30060.0,75535.0
5216,30072.0,75525.0
5217,30065.0,75517.0
5218,30095.0,75447.0
5219,30124.0,75483.0
5220,30149.0,75463.0
5221,30109.0,75412.0
5222,30132.0,75375.0
5223,30141.0,75361.0
5224,30156.0,75383.0
5225,30180.0,75440.0
5226,30194.0,75427.0
5227,30227.0,75401.0
5228,30228.0,75365.0
5229,30150.0,75352.0
5230,30163.0,75343.0
5231,30186.0,75325.0
5232,30192.0,75321.0
5233,30172.0,75367.0
5234,30222.0,75276.0
5235,30224.0,75272.0
5236,30250.0,75225.0
5237,30254.0,75321.0
5238,30242.0,75363.0
5239,30248.0,75387.0
5240,30272.0,75383.0
5241,30410.0,74927.0
5242,30269.0,75433.0
5243,30415.0,74920.0
5244,30299.0,75449.0
5245,30276.0,75469.0
5246,30249.0,75483.0
5247,30231.0,75476.0
5248,30207.0,75445.0
5249,30158.0,75474.0
5250,30231.0,75494.0
5251,30216.0,75505.0
5252,30190.0,75525.0
5253,30176.0,75497.0
5254,30133.0,75499.0
5255,30145.0,75521.0
5256,30161.0,75547.0
5257,30116.0,75581.0
5258,30104.0,75591.0
5259,30067.0,75617.0
5260,30110.0,75669.0
5261,30131.0,75699.0
5262,30160.0,75680.0
5263,30140.0,75651.0
5264,30420.0,74921.0
5265,30120.0,75617.0
5266,30134.0,75601.0
5267,30150.0,75624.0
5268,30181.0,75665.0
5269,30216.0,75633.0
5270,30490.0,75174.0
5271,30215.0,75610.0
5272,30197.0,75590.0
5273,30215.0,75576.0
5274,30224.0,75570.0
5275,30209.0,75550.0
5276,30244.0,75562.0
5277,30237.0,75589.0
5278,30250.0,75610.0
5279,30291.0,75581.0
5280,30273.0,75527.0
5281,30278.0,75518.0
5282,30249.0,75493.0
5283,30275.0,75494.0
5284,30230.0,75441.0
5285,30327.0,75552.0
5286,30341.0,75540.0
5287,30330.0,75515.0
5288,30322.0,75509.0
5289,30316.0,75485.0
5290,30310.0,75442.0
5291,30303.0,75399.0
5292,30299.0,75385.0
5293,30294.0,75347.0
5294,30291.0,75328.0
5295,30267.0,75346.0
5296,30289.0,75318.0
5297,30293.0,75320.0
5298,30291.0,75304.0
5299,30275.0,75285.0
5300,30282.0,75284.0
5301,30287.0,75283.0
5302,30280.0,75273.0
5303,30274.0,75238.0
5304,30286.0,75245.0
5305,30286.0,75229.0
5306,30274.0,75231.0
5307,30272.0,75221.0
5308,30286.0,75219.0
5309,30315.0,75204.0
5310,30318.0,75224.0
5311,30324.0,75265.0
5312,30328.0,75276.0
5313,30331.0,75297.0
5314,30333.0,75306.0
5315,30339.0,75338.0
5316,30330.0,75340.0
5317,30325.0,75350.0
5318,30340.0,75366.0
5319,30344.0,75371.0
5320,30328.0,75375.0
5321,30333.0,75402.0
5322,30329.0,75438.0
5323,30337.0,75481.0
5324,30378.0,75515.0
5325,30397.0,75496.0
5326,30393.0,75472.0
5327,30387.0,75428.0
5328,30362.0,75402.0
5329,30381.0,75400.0
5330,30356.0,75368.0
5331,30355.0,75362.0
5332,30375.0,75365.0
5333,30373.0,75354.0
5334,30370.0,75333.0
5335,30360.0,75279.0
5336,30342.0,75275.0
5337,30359.0,75271.0
5338,30356.0,75250.0
5339,30350.0,75218.0
5340,30346.0,75197.0
5341,30332.0,75175.0
5342,30344.0,75184.0
5343,30354.0,75196.0
5344,30368.0,75194.0
5345,30374.0,75193.0
5346,30371.0,75215.0
5347,30378.0,75213.0
5348,30379.0,75225.0
5349,30392.0,75244.0
5350,30400.0,75262.0
5351,30399.0,75266.0
5352,30400.0,75265.0
5353,30407.0,75262.0
5354,30410.0,75272.0
5355,30420.0,75298.0
5356,30411.0,75295.0
5357,30402.0,75294.0
5358,30410.0,75327.0
5359,30408.0,75340.0
5360,30411.0,75358.0
5361,30409.0,75393.0
5362,30412.0,75424.0
5363,30418.0,75466.0
5364,30420.0,75479.0
5365,30434.0,75421.0
5366,30429.0,75391.0
5367,30458.0,75350.0
5368,30441.0,75324.0
5369,30437.0,75322.0
5370,30445.0,75296.0
5371,30440.0,75257.0
5372,30462.0,75253.0
5373,30481.0,75250.0
5374,30527.0,75243.0
5375,30552.0,75240.0
5376,30546.0,75185.0
5377,30514.0,75191.0
5378,30471.0,75199.0
5379,30476.0,75225.0
5380,30435.0,75205.0
5381,30398.0,75211.0
5382,30395.0,75188.0
5383,30421.0,75185.0
5384,30468.0,75177.0
5385,30511.0,75169.0
5386,30543.0,75164.0
5387,30563.0,75162.0
5388,30580.0,75155.0
5389,30599.0,75160.0
5390,30592.0,75181.0
5391,30610.0,75216.0
5392,30642.0,75191.0
5393,30646.0,75182.0
5394,30651.0,75165.0
5395,30655.0,75144.0
5396,30666.0,75110.0
5397,30662.0,75086.0
5398,30678.0,75095.0
5399,30690.0,75105.0
5400,30683.0,75120.0
5401,30665.0,75152.0
5402,30663.0,75167.0
5403,30659.0,75192.0
5404,30623.0,75229.0
5405,30802.0,75683.0
5406,30659.0,75275.0
5407,30693.0,75205.0
5408,30703.0,75208.0
5409,30696.0,75193.0
5410,30682.0,75170.0
5411,30532.0,75260.0
5412,30710.0,75142.0
5413,30741.0,75186.0
5414,30770.0,75209.0
5415,30753.0,75231.0
5416,30732.0,75268.0
5417,30735.0,75303.0
5418,30236.0,75009.0
5419,30661.0,75290.0
5420,30672.0,75308.0
5421,30684.0,75340.0
5422,30688.0,75349.0
5423,30734.0,75316.0
5424,30748.0,75305.0
5425,30783.0,75255.0
5426,30803.0,75231.0
5427,30818.0,75240.0
5428,30805.0,75245.0
5429,30793.0,75262.0
5430,30760.0,75311.0
5431,30732.0,75331.0
5432,30696.0,75357.0
5433,30598.0,75100.0
5434,30556.0,75129.0
5435,30683.0,75352.0
5436,30670.0,75349.0
5437,30640.0,75339.0
5438,30632.0,75336.0
5439,30614.0,75328.0
5440,30422.0,74943.0
5441,30619.0,75270.0
5442,30729.0,75808.0
5443,30614.0,75310.0
5444,30751.0,75790.0
5445,30582.0,75283.0
5446,30568.0,75263.0
5447,30560.0,75281.0
5448,30564.0,75294.0
5449,30591.0,75314.0
5450,30611.0,75314.0
5451,30644.0,75367.0
5452,30656.0,75385.0
5453,30629.0,75405.0
5454,30619.0,75388.0
5455,30600.0,75365.0
5456,30588.0,75347.0
5457,30573.0,75325.0
5458,30550.0,75298.0
5459,30504.0,75313.0
5460,30522.0,75319.0
5461,30500.0,75341.0
5462,30483.0,75383.0
5463,30517.0,75412.0
5464,30542.0,75434.0
5465,30537.0,75472.0
5466,30560.0,75455.0
5467,30574.0,75444.0
5468,30538.0,75387.0
5469,30548.0,75398.0
5470,30580.0,75440.0
5471,30598.0,75408.0
5472,30599.0,75426.0
5473,30612.0,75496.0
5474,30598.0,75506.0
5475,30589.0,75563.0
5476,30261.0,74962.0
5477,30624.0,75539.0
5478,30655.0,75512.0
5479,30661.0,75509.0
5480,30679.0,75495.0
5481,30689.0,75487.0
5482,30646.0,75471.0
5483,30667.0,75456.0
5484,30676.0,75411.0
5485,30695.0,75436.0
5486,30717.0,75467.0
5487,30727.0,75460.0
5488,30750.0,75443.0
5489,30732.0,75409.0
5490,30718.0,75392.0
5491,30725.0,75365.0
5492,30754.0,75395.0
5493,30761.0,75434.0
5494,30778.0,75421.0
5495,30798.0,75405.0
5496,30823.0,75387.0
5497,30813.0,75371.0
5498,30777.0,75376.0
5499,30803.0,75358.0
5500,30785.0,75332.0
5501,30803.0,75338.0
5502,30819.0,75345.0
5503,30831.0,75353.0
5504,30850.0,75367.0
5505,30871.0,75336.0
5506,30881.0,75321.0
5507,30860.0,75308.0
5508,30849.0,75300.0
5509,30843.0,75296.0
5510,30810.0,75274.0
5511,30780.0,75282.0
5512,30828.0,75247.0
5513,30859.0,75268.0
5514,30880.0,75278.0
5515,30898.0,75292.0
5516,30835.0,75322.0
5517,30951.0,75329.0
5518,30933.0,75357.0
5519,30884.0,75383.0
5520,30901.0,75391.0
5521,30917.0,75399.0
5522,30868.0,75409.0
5523,27330.0,77060.0
5524,30900.0,75428.0
5525,30819.0,75505.0
5526,30805.0,75487.0
5527,30792.0,75438.0
5528,30770.0,75474.0
5529,30780.0,75492.0
5530,30792.0,75525.0
5531,30770.0,75538.0
5532,30740.0,75498.0
5533,30707.0,75532.0
5534,30732.0,75569.0
5535,30684.0,75603.0
5536,30666.0,75616.0
5537,30624.0,75568.0
5538,30618.0,75623.0
5539,30615.0,75647.0
5540,30783.0,75855.0
5541,30797.0,75824.0
5542,30818.0,75790.0
5543,30783.0,75747.0
5544,30749.0,75705.0
5545,30714.0,75677.0
5546,30760.0,75605.0
5547,30785.0,75658.0
5548,30832.0,75722.0
5549,30869.0,75701.0
5550,30864.0,75694.0
5551,30846.0,75667.0
5552,30821.0,75630.0
5553,30796.0,75576.0
5554,30830.0,75521.0
5555,30843.0,75550.0
5556,30859.0,75596.0
5557,30882.0,75627.0
5558,30918.0,75576.0
5559,30917.0,75560.0
5560,30863.0,75517.0
5561,30881.0,75510.0
5562,30915.0,75500.0
5563,30930.0,75445.0
5564,30958.0,75414.0
5565,30985.0,75391.0
5566,31006.0,75368.0
5567,31095.0,75430.0
5568,31068.0,75460.0
5569,31041.0,75492.0
5570,31020.0,75511.0
5571,31020.0,75482.0
5572,31023.0,75472.0
5573,30997.0,75442.0
5574,30967.0,75503.0
5575,30999.0,75503.0
5576,30953.0,75549.0
5577,30964.0,75565.0
5578,30998.0,75609.0
5579,30977.0,75625.0
5580,30915.0,75670.0
5581,30867.0,75682.0
5582,30904.0,75762.0
5583,30906.0,75789.0
5584,30843.0,75865.0
5585,30892.0,75837.0
5586,30928.0,75859.0
5587,30951.0,75900.0
5588,30988.0,75975.0
5589,30996.0,76005.0
5590,30937.0,76004.0
5591,31000.0,76018.0
5592,31020.0,76042.0
5593,31004.0,75988.0
5594,31020.0,76003.0
5595,31052.0,75975.0
5596,31130.0,75902.0
5597,31071.0,75849.0
5598,31053.0,75833.0
5599,31023.0,75805.0
5600,30953.0,75802.0
5601,30971.0,75782.0
5602,30986.0,75767.0
5603,30948.0,75715.0
5604,31057.0,75626.0
5605,31183.0,75796.0
5606,31074.0,75557.0
5607,31121.0,75530.0
5608,31145.0,75549.0
5609,31076.0,75656.0
5610,29673.0,74266.0
5611,31119.0,75692.0
5612,31152.0,75734.0
5613,31158.0,75828.0
5614,31196.0,75778.0
5615,31248.0,75747.0
5616,31223.0,75722.0
5617,30235.0,74831.0
5618,31195.0,75675.0
5619,31170.0,75609.0
5620,31171.0,75561.0
5621,31029.0,75590.0
5622,30336.0,74531.0
5623,30132.0,74398.0
5624,30043.0,74509.0
5625,30500.0,75249.0
5626,30154.0,74523.0
5627,30182.0,74573.0
5628,30146.0,74588.0
5629,30031.0,74678.0
5630,30212.0,74646.0
5631,30201.0,74631.0
5632,30117.0,75149.0
5633,29834.0,74808.0
5634,29837.0,74823.0
5635,29852.0,74845.0
5636,29858.0,74875.0
5637,30024.0,74865.0
5638,29806.0,75039.0
5639,29996.0,75249.0
5640,30183.0,74924.0
5641,30215.0,74991.0
5642,30424.0,75096.0
5643,30624.0,75061.0
5644,30494.0,75195.0
5645,30385.0,75363.0
5646,30238.0,74650.0
5647,29730.0,74318.0
5648,30477.0,75098.0
5649,30083.0,74713.0
5650,29758.0,74985.0
5651,29777.0,75000.0
5652,30068.0,75075.0
5653,30075.0,75080.0
5654,29972.0,75212.0
5655,29981.0,75198.0
5656,30263.0,75232.0
5657,30415.0,74935.0
5658,30391.0,74954.0
5659,30360.0,74977.0
5660,30809.0,75237.0
5661,29774.0,74450.0
5662,29749.0,75055.0
5663,31048.0,75448.0
5664,30258.0,74816.0
5665,30302.0,74707.0
5666,30289.0,74656.0
5667,30277.0,74651.0
5668,30308.0,74661.0
5669,30291.0,74671.0
5670,30300.0,74634.0
5671,30299.0,74622.0
5672,30288.0,74624.0
5673,30278.0,74643.0
5674,30276.0,74635.0
5675,30272.0,74618.0
5676,30270.0,74610.0
5677,30269.0,74627.0
5678,30252.0,74630.0
5679,30234.0,74651.0
5680,30230.0,74625.0
5681,30207.0,74621.0
5682,30192.0,74658.0
5683,30177.0,74626.0
5684,30188.0,74633.0
5685,30191.0,74650.0
5686,30174.0,74644.0
5687,30162.0,74654.0
5688,30159.0,74638.0
5689,30121.0,74670.0
5690,30117.0,74646.0
5691,30092.0,74667.0
5692,30104.0,74654.0
5693,30088.0,74641.0
5694,30048.0,74683.0
5695,30042.0,74702.0
5696,30014.0,74694.0
5697,30017.0,74706.0
5698,29998.0,74703.0
5699,30006.0,74660.0
5700,30024.0,74635.0
5701,30066.0,74593.0
5702,30040.0,74649.0
5703,30098.0,74622.0
5704,30115.0,74637.0
5705,30110.0,74603.0
5706,30077.0,74581.0
5707,30109.0,74569.0
5708,30083.0,74563.0
5709,30152.0,74569.0
5710,30161.0,74569.0
5711,30172.0,74566.0
5712,30181.0,74591.0
5713,30201.0,74587.0
5714,30205.0,74534.0
5715,30231.0,74556.0
5716,30239.0,74555.0
5717,30275.0,74549.0
5718,30327.0,74549.0
5719,27341.0,77080.0
5720,30253.0,74526.0
5721,30270.0,74506.0
5722,30185.0,74537.0
5723,30190.0,74519.0
5724,30147.0,74480.0
5725,30184.0,74478.0
5726,30117.0,74466.0
5727,30093.0,74484.0
5728,30075.0,74474.0
5729,29766.0,74525.0
5730,29750.0,74457.0
5731,29826.0,74397.0
5732,29897.0,74493.0
5733,29799.0,74420.0
5734,29857.0,74472.0
5735,29782.0,74479.0
5736,29827.0,74520.0
5737,29859.0,74537.0
5738,29870.0,74578.0
5739,29838.0,74560.0
5740,29774.0,74582.0
5741,29802.0,74621.0
5742,29781.0,74609.0
5743,29785.0,74627.0
5744,29767.0,74615.0
5745,29797.0,74652.0
5746,29852.0,74673.0
5747,29830.0,74666.0
5748,29828.0,74621.0
5749,29833.0,74642.0
5750,29854.0,74633.0
5751,29851.0,74598.0
5752,29876.0,74591.0
5753,29896.0,74608.0
5754,29939.0,74548.0
5755,29898.0,74557.0
5756,29881.0,74582.0
5757,29888.0,74635.0
5758,29912.0,74638.0
5759,29913.0,74667.0
5760,29890.0,74665.0
5761,29896.0,74685.0
5762,29874.0,74679.0
5763,29860.0,74693.0
5764,29839.0,74732.0
5765,29809.0,74722.0
5766,29875.0,74737.0
5767,29900.0,74729.0
5768,29901.0,74748.0
5769,29878.0,74758.0
5770,29930.0,74715.0
5771,29930.0,74729.0
5772,29948.0,74705.0
5773,29927.0,74699.0
5774,29933.0,74679.0
5775,30010.0,74754.0
5776,30045.0,74770.0
5777,30027.0,74777.0
5778,30029.0,74755.0
5779,29961.0,74769.0
5780,29967.0,74760.0
5781,29957.0,74738.0
5782,30614.0,76354.0
5783,30417.0,76803.0
5784,31222.0,77140.0
5785,31689.0,76673.0
5786,31426.0,76619.0
5787,32061.0,74248.0
5788,31151.0,76491.0
5789,31002.0,76483.0
5790,30598.0,74800.0
5791,30740.0,76360.0
5792,30693.0,76589.0
5793,30534.0,76413.0
5794,30538.0,76548.0
5795,30541.0,74790.0
5796,30442.0,76540.0
5797,33908.0,72534.0
5798,30328.0,76532.0
5799,30215.0,76476.0
5800,29942.0,76298.0
5801,30147.0,76323.0
5802,29984.0,76246.0
5803,30022.0,76311.0
5804,30758.0,74953.0
5805,29937.0,76334.0
5806,29884.0,76303.0
5807,30881.0,74945.0
5808,30846.0,74974.0
5809,29698.0,76712.0
5810,29358.0,76639.0
5811,29511.0,76164.0
5812,29468.0,76189.0
5813,29366.0,76197.0
5814,29320.0,76198.0
5815,29277.0,76149.0
5816,29192.0,76135.0
5817,29130.0,76011.0
5818,29064.0,76177.0
5819,28996.0,76157.0
5820,28929.0,76205.0
5821,28860.0,76056.0
5822,25730.0,73809.0
5823,28806.0,75942.0
5824,29012.0,75765.0
5825,28971.0,75743.0
5826,28690.0,75720.0
5827,28649.0,75721.0
5828,28736.0,75639.0
5829,29619.0,77656.0
5830,29502.0,77538.0
5831,29466.0,77500.0
5832,28250.0,75099.0
5833,28032.0,74909.0
5834,27941.0,74865.0
5835,27987.0,74940.0
5836,28331.0,74763.0
5837,28171.0,76657.0
5838,28630.0,74532.0
5839,28972.0,73981.0
5840,28507.0,74160.0
5841,28410.0,74110.0
5842,28258.0,74150.0
5843,28416.0,73982.0
5844,32565.0,75977.0
5845,28695.0,73865.0
5846,28722.0,73854.0
5847,28756.0,73827.0
5848,31961.0,77092.0
5849,32263.0,77092.0
5850,32231.0,76896.0
5851,32205.0,77213.0
5852,32320.0,77078.0
5853,32480.0,77040.0
5854,32833.0,76906.0
5855,32801.0,77051.0
5856,32802.0,76827.0
5857,32677.0,76992.0
5858,32616.0,76906.0
5859,32581.0,76141.0
5860,32600.0,76129.0
5861,32939.0,76306.0
5862,32843.0,76301.0
5863,32683.0,76110.0
5864,32661.0,76029.0
5865,32848.0,75659.0
5866,31771.0,75571.0
5867,31850.0,75624.0
5868,31851.0,75662.0
5869,31789.0,75656.0
5870,32033.0,75141.0
5871,32271.0,75130.0
5872,32148.0,75012.0
5873,32215.0,75002.0
5874,32229.0,75000.0
5875,32128.0,74957.0
5876,30686.0,74738.0
5877,31782.0,75006.0
5878,31865.0,74913.0
5879,31552.0,74550.0
5880,31589.0,74383.0
5881,31635.0,74328.0
5882,31537.0,74234.0
5883,31564.0,73633.0
5884,31545.0,73584.0
5885,31541.0,73580.0
5886,31314.0,73735.0
5887,31446.0,73622.0
5888,31144.0,73400.0
5889,30130.0,75640.0
5890,29966.0,75672.0
5891,30140.0,75510.0
5892,30132.0,75477.0
5893,30119.0,75458.0
5894,25481.0,73538.0
5895,30771.0,72730.0
5896,30596.0,72665.0
5897,30490.0,72722.0
5898,25592.0,73577.0
5899,29902.0,73591.0
5900,30209.0,73890.0
5901,33027.0,77637.0
5902,31029.0,76030.0
5903,30605.0,75657.0
5904,31269.0,75657.0
5905,29381.0,73429.0
5906,32571.0,75977.0
5907,28594.0,75664.0
5908,29519.0,76173.0
5909,29610.0,73428.0
5910,32934.0,76265.0
5911,28316.0,75477.0
5912,28680.0,73875.0
5913,29432.0,73658.0
5914,31023.0,73266.0
5915,29933.0,74764.0
5916,29932.0,74758.0
5917,29918.0,74756.0
5918,29909.0,74766.0
5919,29927.0,74778.0
5920,29895.0,74784.0
5921,29911.0,74796.0
5922,29865.0,74788.0
5923,29882.0,74800.0
5924,29811.0,74798.0
5925,29835.0,74779.0
5926,29806.0,74764.0
5927,29788.0,74787.0
5928,29761.0,74820.0
5929,29751.0,74830.0
5930,29763.0,74836.0
5931,29817.0,74833.0
5932,29928.0,74815.0
5933,29916.0,74822.0
5934,29914.0,74812.0
5935,29939.0,74791.0
5936,29969.0,74794.0
5937,30013.0,74801.0
5938,30005.0,74818.0
5939,29999.0,74781.0
5940,30074.0,74802.0
5941,30067.0,74797.0
5942,30050.0,74806.0
5943,30060.0,74804.0
5944,30055.0,74861.0
5945,30060.0,74851.0
5946,30057.0,74841.0
5947,30067.0,74852.0
5948,30013.0,74847.0
5949,30007.0,74835.0
5950,30027.0,74857.0
5951,29959.0,74857.0
5952,29971.0,74839.0
5953,29933.0,74844.0
5954,29943.0,74828.0
5955,29901.0,74850.0
5956,29873.0,74857.0
5957,29887.0,74869.0
5958,29822.0,74865.0
5959,29825.0,74888.0
5960,29804.0,74884.0
5961,29816.0,74898.0
5962,29763.0,74902.0
5963,29767.0,74857.0
5964,29771.0,74889.0
5965,29688.0,74929.0
5966,29676.0,74914.0
5967,29666.0,74958.0
5968,29605.0,74959.0
5969,29685.0,75012.0
5970,29649.0,74987.0
5971,29759.0,74881.0
5972,29768.0,74917.0
5973,29732.0,74928.0
5974,29766.0,74933.0
5975,29778.0,74918.0
5976,29784.0,74948.0
5977,29803.0,74930.0
5978,29825.0,74904.0
5979,29841.0,74889.0
5980,29865.0,74884.0
5981,29870.0,74902.0
5982,29916.0,74887.0
5983,29909.0,74861.0
5984,29895.0,74878.0
5985,29931.0,74884.0
5986,29946.0,74889.0
5987,29955.0,74887.0
5988,29947.0,74871.0
5989,29967.0,74870.0
5990,29987.0,74904.0
5991,29942.0,74915.0
5992,29971.0,74895.0
5993,29964.0,74920.0
5994,30051.0,74886.0
5995,30060.0,74875.0
5996,30057.0,74877.0
5997,29962.0,74934.0
5998,29960.0,74949.0
5999,29906.0,74975.0
6000,29927.0,74928.0
6001,29885.0,74944.0
6002,29844.0,74915.0
6003,29821.0,74933.0
6004,29836.0,74958.0
6005,29834.0,74974.0
6006,29816.0,74969.0
6007,29805.0,74988.0
6008,29787.0,74996.0
6009,29768.0,74993.0
6010,29798.0,74971.0
6011,29729.0,74941.0
6012,29761.0,74965.0
6013,29755.0,74999.0
6014,29742.0,75028.0
6015,29795.0,75068.0
6016,29806.0,75050.0
6017,29742.0,75050.0
6018,29825.0,75005.0
6019,29835.0,75027.0
6020,29868.0,75044.0
6021,29846.0,75058.0
6022,29856.0,74984.0
6023,29830.0,75103.0
6024,29826.0,75069.0
6025,29853.0,75083.0
6026,29884.0,75119.0
6027,29849.0,75113.0
6028,29881.0,75052.0
6029,29928.0,75144.0
6030,29953.0,75110.0
6031,29992.0,75094.0
6032,29915.0,75048.0
6033,30020.0,74898.0
6034,30010.0,74940.0
6035,30041.0,74916.0
6036,30181.0,74861.0
6037,30157.0,74854.0
6038,30239.0,74842.0
6039,30246.0,74842.0
6040,30228.0,74841.0
6041,30231.0,74832.0
6042,30262.0,74827.0
6043,30270.0,74837.0
6044,30279.0,74836.0
6045,30287.0,74835.0
6046,30298.0,74822.0
6047,30315.0,74835.0
6048,30323.0,74842.0
6049,30305.0,74845.0
6050,30291.0,74865.0
6051,30306.0,74875.0
6052,30283.0,74867.0
6053,29851.0,74572.0
6054,30264.0,74871.0
6055,30275.0,74869.0
6056,30250.0,74874.0
6057,30242.0,74852.0
6058,30234.0,74880.0
6059,30217.0,74900.0
6060,30204.0,74898.0
6061,30202.0,74911.0
6062,30170.0,74876.0
6063,30168.0,74889.0
6064,30163.0,74863.0
6065,30161.0,74876.0
6066,30142.0,74878.0
6067,30145.0,74905.0
6068,30173.0,74917.0
6069,30166.0,74903.0
6070,30175.0,74903.0
6071,30139.0,74906.0
6072,30135.0,74923.0
6073,30122.0,74908.0
6074,30114.0,74908.0
6075,30128.0,74890.0
6076,30065.0,74968.0
6077,30105.0,74937.0
6078,30104.0,74928.0
6079,30140.0,74940.0
6080,30155.0,74977.0
6081,30126.0,74931.0
6082,30157.0,74957.0
6083,30166.0,74959.0
6084,30149.0,74925.0
6085,30208.0,74919.0
6086,30184.0,74954.0
6087,30208.0,74946.0
6088,30216.0,74944.0
6089,30255.0,74904.0
6090,30327.0,74862.0
6091,30401.0,74913.0
6092,30401.0,74921.0
6093,30383.0,74888.0
6094,30405.0,74908.0
6095,30346.0,74946.0
6096,30349.0,74922.0
6097,30283.0,74958.0
6098,30275.0,74935.0
6099,30284.0,74934.0
6100,30293.0,74937.0
6101,30236.0,74940.0
6102,30245.0,74939.0
6103,30261.0,74937.0
6104,30224.0,74991.0
6105,30174.0,74978.0
6106,30163.0,75000.0
6107,30102.0,74995.0
6108,30126.0,74985.0
6109,30067.0,74990.0
6110,30070.0,75015.0
6111,29780.0,74427.0
6112,30013.0,74982.0
6113,30127.0,75019.0
6114,30108.0,75027.0
6115,30115.0,75030.0
6116,30170.0,75036.0
6117,30196.0,75032.0
6118,30180.0,75018.0
6119,30221.0,75028.0
6120,30223.0,75012.0
6121,30239.0,75025.0
6122,30232.0,74988.0
6123,30251.0,75007.0
6124,30269.0,74982.0
6125,30290.0,75000.0
6126,30299.0,74977.0
6127,30291.0,74979.0
6128,30282.0,74980.0
6129,30319.0,74953.0
6130,30351.0,74990.0
6131,30337.0,74972.0
6132,30357.0,74960.0
6133,30367.0,74951.0
6134,30376.0,74910.0
6135,30398.0,74938.0
6136,30403.0,74944.0
6137,30442.0,74961.0
6138,30460.0,74963.0
6139,30427.0,74923.0
6140,30407.0,75009.0
6141,30450.0,74979.0
6142,30386.0,74964.0
6143,30411.0,75034.0
6144,30385.0,75031.0
6145,30363.0,74993.0
6146,30345.0,75008.0
6147,30315.0,75012.0
6148,30369.0,75035.0
6149,30353.0,75011.0
6150,30350.0,75039.0
6151,30309.0,75020.0
6152,30310.0,75045.0
6153,30280.0,75024.0
6154,30297.0,75064.0
6155,30253.0,75029.0
6156,30264.0,75053.0
6157,30255.0,75055.0
6158,30244.0,75057.0
6159,30225.0,75033.0
6160,30235.0,75058.0
6161,30227.0,75060.0
6162,30182.0,75040.0
6163,30116.0,75078.0
6164,30090.0,75154.0
6165,30114.0,75165.0
6166,30122.0,75189.0
6167,30141.0,75163.0
6168,30129.0,75153.0
6169,30149.0,75144.0
6170,30161.0,75155.0
6171,30172.0,75134.0
6172,30182.0,75111.0
6173,30122.0,75117.0
6174,30208.0,75134.0
6175,30213.0,75087.0
6176,30269.0,75088.0
6177,30260.0,75084.0
6178,30292.0,75124.0
6179,30296.0,75114.0
6180,30315.0,75117.0
6181,30317.0,75088.0
6182,30329.0,75088.0
6183,30391.0,75102.0
6184,30404.0,75117.0
6185,30432.0,75129.0
6186,30458.0,75108.0
6187,30459.0,75086.0
6188,30429.0,75064.0
6189,30474.0,75077.0
6190,30438.0,75037.0
6191,30493.0,75050.0
6192,30489.0,75025.0
6193,30512.0,75021.0
6194,30509.0,74983.0
6195,30579.0,75030.0
6196,29675.0,74262.0
6197,30684.0,75100.0
6198,30707.0,75153.0
6199,30723.0,75175.0
6200,30643.0,75074.0
6201,30571.0,75042.0
6202,30574.0,75064.0
6203,30553.0,75069.0
6204,30554.0,75094.0
6205,30530.0,75076.0
6206,30541.0,75127.0
6207,30533.0,75103.0
6208,30522.0,75132.0
6209,30512.0,75106.0
6210,30547.0,75149.0
6211,30530.0,75188.0
6212,30527.0,75167.0
6213,30549.0,75213.0
6214,30504.0,75193.0
6215,30513.0,75180.0
6216,30500.0,75172.0
6217,30492.0,75185.0
6218,30477.0,75155.0
6219,30484.0,75138.0
6220,30463.0,75140.0
6221,30471.0,75123.0
6222,30469.0,75188.0
6223,30439.0,75161.0
6224,30445.0,75181.0
6225,30453.0,75202.0
6226,30417.0,75208.0
6227,30448.0,75229.0
6228,30403.0,75236.0
6229,30383.0,75120.0
6230,30363.0,75123.0
6231,30380.0,75164.0
6232,30361.0,75216.0
6233,30348.0,75207.0
6234,30361.0,75195.0
6235,30371.0,75193.0
6236,30376.0,75203.0
6237,30334.0,75221.0
6238,30322.0,75242.0
6239,30338.0,75179.0
6240,30331.0,75200.0
6241,30312.0,75187.0
6242,30315.0,75164.0
6243,30328.0,75154.0
6244,30315.0,75135.0
6245,30305.0,75145.0
6246,30260.0,75113.0
6247,30256.0,75131.0
6248,30267.0,75139.0
6249,30268.0,75124.0
6250,30263.0,75153.0
6251,30243.0,75128.0
6252,30216.0,75186.0
6253,30189.0,75164.0
6254,30279.0,75220.0
6255,30285.0,75200.0
6256,30276.0,75172.0
6257,30277.0,75279.0
6258,30275.0,75244.0
6259,30256.0,75228.0
6260,30237.0,75248.0
6261,30214.0,75203.0
6262,30226.0,75237.0
6263,30177.0,75229.0
6264,30134.0,75229.0
6265,30128.0,75264.0
6266,30103.0,75263.0
6267,30104.0,75233.0
6268,30049.0,75199.0
6269,30055.0,75235.0
6270,30020.0,75232.0
6271,30009.0,75182.0
6272,30031.0,75283.0
6273,30087.0,75310.0
6274,29945.0,75238.0
6275,29957.0,75264.0
6276,29946.0,75320.0
6277,29943.0,75292.0
6278,29940.0,75267.0
6279,29966.0,75306.0
6280,29982.0,75302.0
6281,29977.0,75285.0
6282,29920.0,75353.0
6283,29930.0,75369.0
6284,29911.0,75338.0
6285,29901.0,75351.0
6286,29914.0,75307.0
6287,29888.0,75293.0
6288,29870.0,75332.0
6289,29832.0,75343.0
6290,29888.0,75386.0
6291,29846.0,75422.0
6292,29805.0,75406.0
6293,29848.0,75384.0
6294,29892.0,75426.0
6295,29818.0,75450.0
6296,29819.0,75521.0
6297,29842.0,75467.0
6298,29882.0,75463.0
6299,29807.0,75530.0
6300,29792.0,75579.0
6301,29848.0,75646.0
6302,29920.0,75400.0
6303,29999.0,75328.0
6304,29927.0,75667.0
6305,29868.0,75701.0
6306,29865.0,75733.0
6307,29907.0,75739.0
6308,29919.0,75699.0
6309,29942.0,75711.0
6310,29961.0,75681.0
6311,29959.0,75650.0
6312,29992.0,75675.0
6313,29984.0,75625.0
6314,29939.0,75639.0
6315,29948.0,75589.0
6316,29981.0,75530.0
6317,29986.0,75558.0
6318,30014.0,75588.0
6319,29988.0,75584.0
6320,29682.0,74904.0
6321,30005.0,75546.0
6322,30019.0,75498.0
6323,30036.0,75520.0
6324,30031.0,75496.0
6325,30052.0,75503.0
6326,30060.0,75524.0
6327,29986.0,75459.0
6328,30024.0,75454.0
6329,30000.0,75409.0
6330,30045.0,75372.0
6331,30048.0,75404.0
6332,30046.0,75428.0
6333,30079.0,75426.0
6334,30043.0,75452.0
6335,30080.0,75482.0
6336,30121.0,75393.0
6337,30104.0,75373.0
6338,30126.0,75367.0
6339,30098.0,75400.0
6340,30062.0,75352.0
6341,30117.0,75308.0
6342,30136.0,75320.0
6343,30136.0,75355.0
6344,30147.0,75346.0
6345,30148.0,75324.0
6346,30175.0,75303.0
6347,30167.0,75321.0
6348,30154.0,75273.0
6349,30144.0,75246.0
6350,30188.0,75282.0
6351,30212.0,75272.0
6352,30199.0,75294.0
6353,30184.0,75318.0
6354,30200.0,75366.0
6355,30210.0,75343.0
6356,30175.0,75334.0
6357,30164.0,75375.0
6358,30149.0,75372.0
6359,30157.0,75348.0
6360,30175.0,75406.0
6361,30228.0,75383.0
6362,30210.0,75415.0
6363,30219.0,75461.0
6364,30231.0,75485.0
6365,30164.0,75452.0
6366,30203.0,75515.0
6367,30176.0,75536.0
6368,30187.0,75434.0
6369,30129.0,75438.0
6370,30148.0,75392.0
6371,30069.0,75521.0
6372,30098.0,75504.0
6373,30109.0,75465.0
6374,30139.0,75564.0
6375,30128.0,75491.0
6376,30091.0,75549.0
6377,30066.0,75530.0
6378,30082.0,75563.0
6379,30053.0,75534.0
6380,30046.0,75597.0
6381,30018.0,75623.0
6382,30050.0,75631.0
6383,30086.0,75604.0
6384,30089.0,75643.0
6385,30146.0,75690.0
6386,30216.0,75622.0
6387,30166.0,75645.0
6388,30199.0,75649.0
6389,30110.0,75586.0
6390,30179.0,75568.0
6391,30174.0,75607.0
6392,30235.0,75606.0
6393,30206.0,75600.0
6394,30259.0,75545.0
6395,30224.0,75499.0
6396,30263.0,75505.0
6397,30284.0,75550.0
6398,30309.0,75567.0
6399,30324.0,75531.0
6400,30300.0,75514.0
6401,30277.0,75506.0
6402,30296.0,75490.0
6403,30324.0,75500.0
6404,30330.0,75482.0
6405,30360.0,75528.0
6406,30319.0,75497.0
6407,30393.0,75484.0
6408,30365.0,75475.0
6409,30336.0,75459.0
6410,30358.0,75433.0
6411,30387.0,75450.0
6412,30399.0,75426.0
6413,30415.0,75445.0
6414,30403.0,75469.0
6415,30419.0,75473.0
6416,30474.0,75420.0
6417,30449.0,75389.0
6418,30434.0,75354.0
6419,30411.0,75380.0
6420,30379.0,75386.0
6421,30398.0,75396.0
6422,30384.0,75418.0
6423,30336.0,75419.0
6424,30320.0,75440.0
6425,30306.0,75417.0
6426,30313.0,75463.0
6427,30275.0,75481.0
6428,30285.0,75384.0
6429,30259.0,75311.0
6430,30245.0,75287.0
6431,30277.0,75309.0
6432,30336.0,75373.0
6433,30327.0,75363.0
6434,30332.0,75358.0
6435,30311.0,75330.0
6436,30305.0,75280.0
6437,30334.0,75275.0
6438,30351.0,75273.0
6439,30332.0,75302.0
6440,30354.0,75336.0
6441,30365.0,75304.0
6442,30405.0,75304.0
6443,30357.0,75260.0
6444,30382.0,75268.0
6445,30415.0,75285.0
6446,30423.0,75259.0
6447,30451.0,75255.0
6448,30442.0,75271.0
6449,30473.0,75326.0
6450,30449.0,75337.0
6451,30491.0,75362.0
6452,30519.0,75364.0
6453,30536.0,75308.0
6454,30546.0,75270.0
6455,30577.0,75172.0
6456,30620.0,75220.0
6457,30586.0,75168.0
6458,30600.0,75200.0
6459,30623.0,75171.0
6460,30625.0,75163.0
6461,30653.0,75155.0
6462,30635.0,75127.0
6463,30674.0,75161.0
6464,30692.0,75175.0
6465,30703.0,75172.0
6466,30762.0,75220.0
6467,30717.0,75238.0
6468,30660.0,75283.0
6469,30689.0,75182.0
6470,30677.0,75240.0
6471,30638.0,75248.0
6472,30641.0,75210.0
6473,30599.0,75249.0
6474,30765.0,75731.0
6475,30577.0,75304.0
6476,30590.0,75433.0
6477,30500.0,75463.0
6478,30579.0,75481.0
6479,30560.0,75528.0
6480,30607.0,75551.0
6481,30611.0,75522.0
6482,30618.0,75517.0
6483,30606.0,75461.0
6484,30614.0,75416.0
6485,30648.0,75431.0
6486,30678.0,75472.0
6487,30703.0,75477.0
6488,30666.0,75398.0
6489,30624.0,75397.0
6490,30632.0,75378.0
6491,30657.0,75358.0
6492,30673.0,75370.0
6493,30722.0,75396.0
6494,30704.0,75370.0
6495,30706.0,75452.0
6496,30713.0,75423.0
6497,30741.0,75426.0
6498,30788.0,75413.0
6499,30794.0,75345.0
6500,30728.0,75347.0
6501,30740.0,75380.0
6502,30710.0,75360.0
6503,30714.0,75344.0
6504,30711.0,75333.0
6505,30703.0,75319.0
6506,30677.0,75344.0
6507,30733.0,75285.0
6508,27325.0,77088.0
6509,30690.0,75287.0
6510,30770.0,75297.0
6511,30774.0,75322.0
6512,30766.0,75280.0
6513,30742.0,75250.0
6514,30768.0,75243.0
6515,30787.0,75272.0
6516,30787.0,75220.0
6517,30807.0,75241.0
6518,30851.0,75282.0
6519,30827.0,75285.0
6520,30871.0,75315.0
6521,30846.0,75330.0
6522,30840.0,75360.0
6523,30942.0,75343.0
6524,30926.0,75311.0
6525,30996.0,75379.0
6526,31050.0,75399.0
6527,30959.0,75374.0
6528,30925.0,75378.0
6529,30876.0,75329.0
6530,30907.0,75339.0
6531,30938.0,75406.0
6532,30909.0,75414.0
6533,30799.0,75463.0
6534,30812.0,75496.0
6535,30806.0,75514.0
6536,30751.0,75554.0
6537,30783.0,75557.0
6538,30813.0,75641.0
6539,30771.0,75621.0
6540,30624.0,75554.0
6541,30620.0,75596.0
6542,30604.0,75593.0
6543,30567.0,75582.0
6544,30690.0,75646.0
6545,30640.0,75631.0
6546,30698.0,75738.0
6547,30790.0,75839.0
6548,30822.0,75758.0
6549,30892.0,75686.0
6550,30900.0,75601.0
6551,30938.0,75531.0
6552,31018.0,75546.0
6553,31040.0,75463.0
6554,31021.0,75421.0
6555,31084.0,75442.0
6556,31127.0,75455.0
6557,31140.0,75505.0
6558,31077.0,75506.0
6559,31050.0,75471.0
6560,31131.0,75606.0
6561,31087.0,75666.0
6562,31022.0,75738.0
6563,30938.0,75772.0
6564,30887.0,75731.0
6565,30866.0,75757.0
6566,30868.0,75851.0
6567,30910.0,75848.0
6568,30969.0,75933.0
6569,30961.0,75985.0
6570,30882.0,75989.0
6571,31029.0,75908.0
6572,30934.0,75811.0
6573,31038.0,75819.0
6574,31062.0,75841.0
6575,31483.0,74119.0
6576,31483.0,74255.0
6577,31480.0,74325.0
6578,31481.0,74365.0
6579,31450.0,74381.0
6580,31346.0,74398.0
6581,30865.0,74928.0
6582,31483.0,74430.0
6583,31389.0,74486.0
6584,30878.0,74924.0
6585,31475.0,74516.0
6586,31462.0,74539.0
6587,31491.0,74536.0
6588,30970.0,75008.0
6589,30965.0,75005.0
6590,31448.0,74571.0
6591,31430.0,74550.0
6592,31287.0,74600.0
6593,31266.0,74607.0
6594,31279.0,74641.0
6595,31319.0,74603.0
6596,31301.0,74688.0
6597,31337.0,74754.0
6598,31394.0,74713.0
6599,31385.0,74736.0
6600,31359.0,74798.0
6601,31357.0,74803.0
6602,31317.0,74777.0
6603,31238.0,74730.0
6604,31183.0,74722.0
6605,31485.0,74529.0
6606,31155.0,74748.0
6607,31118.0,74779.0
6608,31014.0,74800.0
6609,31021.0,74781.0
6610,31082.0,74809.0
6611,31097.0,74811.0
6612,31082.0,74863.0
6613,31134.0,74816.0
6614,31169.0,74821.0
6615,31175.0,74830.0
6616,31181.0,74822.0
6617,31219.0,74765.0
6618,31279.0,74827.0
6619,31227.0,74829.0
6620,31305.0,74840.0
6621,31345.0,74836.0
6622,31335.0,74856.0
6623,31321.0,74868.0
6624,31277.0,74890.0
6625,31208.0,74871.0
6626,31236.0,74910.0
6627,31153.0,74951.0
6628,31097.0,74927.0
6629,31104.0,74975.0
6630,31024.0,75020.0
6631,31014.0,75032.0
6632,30993.0,75058.0
6633,30951.0,75141.0
6634,30912.0,75113.0
6635,30896.0,75087.0
6636,30890.0,75094.0
6637,30875.0,75119.0
6638,30870.0,75135.0
6639,30861.0,75162.0
6640,30879.0,75141.0
6641,30891.0,75151.0
6642,31003.0,75181.0
6643,31084.0,75127.0
6644,31061.0,75064.0
6645,31105.0,75092.0
6646,31110.0,75030.0
6647,31175.0,75030.0
6648,31245.0,75005.0
6649,31254.0,75011.0
6650,31263.0,75000.0
6651,31280.0,74996.0
6652,31339.0,74946.0
6653,31368.0,74893.0
6654,31376.0,74877.0
6655,31395.0,74882.0
6656,31408.0,74831.0
6657,31433.0,74847.0
6658,31512.0,74779.0
6659,31555.0,74741.0
6660,31506.0,74680.0
6661,31610.0,74635.0
6662,31645.0,74660.0
6663,31733.0,74760.0
6664,31690.0,74852.0
6665,31666.0,74905.0
6666,31630.0,74950.0
6667,31580.0,74945.0
6668,31501.0,74882.0
6669,31482.0,74924.0
6670,31439.0,74905.0
6671,31429.0,74921.0
6672,31355.0,75011.0
6673,31367.0,75060.0
6674,31355.0,75067.0
6675,30968.0,75012.0
6676,31213.0,75165.0
6677,31132.0,75217.0
6678,31085.0,75244.0
6679,31111.0,75260.0
6680,31231.0,75352.0
6681,31251.0,75364.0
6682,31282.0,75381.0
6683,31330.0,75358.0
6684,31252.0,75315.0
6685,31272.0,75279.0
6686,31332.0,75238.0
6687,31308.0,75221.0
6688,31301.0,75216.0
6689,30310.0,74715.0
6690,31331.0,75124.0
6691,31376.0,75217.0
6692,31412.0,75203.0
6693,31520.0,75079.0
6694,31466.0,75007.0
6695,31515.0,74979.0
6696,31540.0,75016.0
6697,31555.0,75037.0
6698,31412.0,75299.0
6699,31427.0,75267.0
6700,31614.0,75125.0
6701,31699.0,75070.0
6702,31745.0,75035.0
6703,31748.0,74966.0
6704,31828.0,74979.0
6705,31747.0,74914.0
6706,31751.0,74877.0
6707,31782.0,74817.0
6708,27417.0,77204.0
6709,27525.0,77315.0
6710,31828.0,74928.0
6711,31849.0,74894.0
6712,31883.0,74933.0
6713,31936.0,74996.0
6714,31881.0,74988.0
6715,32040.0,74988.0
6716,32007.0,74975.0
6717,31986.0,75005.0
6718,27419.0,77302.0
6719,32085.0,75035.0
6720,32219.0,74996.0
6721,32211.0,75048.0
6722,32229.0,75085.0
6723,32225.0,75085.0
6724,32205.0,75067.0
6725,32193.0,75072.0
6726,32164.0,75057.0
6727,32165.0,75075.0
6728,32131.0,75090.0
6729,32192.0,75087.0
6730,32189.0,75094.0
6731,32161.0,75140.0
6732,32135.0,75173.0
6733,32110.0,75100.0
6734,32118.0,75196.0
6735,32085.0,75239.0
6736,32101.0,74991.0
6737,32071.0,75256.0
6738,32000.0,75217.0
6739,31979.0,75225.0
6740,33089.0,75464.0
6741,31487.0,75497.0
6742,31830.0,75281.0
6743,31485.0,75477.0
6744,31800.0,75175.0
6745,31774.0,75192.0
6746,31768.0,75175.0
6747,31736.0,75208.0
6748,31701.0,75215.0
6749,31671.0,75226.0
6750,31687.0,75276.0
6751,31772.0,75309.0
6752,31714.0,75405.0
6753,31711.0,75353.0
6754,31702.0,75317.0
6755,31632.0,75357.0
6756,31627.0,75336.0
6757,31608.0,75288.0
6758,31528.0,75341.0
6759,31515.0,75382.0
6760,31472.0,75350.0
6761,31363.0,75448.0
6762,31319.0,75468.0
6763,31370.0,75495.0
6764,31464.0,75548.0
6765,31501.0,75431.0
6766,31562.0,75423.0
6767,31581.0,75439.0
6768,31640.0,75380.0
6769,31638.0,75403.0
6770,31669.0,75366.0
6771,31690.0,75418.0
6772,31675.0,75448.0
6773,31640.0,75443.0
6774,31632.0,75479.0
6775,31603.0,75532.0
6776,31540.0,75499.0
6777,31496.0,75565.0
6778,31548.0,75568.0
6779,31590.0,75570.0
6780,31750.0,75578.0
6781,30434.0,74760.0
6782,31669.0,75512.0
6783,30456.0,74735.0
6784,31746.0,75455.0
6785,30455.0,74732.0
6786,31778.0,75602.0
6787,31786.0,75607.0
6788,31775.0,75630.0
6789,31771.0,75646.0
6790,31768.0,75655.0
6791,31810.0,75672.0
6792,31840.0,75675.0
6793,31853.0,75675.0
6794,31866.0,75676.0
6795,31895.0,75680.0
6796,31905.0,75660.0
6797,31876.0,75659.0
6798,31855.0,75657.0
6799,31853.0,75667.0
6800,31841.0,75667.0
6801,31814.0,75664.0
6802,33283.0,75523.0
6803,31793.0,75640.0
6804,31818.0,75652.0
6805,31827.0,75654.0
6806,31840.0,75653.0
6807,31849.0,75628.0
6808,31861.0,75613.0
6809,31836.0,75603.0
6810,31840.0,75589.0
6811,31860.0,75530.0
6812,31905.0,75550.0
6813,31859.0,75460.0
6814,31899.0,75370.0
6815,30462.0,74722.0
6816,31855.0,75373.0
6817,32008.0,75340.0
6818,31981.0,75374.0
6819,31976.0,75383.0
6820,31942.0,75420.0
6821,31913.0,75463.0
6822,31946.0,75566.0
6823,31991.0,75545.0
6824,32015.0,75480.0
6825,32045.0,75424.0
6826,32105.0,75312.0
6827,32137.0,75378.0
6828,30457.0,74728.0
6829,32286.0,75311.0
6830,30458.0,74717.0
6831,32236.0,75166.0
6832,32229.0,75136.0
6833,32225.0,75122.0
6834,32231.0,75108.0
6835,32257.0,75123.0
6836,32314.0,75155.0
6837,30465.0,74705.0
6838,32416.0,75204.0
6839,30458.0,74624.0
6840,32483.0,75239.0
6841,30470.0,74705.0
6842,32508.0,75385.0
6843,30465.0,74724.0
6844,32318.0,75465.0
6845,30471.0,74718.0
6846,30476.0,74711.0
6847,30458.0,74746.0
6848,32222.0,75494.0
6849,32054.0,75524.0
6850,32047.0,75586.0
6851,32061.0,75589.0
6852,32022.0,75672.0
6853,31994.0,75727.0
6854,32035.0,75752.0
6855,31985.0,75753.0
6856,31966.0,75794.0
6857,32024.0,75970.0
6858,32069.0,75969.0
6859,32062.0,75941.0
6860,32095.0,75928.0
6861,32102.0,75956.0
6862,32179.0,75915.0
6863,32246.0,75922.0
6864,32287.0,75894.0
6865,32247.0,75872.0
6866,32197.0,75880.0
6867,32217.0,75854.0
6868,32132.0,75892.0
6869,32146.0,75838.0
6870,32156.0,75820.0
6871,32219.0,75727.0
6872,32166.0,75634.0
6873,32185.0,75667.0
6874,30454.0,74757.0
6875,32281.0,75762.0
6876,32375.0,75641.0
6877,32400.0,75629.0
6878,32430.0,75665.0
6879,32185.0,75733.0
6880,32547.0,75618.0
6881,32561.0,75668.0
6882,32621.0,75907.0
6883,32623.0,75920.0
6884,32452.0,75882.0
6885,32424.0,75860.0
6886,32415.0,75836.0
6887,30458.0,74627.0
6888,32378.0,75935.0
6889,32454.0,75990.0
6890,32495.0,76057.0
6891,32522.0,76030.0
6892,32618.0,75948.0
6893,32618.0,75976.0
6894,32623.0,76003.0
6895,32627.0,76026.0
6896,32568.0,76025.0
6897,32537.0,76037.0
6898,32571.0,76051.0
6899,32633.0,76058.0
6900,32641.0,76110.0
6901,32617.0,76084.0
6902,32598.0,76116.0
6903,32589.0,76130.0
6904,32610.0,76126.0
6905,32615.0,76176.0
6906,32645.0,76119.0
6907,32652.0,76158.0
6908,32650.0,76208.0
6909,32652.0,76249.0
6910,32697.0,76230.0
6911,32732.0,76288.0
6912,32658.0,76300.0
6913,31580.0,74794.0
6914,31164.0,75747.0
6915,31136.0,75713.0
6916,31228.0,75765.0
6917,31283.0,75783.0
6918,31091.0,75939.0
6919,31159.0,75928.0
6920,31011.0,76032.0
6921,31218.0,75576.0
6922,31364.0,75668.0
6923,31386.0,75737.0
6924,31323.0,75704.0
6925,30408.0,74796.0
6926,30415.0,74794.0
6927,30418.0,74808.0
6928,30429.0,74790.0
6929,30454.0,74784.0
6930,30462.0,74782.0
6931,30476.0,74778.0
6932,30473.0,74766.0
6933,30466.0,74768.0
6934,30458.0,74770.0
6935,30451.0,74771.0
6936,30427.0,74777.0
6937,30419.0,74779.0
6938,30412.0,74781.0
6939,30404.0,74783.0
6940,30401.0,74769.0
6941,30408.0,74767.0
6942,31435.0,75659.0
6943,32527.0,76387.0
6944,32583.0,76491.0
6945,30423.0,74764.0
6946,31009.0,74942.0
6947,28552.0,74418.0
6948,30491.0,74737.0
6949,27564.0,77327.0
6950,30470.0,74752.0
6951,30454.0,74755.0
6952,30441.0,74752.0
6953,30446.0,74750.0
6954,30453.0,74748.0
6955,30468.0,74744.0
6956,30490.0,74728.0
6957,27620.0,77358.0
6958,30465.0,74730.0
6959,30449.0,74733.0
6960,30444.0,74743.0
6961,30442.0,74735.0
6962,30438.0,74744.0
6963,30436.0,74737.0
6964,30417.0,74741.0
6965,28903.0,75680.0
6966,30421.0,74757.0
6967,28603.0,74571.0
6968,31390.0,75613.0
6969,27643.0,77378.0
6970,31325.0,75613.0
6971,27685.0,77413.0
6972,30403.0,74745.0
6973,30407.0,74760.0
6974,30398.0,74763.0
6975,30395.0,74746.0
6976,30391.0,74731.0
6977,30399.0,74731.0
6978,27700.0,77430.0
6979,31652.0,76011.0
6980,30415.0,74730.0
6981,30434.0,74729.0
6982,30441.0,74728.0
6983,30448.0,74728.0
6984,31800.0,75975.0
6985,30450.0,74717.0
6986,31801.0,75974.0
6987,30434.0,74717.0
6988,30414.0,74718.0
6989,31288.0,75449.0
6990,30397.0,74720.0
6991,30396.0,74709.0
6992,31215.0,76050.0
6993,30404.0,74708.0
6994,31380.0,75327.0
6995,30411.0,74700.0
6996,30413.0,74708.0
6997,30434.0,74698.0
6998,30434.0,74706.0
6999,31989.0,75668.0
7000,31818.0,75585.0
7001,30452.0,74706.0
7002,30452.0,74713.0
7003,30456.0,74708.0
7004,29500.0,75699.0
7005,30466.0,74697.0
7006,30475.0,74685.0
7007,30481.0,74681.0
7008,30476.0,74680.0
7009,30471.0,74679.0
7010,30450.0,74677.0
7011,30433.0,74676.0
7012,30406.0,74673.0
7013,30393.0,74673.0
7014,30414.0,74674.0
7015,32332.0,75696.0
7016,30390.0,74645.0
7017,30409.0,74645.0
7018,30426.0,74648.0
7019,30432.0,74654.0
7020,30432.0,74649.0
7021,30451.0,74650.0
7022,30473.0,74652.0
7023,30486.0,74652.0
7024,30506.0,74659.0
7025,30521.0,74646.0
7026,30490.0,74643.0
7027,30474.0,74641.0
7028,30450.0,74640.0
7029,30433.0,74638.0
7030,30420.0,74637.0
7031,30407.0,74635.0
7032,30389.0,74634.0
7033,30393.0,74620.0
7034,30408.0,74624.0
7035,30432.0,74624.0
7036,30450.0,74625.0
7037,30476.0,74627.0
7038,30495.0,74628.0
7039,32628.0,76408.0
7040,30519.0,74630.0
7041,30533.0,74635.0
7042,30533.0,74647.0
7043,30554.0,74649.0
7044,30573.0,74692.0
7045,30581.0,74714.0
7046,30600.0,74720.0
7047,30581.0,74730.0
7048,30606.0,74745.0
7049,30604.0,74749.0
7050,30595.0,74743.0
7051,30569.0,74739.0
7052,30558.0,74747.0
7053,30513.0,74728.0
7054,30532.0,74762.0
7055,30549.0,74785.0
7056,30592.0,74769.0
7057,30568.0,74810.0
7058,30629.0,74852.0
7059,30651.0,74772.0
7060,30651.0,74750.0
7061,30666.0,74787.0
7062,30682.0,74754.0
7063,30714.0,74760.0
7064,30746.0,74797.0
7065,30723.0,74832.0
7066,30712.0,74850.0
7067,30700.0,74877.0
7068,30731.0,74912.0
7069,30749.0,74884.0
7070,30747.0,74849.0
7071,30769.0,74868.0
7072,30789.0,74848.0
7073,30759.0,74811.0
7074,30803.0,74807.0
7075,30800.0,74835.0
7076,30843.0,74917.0
7077,30837.0,74936.0
7078,30808.0,74985.0
7079,30767.0,74961.0
7080,30792.0,74989.0
7081,30920.0,75061.0
7082,30911.0,75028.0
7083,30707.0,74748.0
7084,30917.0,75003.0
7085,30950.0,75034.0
7086,30974.0,75003.0
7087,30958.0,74993.0
7088,30921.0,74969.0
7089,30900.0,74947.0
7090,30864.0,74906.0
7091,30938.0,74869.0
7092,30919.0,74856.0
7093,30888.0,74836.0
7094,30832.0,74796.0
7095,30808.0,74778.0
7096,30756.0,74765.0
7097,30798.0,74770.0
7098,30809.0,74772.0
7099,30822.0,74788.0
7100,30872.0,74936.0
7101,30846.0,74778.0
7102,30923.0,74788.0
7103,30917.0,74747.0
7104,27715.0,77450.0
7105,31018.0,74570.0
7106,31011.0,74702.0
7107,31038.0,74551.0
7108,27602.0,77458.0
7109,30907.0,74689.0
7110,30904.0,74664.0
7111,30880.0,74683.0
7112,30831.0,74729.0
7113,30811.0,74750.0
7114,30810.0,74757.0
7115,30793.0,74702.0
7116,30844.0,74676.0
7117,27540.0,77621.0
7118,30784.0,74672.0
7119,30755.0,74672.0
7120,30730.0,74725.0
7121,30698.0,74665.0
7122,30663.0,74683.0
7123,30667.0,74660.0
7124,30634.0,74656.0
7125,30619.0,74600.0
7126,30614.0,74592.0
7127,30606.0,74578.0
7128,30599.0,74581.0
7129,30561.0,74609.0
7130,30587.0,74586.0
7131,30590.0,74575.0
7132,30549.0,74557.0
7133,30509.0,74592.0
7134,30526.0,74549.0
7135,30480.0,74562.0
7136,30478.0,74593.0
7137,30853.0,74923.0
7138,30431.0,74577.0
7139,30431.0,74587.0
7140,31506.0,76055.0
7141,30430.0,74551.0
7142,30430.0,74532.0
7143,30429.0,74512.0
7144,30479.0,74511.0
7145,30496.0,74484.0
7146,30521.0,74460.0
7147,30539.0,74465.0
7148,30554.0,74471.0
7149,30541.0,74499.0
7150,30536.0,74520.0
7151,30599.0,74559.0
7152,30605.0,74534.0
7153,30564.0,74476.0
7154,30600.0,74473.0
7155,30621.0,74501.0
7156,30638.0,74509.0
7157,30863.0,74923.0
7158,30635.0,74565.0
7159,30647.0,74592.0
7160,30727.0,74595.0
7161,30701.0,74536.0
7162,30763.0,74514.0
7163,30772.0,74579.0
7164,30775.0,74618.0
7165,30859.0,74924.0
7166,30725.0,74750.0
7167,30897.0,74623.0
7168,30886.0,74561.0
7169,30891.0,74483.0
7170,30826.0,74477.0
7171,30821.0,74482.0
7172,30788.0,74505.0
7173,30790.0,74438.0
7174,30743.0,74461.0
7175,30688.0,74401.0
7176,30645.0,74376.0
7177,30677.0,74413.0
7178,30642.0,74464.0
7179,30558.0,74453.0
7180,30537.0,74417.0
7181,30570.0,74414.0
7182,30578.0,74384.0
7183,30558.0,74386.0
7184,30530.0,74388.0
7185,30457.0,74390.0
7186,30429.0,74431.0
7187,30428.0,74410.0
7188,30427.0,74374.0
7189,30426.0,74337.0
7190,30405.0,74266.0
7191,30415.0,74259.0
7192,30441.0,74261.0
7193,30504.0,74244.0
7194,30469.0,74268.0
7195,30485.0,74311.0
7196,30480.0,74336.0
7197,30496.0,74325.0
7198,30589.0,74292.0
7199,30575.0,74289.0
7200,30603.0,74318.0
7201,30610.0,74297.0
7202,30708.0,74313.0
7203,30720.0,74318.0
7204,30721.0,74360.0
7205,30765.0,74310.0
7206,30746.0,74331.0
7207,30767.0,74341.0
7208,30842.0,74359.0
7209,30851.0,74382.0
7210,30865.0,74350.0
7211,30869.0,74392.0
7212,30899.0,74412.0
7213,30932.0,74394.0
7214,30913.0,74420.0
7215,30899.0,74440.0
7216,30930.0,74976.0
7217,31014.0,74523.0
7218,30972.0,74530.0
7219,30944.0,74538.0
7220,30972.0,74579.0
7221,30995.0,74620.0
7222,31008.0,74662.0
7223,31073.0,74678.0
7224,31124.0,74657.0
7225,31100.0,74627.0
7226,31050.0,74605.0
7227,31078.0,74598.0
7228,31057.0,74575.0
7229,31073.0,74506.0
7230,31247.0,74462.0
7231,31248.0,74444.0
7232,27749.0,77495.0
7233,31354.0,74318.0
7234,31387.0,74217.0
7235,31378.0,74198.0
7236,31367.0,74211.0
7237,31303.0,74187.0
7238,27755.0,77603.0
7239,31303.0,74249.0
7240,31276.0,74264.0
7241,31138.0,74130.0
7242,31204.0,74151.0
7243,31218.0,74252.0
7244,31230.0,74301.0
7245,31150.0,74335.0
7246,31013.0,74371.0
7247,31000.0,74458.0
7248,30976.0,74380.0
7249,30969.0,74355.0
7250,31080.0,74214.0
7251,31236.0,74365.0
7252,31125.0,74149.0
7253,30990.0,74145.0
7254,30919.0,74123.0
7255,30894.0,74114.0
7256,30905.0,74141.0
7257,30890.0,74160.0
7258,30888.0,74202.0
7259,30858.0,74196.0
7260,30829.0,74231.0
7261,30819.0,74197.0
7262,30790.0,74230.0
7263,30782.0,74200.0
7264,30735.0,74200.0
7265,30645.0,74193.0
7266,30606.0,74197.0
7267,30649.0,74180.0
7268,30675.0,74090.0
7269,30681.0,74072.0
7270,30649.0,74040.0
7271,30624.0,74016.0
7272,30653.0,73998.0
7273,30690.0,74040.0
7274,30701.0,73999.0
7275,30710.0,73971.0
7276,30732.0,73962.0
7277,30706.0,73861.0
7278,30704.0,73812.0
7279,30332.0,74125.0
7280,30667.0,73657.0
7281,30405.0,74105.0
7282,30712.0,73748.0
7283,30842.0,73757.0
7284,30785.0,73813.0
7285,30812.0,73828.0
7286,30790.0,73885.0
7287,30772.0,73928.0
7288,30971.0,73818.0
7289,29812.0,74375.0
7290,31120.0,73772.0
7291,31123.0,73664.0
7292,31084.0,73593.0
7293,30432.0,74120.0
7294,31026.0,73594.0
7295,30380.0,74035.0
7296,30942.0,73763.0
7297,30950.0,73275.0
7298,30868.0,73692.0
7299,31005.0,73592.0
7300,31035.0,73552.0
7301,30995.0,73236.0
7302,30824.0,73527.0
7303,30940.0,73397.0
7304,31051.0,73305.0
7305,30989.0,73452.0
7306,31061.0,73511.0
7307,31088.0,73477.0
7308,31140.0,73405.0
7309,31252.0,73731.0
7310,31157.0,73584.0
7311,31290.0,73570.0
7312,31345.0,73630.0
7313,31405.0,73698.0
7314,31290.0,73767.0
7315,31251.0,73732.0
7316,31239.0,73840.0
7317,31412.0,73731.0
7318,31132.0,73798.0
7319,31149.0,73820.0
7320,31110.0,73841.0
7321,31097.0,73873.0
7322,31072.0,73920.0
7323,31042.0,73969.0
7324,31017.0,73925.0
7325,31049.0,73886.0
7326,31003.0,73899.0
7327,30918.0,74023.0
7328,30901.0,74058.0
7329,30945.0,74077.0
7330,30941.0,74025.0
7331,30981.0,74029.0
7332,31072.0,74111.0
7333,31352.0,73843.0
7334,31448.0,73887.0
7335,31160.0,74105.0
7336,31210.0,74050.0
7337,31206.0,73921.0
7338,31255.0,73992.0
7339,31269.0,73969.0
7340,31311.0,73936.0
7341,31268.0,74020.0
7342,31298.0,74073.0
7343,31321.0,74150.0
7344,31334.0,74127.0
7345,31549.0,73638.0
7346,31450.0,73902.0
7347,30977.0,74996.0
7348,30978.0,74978.0
7349,30983.0,74988.0
7350,30985.0,74995.0
7351,31429.0,73743.0
7352,31415.0,73739.0
7353,31420.0,73718.0
7354,31444.0,73673.0
7355,31448.0,73664.0
7356,31538.0,73591.0
7357,30499.0,74728.0
7358,31356.0,76062.0
7359,31376.0,75973.0
7360,31424.0,75906.0
7361,31529.0,75867.0
7362,31521.0,75979.0
7363,31739.0,75792.0
7364,31780.0,75964.0
7365,31588.0,75969.0
7366,31588.0,75905.0
7367,31576.0,75808.0
7368,31704.0,76066.0
7369,31757.0,76021.0
7370,31849.0,76067.0
7371,31843.0,75992.0
7372,31913.0,76052.0
7373,31991.0,76155.0
7374,31936.0,76154.0
7375,31844.0,76158.0
7376,31867.0,76218.0
7377,31871.0,76284.0
7378,31740.0,76281.0
7379,31248.0,75682.0
7380,31909.0,75907.0
7381,31869.0,75829.0
7382,31802.0,75801.0
7383,31815.0,75852.0
7384,31777.0,75785.0
7385,31614.0,76226.0
7386,31698.0,76304.0
7387,31728.0,76356.0
7388,31751.0,76327.0
7389,31728.0,76216.0
7390,31674.0,76232.0
7391,31789.0,76144.0
7392,31779.0,76206.0
7393,31688.0,76557.0
7394,30378.0,74220.0
7395,30399.0,74232.0
7396,30402.0,74185.0
7397,30443.0,74133.0
7398,30402.0,74050.0
7399,30599.0,73999.0
7400,30528.0,73962.0
7401,30437.0,73978.0
7402,30437.0,73915.0
7403,30404.0,73931.0
7404,30402.0,74019.0
7405,30402.0,74084.0
7406,30362.0,74046.0
7407,30298.0,74038.0
7408,30303.0,74070.0
7409,30308.0,74065.0
7410,30316.0,74099.0
7411,30369.0,74184.0
7412,30364.0,74193.0
7413,30308.0,74093.0
7414,30384.0,73941.0
7415,30328.0,74194.0
7416,30228.0,74143.0
7417,30114.0,74191.0
7418,30171.0,74166.0
7419,30195.0,74111.0
7420,30213.0,74126.0
7421,30470.0,73930.0
7422,30297.0,74071.0
7423,30272.0,74034.0
7424,30304.0,73998.0
7425,30295.0,73971.0
7426,30274.0,73984.0
7427,30251.0,73998.0
7428,30097.0,74060.0
7429,30065.0,74082.0
7430,30046.0,74038.0
7431,30254.0,73813.0
7432,30034.0,73857.0
7433,30041.0,73853.0
7434,30104.0,73889.0
7435,30230.0,73963.0
7436,30240.0,73980.0
7437,30246.0,73972.0
7438,30341.0,73842.0
7439,30249.0,73925.0
7440,30406.0,73870.0
7441,30215.0,73905.0
7442,30198.0,73860.0
7443,30243.0,73857.0
7444,30272.0,73861.0
7445,30264.0,73923.0
7446,30289.0,73952.0
7447,30323.0,73864.0
7448,30404.0,73828.0
7449,30405.0,73763.0
7450,30382.0,73794.0
7451,29698.0,74260.0
7452,30309.0,73702.0
7453,30305.0,73718.0
7454,30365.0,73950.0
7455,29630.0,74258.0
7456,29712.0,74270.0
7457,30166.0,73757.0
7458,30162.0,73747.0
7459,30002.0,73830.0
7460,29940.0,73805.0
7461,29815.0,73870.0
7462,29880.0,73970.0
7463,29788.0,73945.0
7464,29708.0,73919.0
7465,29763.0,73895.0
7466,29704.0,73917.0
7467,29650.0,73917.0
7468,29678.0,73874.0
7469,29707.0,75538.0
7470,29581.0,73916.0
7471,29501.0,73906.0
7472,29565.0,73855.0
7473,29601.0,73826.0
7474,29648.0,73793.0
7475,29788.0,73680.0
7476,29847.0,73768.0
7477,29875.0,73735.0
7478,29843.0,73702.0
7479,29801.0,73670.0
7480,30411.0,73083.0
7481,29648.0,73555.0
7482,30861.0,73431.0
7483,29568.0,73711.0
7484,29535.0,73755.0
7485,29474.0,73736.0
7486,29395.0,73820.0
7487,29506.0,73650.0
7488,30405.0,73810.0
7489,29435.0,73605.0
7490,29365.0,73565.0
7491,30452.0,73828.0
7492,29290.0,73739.0
7493,30943.0,73179.0
7494,30907.0,73137.0
7495,29400.0,73485.0
7496,29441.0,73473.0
7497,31150.0,75497.0
7498,29513.0,73453.0
7499,29607.0,73437.0
7500,29566.0,73492.0
7501,29586.0,73508.0
7502,29685.0,73427.0
7503,30485.0,73855.0
7504,29869.0,73341.0
7505,29891.0,73363.0
7506,30294.0,73772.0
7507,30446.0,73067.0
7508,29926.0,73400.0
7509,29943.0,73403.0
7510,29938.0,73415.0
7511,29922.0,73510.0
7512,30071.0,73581.0
7513,30049.0,73667.0
7514,30093.0,73615.0
7515,30317.0,73665.0
7516,30182.0,73512.0
7517,30160.0,73670.0
7518,30149.0,73677.0
7519,30139.0,73683.0
7520,30147.0,73696.0
7521,30313.0,73677.0
7522,29725.0,74290.0
7523,29750.0,74313.0
7524,30365.0,73532.0
7525,30350.0,73525.0
7526,30313.0,73514.0
7527,30360.0,73680.0
7528,30215.0,73471.0
7529,30468.0,72917.0
7530,30194.0,73381.0
7531,30985.0,75960.0
7532,30933.0,76003.0
7533,30180.0,73200.0
7534,30089.0,73232.0
7535,29966.0,73275.0
7536,29870.0,73288.0
7537,30400.0,73688.0
7538,30042.0,73118.0
7539,30069.0,73038.0
7540,30093.0,72963.0
7541,30123.0,72942.0
7542,30793.0,73124.0
7543,30157.0,73060.0
7544,30918.0,74985.0
7545,30206.0,73191.0
7546,30275.0,73276.0
7547,30365.0,73274.0
7548,30350.0,73295.0
7549,30326.0,73327.0
7550,30985.0,74980.0
7551,30365.0,73458.0
7552,30388.0,73385.0
7553,30406.0,73340.0
7554,30418.0,73299.0
7555,30460.0,73320.0
7556,30482.0,73434.0
7557,30492.0,73475.0
7558,30990.0,74980.0
7559,30525.0,73620.0
7560,30443.0,73714.0
7561,30987.0,75010.0
7562,30562.0,73772.0
7563,30540.0,73804.0
7564,30494.0,73833.0
7565,30454.0,73907.0
7566,30910.0,74953.0
7567,30925.0,74968.0
7568,30541.0,73866.0
7569,30579.0,73845.0
7570,30568.0,73794.0
7571,30676.0,73748.0
7572,30904.0,74942.0
7573,30638.0,73680.0
7574,30752.0,73585.0
7575,30675.0,72769.0
7576,30795.0,73548.0
7577,30810.0,73498.0
7578,30815.0,73458.0
7579,30823.0,73407.0
7580,30695.0,73339.0
7581,30661.0,73395.0
7582,30916.0,75062.0
7583,30612.0,73491.0
7584,30913.0,75059.0
7585,30524.0,73435.0
7586,30613.0,73354.0
7587,30563.0,73297.0
7588,30459.0,73304.0
7589,30468.0,73302.0
7590,30447.0,73209.0
7591,30947.0,75037.0
7592,30473.0,73135.0
7593,30388.0,73633.0
7594,30536.0,73240.0
7595,30270.0,73424.0
7596,30387.0,73399.0
7597,30667.0,73316.0
7598,30740.0,73263.0
7599,30762.0,73245.0
7600,30631.0,73164.0
7601,30520.0,73878.0
7602,30484.0,73104.0
7603,30489.0,73091.0
7604,30475.0,73091.0
7605,30470.0,73066.0
7606,30269.0,73017.0
7607,30331.0,72860.0
7608,30377.0,72863.0
7609,32272.0,76950.0
7610,30940.0,75034.0
7611,30465.0,73040.0
7612,30577.0,73827.0
7613,30430.0,72841.0
7614,30582.0,72736.0
7615,30611.0,72771.0
7616,30575.0,72770.0
7617,30100.0,75431.0
7618,30485.0,73062.0
7619,30500.0,73055.0
7620,30492.0,73082.0
7621,30695.0,73111.0
7622,30591.0,73738.0
7623,30104.0,73677.0
7624,30775.0,72746.0
7625,30787.0,73009.0
7626,30788.0,73036.0
7627,30798.0,73217.0
7628,30165.0,73615.0
7629,30827.0,73372.0
7630,31422.0,76297.0
7631,30892.0,73246.0
7632,29340.0,73757.0
7633,31550.0,76374.0
7634,31639.0,76297.0
7635,31347.0,76281.0
7636,31384.0,76318.0
7637,31535.0,76127.0
7638,31565.0,76131.0
7639,31510.0,76203.0
7640,31524.0,76246.0
7641,31509.0,76302.0
7642,31493.0,76348.0
7643,31461.0,76323.0
7644,31476.0,76397.0
7645,31069.0,76053.0
7646,30976.0,76076.0
7647,31083.0,76210.0
7648,31199.0,76157.0
7649,31187.0,76213.0
7650,31286.0,76316.0
7651,30911.0,76223.0
7652,30835.0,76183.0
7653,30749.0,76249.0
7654,30723.0,76336.0
7655,30822.0,76261.0
7656,30966.0,76289.0
7657,30866.0,76296.0
7658,30795.0,76348.0
7659,30884.0,76384.0
7660,30865.0,76457.0
7661,30608.0,76489.0
7662,30655.0,76453.0
7663,30599.0,76433.0
7664,32257.0,76648.0
7665,32263.0,76657.0
7666,32222.0,76736.0
7667,32292.0,76696.0
7668,32310.0,76722.0
7669,32331.0,76716.0
7670,32325.0,76710.0
7671,33262.0,74805.0
7672,32310.0,76674.0
7673,32298.0,76687.0
7674,32295.0,76672.0
7675,32314.0,76642.0
7676,32235.0,76750.0
7677,32306.0,76641.0
7678,32293.0,76646.0
7679,30137.0,73568.0
7680,32296.0,76637.0
7681,32291.0,76632.0
7682,30328.0,73115.0
7683,32310.0,76670.0
7684,32307.0,76652.0
7685,29955.0,74325.0
7686,32306.0,76644.0
7687,29772.0,74335.0
7688,32305.0,76635.0
7689,32305.0,76627.0
7690,32304.0,76619.0
7691,30220.0,73620.0
7692,32305.0,76613.0
7693,32314.0,76606.0
7694,32320.0,76611.0
7695,32327.0,76604.0
7696,30300.0,73502.0
7697,32315.0,76621.0
7698,30355.0,73498.0
7699,33611.0,74803.0
7700,32314.0,76650.0
7701,30251.0,73440.0
7702,30298.0,73300.0
7703,32312.0,76673.0
7704,32344.0,76701.0
7705,32320.0,76680.0
7706,32323.0,76662.0
7707,30313.0,73314.0
7708,32325.0,76655.0
7709,32326.0,76639.0
7710,32333.0,76635.0
7711,32327.0,76633.0
7712,30452.0,73199.0
7713,30314.0,73267.0
7714,32327.0,76627.0
7715,32335.0,76627.0
7716,32339.0,76626.0
7717,32339.0,76635.0
7718,32337.0,76640.0
7719,32333.0,76660.0
7720,32365.0,76671.0
7721,32373.0,76672.0
7722,32361.0,76639.0
7723,32377.0,76644.0
7724,29840.0,74385.0
7725,32364.0,76625.0
7726,30335.0,73268.0
7727,29840.0,74380.0
7728,32366.0,76612.0
7729,29841.0,74378.0
7730,32384.0,76596.0
7731,32370.0,76592.0
7732,32356.0,76619.0
7733,29842.0,74370.0
7734,32339.0,76614.0
7735,29843.0,74355.0
7736,32335.0,76610.0
7737,29810.0,74371.0
7738,32345.0,76601.0
7739,29808.0,74364.0
7740,32336.0,76594.0
7741,32333.0,76591.0
7742,32333.0,76597.0
7743,29700.0,74255.0
7744,30350.0,73268.0
7745,32320.0,76598.0
7746,32308.0,76589.0
7747,29710.0,74255.0
7748,32307.0,76566.0
7749,32308.0,76570.0
7750,32314.0,76571.0
7751,32318.0,76580.0
7752,32310.0,76559.0
7753,32351.0,76589.0
7754,32312.0,76559.0
7755,32360.0,76560.0
7756,32325.0,76570.0
7757,32337.0,76573.0
7758,32360.0,76536.0
7759,32373.0,76484.0
7760,32346.0,76530.0
7761,32356.0,76567.0
7762,32350.0,76575.0
7763,32342.0,76584.0
7764,32320.0,76588.0
7765,31843.0,77025.0
7766,31906.0,77110.0
7767,31929.0,77072.0
7768,29718.0,74264.0
7769,30360.0,73220.0
7770,31846.0,77009.0
7771,31925.0,76890.0
7772,31981.0,76912.0
7773,31989.0,76928.0
7774,30382.0,73252.0
7775,32034.0,76922.0
7776,32022.0,76950.0
7777,31860.0,76970.0
7778,30456.0,73267.0
7779,32057.0,76963.0
7780,32113.0,76935.0
7781,32145.0,76903.0
7782,32084.0,76848.0
7783,32060.0,76833.0
7784,32109.0,76767.0
7785,32109.0,76755.0
7786,32134.0,76742.0
7787,32155.0,76791.0
7788,32205.0,76752.0
7789,32173.0,76717.0
7790,32233.0,76681.0
7791,32237.0,76675.0
7792,32240.0,76677.0
7793,32244.0,76684.0
7794,32238.0,76725.0
7795,32262.0,76707.0
7796,32269.0,76729.0
7797,32274.0,76739.0
7798,32282.0,76752.0
7799,32264.0,76751.0
7800,32254.0,76774.0
7801,32229.0,76789.0
7802,32200.0,76851.0
7803,32180.0,76856.0
7804,32162.0,76880.0
7805,32152.0,76927.0
7806,32165.0,76971.0
7807,32123.0,76975.0
7808,32090.0,77029.0
7809,32103.0,77009.0
7810,30405.0,73218.0
7811,30577.0,76383.0
7812,32161.0,77019.0
7813,32196.0,77035.0
7814,32200.0,77100.0
7815,32227.0,77028.0
7816,32213.0,76988.0
7817,32220.0,76933.0
7818,32228.0,76909.0
7819,32253.0,76841.0
7820,32254.0,76810.0
7821,32274.0,76832.0
7822,32307.0,76817.0
7823,30441.0,73171.0
7824,32354.0,76790.0
7825,32360.0,76751.0
7826,32338.0,76724.0
7827,32340.0,76708.0
7828,32353.0,76707.0
7829,32388.0,76764.0
7830,32394.0,76771.0
7831,32385.0,76784.0
7832,32376.0,76774.0
7833,30420.0,73155.0
7834,32342.0,76852.0
7835,32317.0,76846.0
7836,32302.0,76872.0
7837,32323.0,76897.0
7838,32337.0,76935.0
7839,32326.0,76966.0
7840,32313.0,76985.0
7841,32302.0,77001.0
7842,32262.0,77019.0
7843,32631.0,76529.0
7844,32383.0,77010.0
7845,32450.0,76984.0
7846,32461.0,76991.0
7847,32521.0,76980.0
7848,32514.0,76969.0
7849,32479.0,76919.0
7850,32438.0,76944.0
7851,32571.0,76954.0
7852,32450.0,76872.0
7853,32465.0,76863.0
7854,32443.0,76862.0
7855,32428.0,76839.0
7856,32404.0,76810.0
7857,32397.0,76800.0
7858,32409.0,76786.0
7859,32396.0,76752.0
7860,32418.0,76773.0
7861,32463.0,76846.0
7862,32474.0,76857.0
7863,32556.0,76945.0
7864,32575.0,76966.0
7865,32620.0,77014.0
7866,32798.0,76971.0
7867,32825.0,76933.0
7868,32577.0,76968.0
7869,32583.0,76975.0
7870,32785.0,76937.0
7871,32814.0,76886.0
7872,32438.0,76936.0
7873,32731.0,76835.0
7874,30399.0,73118.0
7875,32602.0,76848.0
7876,32513.0,76823.0
7877,32530.0,76770.0
7878,32498.0,76741.0
7879,32491.0,76726.0
7880,32442.0,76726.0
7881,32417.0,76715.0
7882,32383.0,76668.0
7883,30471.0,73100.0
7884,32403.0,76653.0
7885,32401.0,76626.0
7886,32409.0,76608.0
7887,32427.0,76614.0
7888,29725.0,74261.0
7889,32415.0,76634.0
7890,30339.0,73240.0
7891,30458.0,73188.0
7892,32443.0,76680.0
7893,32469.0,76642.0
7894,32457.0,76662.0
7895,32500.0,76689.0
7896,32525.0,76720.0
7897,32545.0,76717.0
7898,32599.0,76724.0
7899,32595.0,76826.0
7900,30510.0,72794.0
7901,30515.0,73190.0
7902,32857.0,76838.0
7903,32716.0,76750.0
7904,30445.0,73134.0
7905,32704.0,76744.0
7906,32719.0,76728.0
7907,32692.0,76738.0
7908,32664.0,76729.0
7909,32613.0,76698.0
7910,32546.0,76655.0
7911,32531.0,76650.0
7912,32478.0,76631.0
7913,32496.0,76611.0
7914,32455.0,76563.0
7915,32467.0,76544.0
7916,32441.0,76540.0
7917,32435.0,76531.0
7918,32391.0,76554.0
7919,32393.0,76542.0
7920,32698.0,76409.0
7921,32399.0,76538.0
7922,32428.0,76523.0
7923,32349.0,76479.0
7924,32355.0,76480.0
7925,32636.0,76798.0
7926,32401.0,76489.0
7927,32406.0,76491.0
7928,32473.0,76484.0
7929,32450.0,76511.0
7930,32465.0,76501.0
7931,32509.0,76490.0
7932,32504.0,76481.0
7933,32482.0,76520.0
7934,32635.0,76529.0
7935,32520.0,76580.0
7936,32542.0,76592.0
7937,32570.0,76555.0
7938,32579.0,76537.0
7939,32524.0,76471.0
7940,32502.0,76343.0
7941,32602.0,76428.0
7942,32628.0,76416.0
7943,32770.0,76462.0
7944,32638.0,76440.0
7945,32645.0,76790.0
7946,32645.0,76455.0
7947,32653.0,76478.0
7948,32673.0,76525.0
7949,32696.0,76518.0
7950,32713.0,76534.0
7951,32697.0,76540.0
7952,32683.0,76547.0
7953,32714.0,76625.0
7954,32628.0,76650.0
7955,32721.0,76667.0
7956,32796.0,76630.0
7957,32842.0,76690.0
7958,32853.0,76706.0
7959,32878.0,76677.0
7960,32857.0,76685.0
7961,32863.0,76591.0
7962,32855.0,76528.0
7963,32776.0,76500.0
7964,32841.0,76459.0
7965,32805.0,76385.0
7966,32640.0,76717.0
7967,32800.0,76356.0
7968,32650.0,76726.0
7969,32817.0,76350.0
7970,32616.0,76530.0
7971,32810.0,76347.0
7972,32764.0,76315.0
7973,32815.0,76340.0
7974,32826.0,76347.0
7975,32872.0,76396.0
7976,32906.0,76423.0
7977,32346.0,76638.0
7978,32347.0,76627.0
7979,32315.0,76625.0
7980,30795.0,76428.0
7981,30784.0,76518.0
7982,31681.0,76726.0
7983,31818.0,76921.0
7984,32207.0,74146.0
7985,32057.0,76646.0
7986,31892.0,76782.0
7987,31925.0,76797.0
7988,31950.0,76760.0
7989,32242.0,76445.0
7990,32300.0,76445.0
7991,32264.0,76526.0
7992,32262.0,76556.0
7993,32248.0,76591.0
7994,32258.0,76543.0
7995,32232.0,76578.0
7996,32218.0,76527.0
7997,32156.0,76578.0
7998,32109.0,76513.0
7999,32217.0,76613.0
8000,32007.0,76531.0
8001,32008.0,76406.0
8002,31979.0,76343.0
8003,32021.0,76213.0
8004,31957.0,76218.0
8005,32277.0,76277.0
8006,32168.0,76317.0
8007,32042.0,76089.0
8008,32080.0,76159.0
8009,29738.0,74285.0
8010,31966.0,75980.0
8011,32351.0,76505.0
8012,32340.0,76503.0
8013,32417.0,76507.0
8014,32500.0,76551.0
8015,32416.0,76542.0
8016,32441.0,76589.0
8017,32448.0,76552.0
8018,32488.0,76621.0
8019,32454.0,76622.0
8020,32476.0,76587.0
8021,32374.0,76569.0
8022,32247.0,76662.0
8023,32252.0,76667.0
8024,32185.0,76743.0
8025,32219.0,76774.0
8026,32280.0,76680.0
8027,32297.0,76680.0
8028,32283.0,76717.0
8029,32332.0,76691.0
8030,32401.0,76778.0
8031,32430.0,76721.0
8032,32412.0,76723.0
8033,32438.0,76743.0
8034,32395.0,76694.0
8035,32355.0,76686.0
8036,32392.0,76649.0
8037,32409.0,76644.0
8038,32430.0,76697.0
8039,32877.0,75199.0
8040,32467.0,76703.0
8041,32119.0,76820.0
8042,32342.0,76546.0
8043,32543.0,76508.0
8044,32608.0,76594.0
8045,32606.0,76711.0
8046,32700.0,76981.0
8047,32597.0,76775.0
8048,32931.0,76662.0
8049,32759.0,76649.0
8050,32819.0,76660.0
8051,32781.0,76797.0
8052,32870.0,76777.0
8053,32777.0,76729.0
8054,32294.0,76785.0
8055,32334.0,76750.0
8056,32240.0,76875.0
8057,31170.0,75938.0
8058,32204.0,76822.0
8059,32253.0,76825.0
8060,32259.0,76938.0
8061,30401.0,74208.0
8062,30384.0,74208.0
8063,30371.0,74206.0
8064,30072.0,74049.0
8065,30167.0,74031.0
8066,30040.0,73970.0
8067,29834.0,73958.0
8068,29748.0,73932.0
8069,29501.0,73896.0
8070,29795.0,73675.0
8071,30905.0,73375.0
8072,30099.0,73440.0
8073,30203.0,73425.0
8074,31301.0,74621.0
8075,31941.0,75209.0
8076,32025.0,75316.0
8077,32524.0,75815.0
8078,32637.0,75963.0
8079,32546.0,76041.0
8080,32549.0,76001.0
8081,31793.0,75605.0
8082,30311.0,73690.0
8083,33258.0,75508.0
8084,30236.0,73674.0
8085,31820.0,75172.0
8086,31716.0,75059.0
8087,31540.0,74889.0
8088,30563.0,74047.0
8089,31250.0,74665.0
8090,30901.0,75081.0
8091,30239.0,73722.0
8092,31200.0,75329.0
8093,31555.0,75478.0
8094,30511.0,73928.0
8095,31769.0,75520.0
8096,31919.0,75452.0
8097,32088.0,75879.0
8098,31853.0,75178.0
8099,31961.0,75166.0
8100,32141.0,74992.0
8101,32331.0,75695.0
8102,30460.0,73695.0
8103,31406.0,74891.0
8104,31353.0,74916.0
8105,31201.0,75160.0
8106,30371.0,73440.0
8107,30283.0,73816.0
8108,31428.0,74376.0
8109,31209.0,74756.0
8110,31254.0,74735.0
8111,31339.0,74589.0
8112,31483.0,74383.0
8113,31530.0,74099.0
8114,31251.0,74567.0
8115,31186.0,74586.0
8116,30206.0,73883.0
8117,32894.0,76220.0
8118,30240.0,73180.0
8119,30410.0,72710.0
8120,30267.0,73962.0
8121,30246.0,73989.0
8122,30474.0,73870.0
8123,30469.0,73773.0
8124,30405.0,73898.0
8125,30678.0,73367.0
8126,28838.0,75864.0
8127,30640.0,73335.0
8128,30637.0,73375.0
8129,30980.0,72036.0
8130,30391.0,73286.0
8131,28841.0,75863.0
8132,30473.0,73079.0
8133,30496.0,73069.0
8134,30434.0,74761.0
8135,30448.0,74757.0
8136,29918.0,73282.0
8137,30016.0,73318.0
8138,30466.0,74729.0
8139,30439.0,74736.0
8140,28770.0,75750.0
8141,30455.0,74570.0
8142,30455.0,74513.0
8143,30477.0,74439.0
8144,30509.0,74344.0
8145,30517.0,74306.0
8146,30585.0,74249.0
8147,30501.0,74187.0
8148,30704.0,73849.0
8149,30739.0,73811.0
8150,30775.0,73752.0
8151,30537.0,74674.0
8152,30438.0,74729.0
8153,31432.0,73789.0
8154,30455.0,74576.0
8155,30458.0,74620.0
8156,30971.0,74141.0
8157,30816.0,74291.0
8158,30706.0,74427.0
8159,32504.0,76828.0
8160,30533.0,74647.0
8161,30718.0,74892.0
8162,30481.0,74666.0
8163,30850.0,74921.0
8164,30952.0,74959.0
8165,30811.0,74492.0
8166,30661.0,74434.0
8167,30569.0,74423.0
8168,30543.0,74433.0
8169,30630.0,74235.0
8170,30803.0,74255.0
8171,30870.0,74233.0
8172,31017.0,74293.0
8173,31152.0,74487.0
8174,31027.0,74281.0
8175,30660.0,74144.0
8176,30538.0,74109.0
8177,30452.0,74157.0
8178,30619.0,73915.0
8179,30510.0,74683.0
8180,30491.0,74672.0
8181,30421.0,74707.0
8182,30450.0,74664.0
8183,30441.0,74666.0
8184,30472.0,74666.0
8185,30441.0,74649.0
8186,30395.0,74691.0
8187,30397.0,74755.0
8188,30405.0,74753.0
8189,30400.0,74766.0
8190,30412.0,74795.0
8191,30469.0,74780.0
8192,30442.0,74787.0
8193,30504.0,74770.0
8194,29210.0,73756.0
8195,29417.0,73761.0
8196,29440.0,73773.0
8197,29525.0,73790.0
8198,29585.0,73809.0
8199,29620.0,73817.0
8200,29696.0,73841.0
8201,29787.0,73873.0
8202,33500.0,77114.0
8203,29895.0,73940.0
8204,30026.0,74005.0
8205,30101.0,74055.0
8206,30124.0,74075.0
8207,30168.0,74099.0
8208,30191.0,74116.0
8209,30260.0,74155.0
8210,30339.0,74150.0
8211,30414.0,74140.0
8212,30492.0,72924.0
8213,30452.0,74580.0
8214,30520.0,74677.0
8215,30455.0,74516.0
8216,29744.0,74280.0
8217,29260.0,73589.0
8218,31152.0,75495.0
8219,29620.0,73436.0
8220,30160.0,73080.0
8221,30567.0,72817.0
8222,30459.0,73119.0
8223,30592.0,73932.0
8224,30533.0,73930.0
8225,30550.0,73975.0
8226,30432.0,73917.0
8227,30436.0,74026.0
8228,30580.0,73991.0
8229,30596.0,73957.0
8230,30809.0,73539.0
8231,30810.0,73518.0
8232,30549.0,74102.0
8233,29305.0,73520.0
8234,30140.0,72989.0
8235,30598.0,74829.0
8236,30580.0,74790.0
8237,30653.0,74807.0
8238,30621.0,74718.0
8239,30408.0,73140.0
8240,30541.0,74733.0
8241,30539.0,74703.0
8242,30602.0,74675.0
8243,30546.0,74663.0
8244,31885.0,76906.0
8245,31905.0,76856.0
8246,31929.0,76830.0
8247,32006.0,76793.0
8248,32110.0,76750.0
8249,32163.0,76705.0
8250,32254.0,76643.0
8251,32284.0,76629.0
8252,32297.0,76612.0
8253,32296.0,76588.0
8254,32302.0,76573.0
8255,32306.0,76554.0
8256,32317.0,76548.0
8257,32332.0,76527.0
8258,30501.0,74610.0
8259,30486.0,74630.0
8260,30517.0,74570.0
8261,33180.0,76455.0
8262,32730.0,76401.0
8263,32847.0,76494.0
8264,32937.0,76447.0
8265,32580.0,76504.0
8266,32998.0,76516.0
8267,33220.0,76440.0
8268,33340.0,76400.0
8269,32678.0,76847.0
8270,30503.0,74556.0
8271,32628.0,77025.0
8272,32506.0,76830.0
8273,32442.0,76772.0
8274,32427.0,76804.0
8275,32918.0,75309.0
8276,32393.0,76728.0
8277,32343.0,76664.0
8278,32348.0,76627.0
8279,32350.0,76620.0
8280,32351.0,76612.0
8281,32325.0,76581.0
8282,32305.0,76565.0
8283,32356.0,76589.0
8284,32365.0,76537.0
8285,32339.0,77100.0
8286,31976.0,77024.0
8287,32064.0,77105.0
8288,32204.0,77116.0
8289,30479.0,74577.0
8290,30442.0,74512.0
8291,30508.0,74516.0
8292,30480.0,74537.0
8293,31247.0,74669.0
8294,31197.0,74724.0
8295,31021.0,75036.0
8296,31760.0,74966.0
8297,31583.0,75437.0
8298,31905.0,75661.0
8299,30452.0,74679.0
8300,30529.0,74541.0
8301,31018.0,74706.0
8302,30701.0,74668.0
8303,30625.0,74654.0
8304,31009.0,74517.0
8305,31130.0,74149.0
8306,31100.0,73773.0
8307,30477.0,74437.0
8308,30783.0,73752.0
8309,30803.0,74255.0
8310,30809.0,73540.0
8311,30905.0,73140.0
8312,30211.0,73468.0
8313,30173.0,73191.0
8314,30530.0,73620.0
8315,30473.0,73135.0
8316,29224.0,73755.0
8317,29692.0,73840.0
8318,31896.0,76912.0
8319,32424.0,76812.0
8320,30445.0,74751.0
8321,30626.0,74628.0
8322,30648.0,74607.0
8323,30682.0,74662.0
8324,30716.0,74651.0
8325,30680.0,74674.0
8326,30714.0,74693.0
8327,30689.0,74721.0
8328,30743.0,74745.0
8329,30762.0,74767.0
8330,30720.0,74761.0
8331,30661.0,74860.0
8332,30695.0,74808.0
8333,30748.0,74940.0
8334,30820.0,74902.0
8335,30864.0,74971.0
8336,30860.0,74816.0
8337,30830.0,74900.0
8338,30776.0,74832.0
8339,30816.0,74815.0
8340,30734.0,74814.0
8341,30751.0,74781.0
8342,30912.0,74718.0
8343,30798.0,74688.0
8344,30941.0,74635.0
8345,31061.0,74579.0
8346,30986.0,74603.0
8347,31118.0,74495.0
8348,31200.0,74465.0
8349,31048.0,74253.0
8350,31164.0,74150.0
8351,30972.0,74367.0
8352,30993.0,74324.0
8353,31059.0,74360.0
8354,31009.0,74484.0
8355,30979.0,74480.0
8356,30868.0,74894.0
8357,30535.0,74408.0
8358,30429.0,74459.0
8359,30572.0,74569.0
8360,30554.0,74545.0
8361,30677.0,74592.0
8362,30641.0,74578.0
8363,30668.0,74551.0
8364,30744.0,74557.0
8365,30732.0,74525.0
8366,30660.0,74519.0
8367,30750.0,74482.0
8368,30585.0,74523.0
8369,30652.0,74449.0
8370,30646.0,74423.0
8371,30612.0,74380.0
8372,30574.0,74399.0
8373,32480.0,77089.0
8374,30406.0,73764.0
8375,30952.0,75142.0
8376,32482.0,75230.0
8377,31464.0,74542.0
8378,30428.0,74420.0
8379,30494.0,74389.0
8380,30504.0,74320.0
8381,30463.0,74286.0
8382,30428.0,74260.0
8383,29997.0,75550.0
8384,29966.0,75510.0
8385,29972.0,75443.0
8386,29752.0,75440.0
8387,29735.0,74755.0
8388,29658.0,75521.0
8389,29670.0,75550.0
8390,29720.0,75535.0
8391,29470.0,74169.0
8392,28457.0,74611.0
8393,29280.0,76069.0
8394,30675.0,74769.0
8395,31543.0,76650.0
8396,32290.0,77110.0
8397,32290.0,77240.0
8398,30934.0,75168.0
8399,31971.0,75252.0
8400,30204.0,74792.0
8401,30098.0,74764.0
8402,30089.0,74749.0
8403,30110.0,74817.0
8404,30096.0,74819.0
8405,30096.0,74779.0
8406,30519.0,74278.0
8407,29710.0,74516.0
8408,29175.0,74065.0
8409,28948.0,73918.0
8410,30547.0,74299.0
8411,30599.0,74294.0
8412,30686.0,74366.0
8413,30680.0,74348.0
8414,30789.0,74402.0
8415,30621.0,74258.0
8416,30671.0,74298.0
8417,30759.0,74287.0
8418,30787.0,74351.0
8419,30860.0,74387.0
8420,30862.0,74445.0
8421,30858.0,74480.0
8422,30915.0,74403.0
8423,30884.0,74402.0
8424,30874.0,74178.0
8425,30753.0,74150.0
8426,30694.0,74185.0
8427,30654.0,74162.0
8428,30563.0,74211.0
8429,30580.0,74192.0
8430,30461.0,74241.0
8431,30685.0,74055.0
8432,30796.0,74079.0
8433,30892.0,74137.0
8434,31161.0,74330.0
8435,30970.0,74039.0
8436,30993.0,74056.0
8437,31207.0,74193.0
8438,31192.0,73890.0
8439,31019.0,73798.0
8440,30988.0,73859.0
8441,31030.0,73947.0
8442,31011.0,73999.0
8443,30954.0,73960.0
8444,30981.0,73849.0
8445,30897.0,74086.0
8446,30697.0,74016.0
8447,30811.0,74028.0
8448,30796.0,73914.0
8449,30878.0,73862.0
8450,30850.0,73733.0
8451,30825.0,73722.0
8452,30770.0,73639.0
8453,30631.0,73678.0
8454,30721.0,73902.0
8455,30708.0,73916.0
8456,30658.0,73930.0
8457,31096.0,73355.0
8458,30996.0,73351.0
8459,31178.0,73750.0
8460,31124.0,73728.0
8461,31431.0,73696.0
8462,31470.0,73706.0
8463,30844.0,75038.0
8464,31760.0,77149.0
8465,31763.0,77152.0
8466,31333.0,77632.0
8467,31337.0,77632.0
8468,31174.0,77892.0
8469,31175.0,77895.0
8470,30721.0,78743.0
8471,30721.0,78746.0
8472,30544.0,79018.0
8473,30544.0,79021.0
8474,28741.0,75698.0
8475,28743.0,75698.0
8476,29233.0,75757.0
8477,29235.0,75758.0
8478,29579.0,75887.0
8479,29579.0,75887.0
8480,29797.0,75958.0
8481,29797.0,75958.0
8482,29549.0,76039.0
8483,29550.0,76037.0
8484,30220.0,76098.0
8485,30221.0,76099.0
8486,31007.0,76122.0
8487,31007.0,76122.0
8488,31445.0,76001.0
8489,31446.0,76001.0
8490,31919.0,75942.0
8491,31922.0,75940.0
8492,32295.0,75771.0
8493,32296.0,75771.0
8494,32600.0,76541.0
8495,30425.0,73110.0
8496,30021.0,73733.0
8497,30022.0,73734.0
8498,31141.0,74431.0
8499,31142.0,74433.0
8500,31593.0,74932.0
8501,31596.0,74935.0
8502,32288.0,75555.0
8503,32290.0,75557.0
8504,32581.0,75890.0
8505,32584.0,75892.0
8506,32774.0,76096.0
8507,32775.0,76098.0
8508,29071.0,73954.0
8509,30541.0,73090.0
8510,30323.0,74473.0
8511,30325.0,74472.0
8512,30312.0,74799.0
8513,30313.0,74799.0
8514,30822.0,75216.0
8515,30824.0,75215.0
8516,31752.0,75727.0
8517,31753.0,75725.0
8518,32282.0,76548.0
8519,32283.0,76549.0
8520,32285.0,76565.0
8521,32286.0,76565.0
8522,32237.0,76626.0
8523,32238.0,76627.0
8524,31869.0,76895.0
8525,31871.0,76897.0
8526,29073.0,73950.0
8527,30788.0,74881.0
8528,32485.0,77090.0
8529,30728.0,74861.0
8530,32512.0,77092.0
8531,29242.0,75874.0
8532,29380.0,75656.0
8533,29345.0,75828.0
8534,32582.0,77090.0
8535,32665.0,77064.0
8536,29427.0,75604.0
8537,29855.0,75294.0
8538,32664.0,76850.0
8539,29972.0,75195.0
8540,32662.0,76845.0
8541,30018.0,75170.0
8542,32637.0,76791.0
8543,30045.0,75163.0
8544,32641.0,76729.0
8545,30045.0,75165.0
8546,32646.0,76712.0
8547,30036.0,75083.0
8548,32610.0,76547.0
8549,30043.0,74944.0
8550,32608.0,76521.0
8551,30093.0,74870.0
8552,32649.0,76718.0
8553,30094.0,74875.0
8554,30673.0,75056.0
8555,30675.0,75054.0
8556,30090.0,74867.0
8557,30677.0,75052.0
8558,30119.0,74838.0
8559,30119.0,74838.0
8560,31298.0,77732.0
8561,31302.0,77734.0
8562,30114.0,74807.0
8563,30115.0,74800.0
8564,29210.0,75876.0
8565,30111.0,74790.0
8566,29750.0,74280.0
8567,32577.0,77091.0
8568,30108.0,74779.0
8569,30079.0,74748.0
8570,32645.0,76735.0
8571,32645.0,76800.0
8572,30032.0,74711.0
8573,30033.0,74711.0
8574,30338.0,73143.0
8575,30019.0,74713.0
8576,29750.0,74270.0
8577,29981.0,74706.0
8578,30388.0,73121.0
8579,29997.0,74562.0
8580,30300.0,73025.0
8581,29958.0,74420.0
8582,29755.0,74283.0
8583,29070.0,73956.0
8584,30321.0,74474.0
8585,30311.0,74799.0
8586,30820.0,75218.0
8587,31751.0,75729.0
8588,31917.0,75943.0
8589,32281.0,76547.0
8590,32284.0,76565.0
8591,32236.0,76625.0
8592,31867.0,76895.0
8593,29760.0,74295.0
8594,30709.0,72367.0
8595,28408.0,73978.0
8596,28190.0,74017.0
8597,28000.0,74012.0
8598,27876.0,74002.0
8599,27728.0,73968.0
8600,27442.0,73844.0
8601,27185.0,73743.0
8602,26846.0,73222.0
8603,26396.0,73208.0
8604,25826.0,73220.0
8605,25587.0,73223.0
8606,26239.0,73380.0
8607,25396.0,73536.0
8608,25563.0,73861.0
8609,25713.0,74253.0
8610,25788.0,74782.0
8611,25912.0,75057.0
8612,26040.0,75306.0
8613,26062.0,75858.0
8614,26196.0,75962.0
8615,26528.0,76162.0
8616,26548.0,76214.0
8617,26652.0,76268.0
8618,29765.0,74282.0
8619,29778.0,74285.0
8620,29792.0,74275.0
8621,29770.0,74300.0
8622,29755.0,74310.0
8623,28727.0,78281.0
8624,29022.0,78588.0
8625,29403.0,78909.0
8626,30000.0,79333.0
8627,30114.0,77046.0
8628,29983.0,77028.0
8629,31175.0,77899.0
8630,29780.0,74300.0
8631,29795.0,74286.0
8632,29795.0,74298.0
8633,32465.0,77873.0
8634,32887.0,77813.0
8635,33078.0,77699.0
8636,33039.0,77489.0
8637,33469.0,77134.0
8638,29790.0,74310.0
8639,33690.0,77056.0
8640,33818.0,76968.0
8641,33796.0,76765.0
8642,33530.0,76644.0
8643,33266.0,76344.0
8644,33132.0,76336.0
8645,33432.0,75670.0
8646,29785.0,74320.0
8647,33808.0,74780.0
8648,34204.0,73836.0
8649,33513.0,73485.0
8650,29785.0,74315.0
8651,29790.0,74335.0
8652,31985.0,72697.0
8653,31865.0,72563.0
8654,31833.0,72519.0
8655,31704.0,72380.0
8656,29917.0,75303.0
8657,29935.0,75314.0
8658,30378.0,72478.0
8659,30318.0,72528.0
8660,29938.0,72798.0
8661,29770.0,72798.0
8662,29505.0,72941.0
8663,29183.0,73125.0
8664,29141.0,73157.0
8665,29029.0,73377.0
8666,28903.0,73639.0
8667,29098.0,77239.0
8668,29097.0,77244.0
8669,28786.0,78202.0
8670,28784.0,78204.0
8671,27043.0,75899.0
8672,27041.0,75903.0
8673,30969.0,75095.0
8674,30943.0,75154.0
8675,30989.0,75170.0
8676,31044.0,75212.0
8677,31128.0,75057.0
8678,31209.0,75008.0
8679,31233.0,75088.0
8680,31083.0,75078.0
8681,31139.0,75113.0
8682,30994.0,75020.0
8683,31040.0,74912.0
8684,31022.0,74802.0
8685,30995.0,74799.0
8686,30931.0,74829.0
8687,31067.0,74807.0
8688,31115.0,74813.0
8689,31176.0,74736.0
8690,31298.0,74802.0
8691,31344.0,74880.0
8692,31491.0,74903.0
8693,31257.0,75191.0
8694,31171.0,75306.0
8695,31420.0,75235.0
8696,31520.0,75196.0
8697,31358.0,75254.0
8698,31290.0,75338.0
8699,31301.0,75373.0
8700,31282.0,75400.0
8701,31341.0,75458.0
8702,31418.0,75399.0
8703,31484.0,75558.0
8704,31489.0,75539.0
8705,31508.0,75544.0
8706,31479.0,75409.0
8707,31532.0,75427.0
8708,31803.0,75458.0
8709,31860.0,75495.0
8710,31997.0,75576.0
8711,31849.0,75608.0
8712,31904.0,75589.0
8713,31779.0,75623.0
8714,31789.0,75663.0
8715,31816.0,75658.0
8716,31931.0,75737.0
8717,32099.0,75942.0
8718,32186.0,75837.0
8719,32249.0,75808.0
8720,32493.0,75764.0
8721,32591.0,75788.0
8722,32568.0,75980.0
8723,32694.0,76296.0
8724,31480.0,75431.0
8725,32509.0,76043.0
8726,32512.0,76065.0
8727,32651.0,76141.0
8728,32207.0,75108.0
8729,32153.0,75024.0
8730,32260.0,74987.0
8731,32212.0,75098.0
8732,32193.0,75080.0
8733,31843.0,75327.0
8734,31801.0,75295.0
8735,31758.0,75377.0
8736,31712.0,75379.0
8737,31755.0,75200.0
8738,31718.0,75211.0
8739,31748.0,75312.0
8740,31661.0,75327.0
8741,31623.0,75252.0
8742,31678.0,75482.0
8743,31636.0,75461.0
8744,31611.0,75440.0
8745,33207.0,75479.0
8746,31611.0,75408.0
8747,31538.0,75402.0
8748,31549.0,75310.0
8749,31617.0,75312.0
8750,31734.0,75123.0
8751,31752.0,75191.0
8752,31603.0,74897.0
8753,31689.0,74710.0
8754,31421.0,74642.0
8755,31997.0,74990.0
8756,31574.0,74382.0
8757,30857.0,76069.0
8758,30912.0,76073.0
8759,30897.0,76136.0
8760,30791.0,76120.0
8761,30786.0,75887.0
8762,30725.0,75871.0
8763,30737.0,75941.0
8764,30722.0,75956.0
8765,30625.0,75972.0
8766,30674.0,76003.0
8767,30685.0,76200.0
8768,30746.0,76059.0
8769,30683.0,76082.0
8770,30483.0,76269.0
8771,30443.0,76247.0
8772,30433.0,76355.0
8773,30569.0,76341.0
8774,30634.0,76337.0
8775,30621.0,76310.0
8776,30581.0,76280.0
8777,30654.0,76223.0
8778,30566.0,76220.0
8779,30499.0,76199.0
8780,30464.0,76163.0
8781,30448.0,76204.0
8782,30418.0,76207.0
8783,30403.0,76166.0
8784,30369.0,76152.0
8785,30485.0,76129.0
8786,30494.0,76052.0
8787,30538.0,76067.0
8788,30554.0,76137.0
8789,30532.0,76319.0
8790,30494.0,76307.0
8791,30520.0,76276.0
8792,30514.0,76379.0
8793,30535.0,76364.0
8794,30544.0,76409.0
8795,30381.0,76534.0
8796,30409.0,76421.0
8797,30451.0,76379.0
8798,30375.0,76366.0
8799,30330.0,76386.0
8800,30200.0,76385.0
8801,30302.0,76275.0
8802,30208.0,76276.0
8803,30338.0,76469.0
8804,30253.0,76447.0
8805,29897.0,76280.0
8806,29834.0,76236.0
8807,29908.0,76195.0
8808,29891.0,76230.0
8809,29875.0,76171.0
8810,29937.0,76185.0
8811,29973.0,76097.0
8812,29964.0,76147.0
8813,29952.0,76235.0
8814,30095.0,76218.0
8815,30024.0,76162.0
8816,30025.0,76063.0
8817,30102.0,76280.0
8818,30229.0,76162.0
8819,30183.0,76029.0
8820,30229.0,76053.0
8821,30335.0,76177.0
8822,30189.0,75948.0
8823,30089.0,75950.0
8824,30577.0,75819.0
8825,30658.0,75873.0
8826,30590.0,75888.0
8827,30371.0,76125.0
8828,30415.0,76115.0
8829,30409.0,76037.0
8830,30392.0,76085.0
8831,30395.0,76021.0
8832,30311.0,76082.0
8833,30326.0,75973.0
8834,30443.0,76052.0
8835,30349.0,75961.0
8836,30399.0,75923.0
8837,30411.0,75968.0
8838,30453.0,76018.0
8839,30435.0,75948.0
8840,30501.0,75982.0
8841,30554.0,75925.0
8842,30237.0,76009.0
8843,30302.0,75912.0
8844,30202.0,75928.0
8845,30238.0,75917.0
8846,30195.0,75888.0
8847,30278.0,75884.0
8848,30266.0,75830.0
8849,30355.0,75849.0
8850,30321.0,75899.0
8851,30383.0,75888.0
8852,30453.0,75880.0
8853,30432.0,75829.0
8854,30561.0,75799.0
8855,30480.0,75798.0
8856,30513.0,75729.0
8857,30557.0,75617.0
8858,30453.0,75699.0
8859,30571.0,75711.0
8860,30594.0,75670.0
8861,30402.0,75777.0
8862,30670.0,74815.0
8863,30349.0,75741.0
8864,30505.0,75601.0
8865,30581.0,75553.0
8866,30513.0,75562.0
8867,30488.0,75536.0
8868,30439.0,75469.0
8869,30421.0,75503.0
8870,30434.0,75681.0
8871,30458.0,75637.0
8872,30391.0,75680.0
8873,30411.0,75618.0
8874,30323.0,75631.0
8875,30300.0,75675.0
8876,30271.0,75596.0
8877,30269.0,75634.0
8878,30388.0,75506.0
8879,30402.0,75585.0
8880,30200.0,75740.0
8881,30249.0,75730.0
8882,30171.0,75673.0
8883,30340.0,75713.0
8884,30232.0,75784.0
8885,30306.0,75781.0
8886,30203.0,75800.0
8887,30200.0,75849.0
8888,30168.0,75782.0
8889,30162.0,75887.0
8890,29822.0,76036.0
8891,29744.0,75943.0
8892,29823.0,75936.0
8893,29920.0,75949.0
8894,29678.0,75845.0
8895,29705.0,75787.0
8896,29695.0,75779.0
8897,29792.0,75709.0
8898,29809.0,75806.0
8899,29699.0,75710.0
8900,29620.0,75688.0
8901,29640.0,75645.0
8902,29733.0,76110.0
8903,29869.0,76185.0
8904,29790.0,76181.0
8905,29607.0,76098.0
8906,29581.0,76548.0
8907,29547.0,76125.0
8908,29404.0,76138.0
8909,29403.0,76170.0
8910,29339.0,76135.0
8911,29397.0,76109.0
8912,29380.0,76052.0
8913,29126.0,76093.0
8914,29128.0,76051.0
8915,29072.0,76030.0
8916,28911.0,75982.0
8917,29027.0,76079.0
8918,29006.0,76029.0
8919,29084.0,76023.0
8920,29125.0,75990.0
8921,29326.0,75989.0
8922,29364.0,75937.0
8923,29290.0,75981.0
8924,29258.0,75969.0
8925,29290.0,75956.0
8926,29292.0,76020.0
8927,29189.0,76038.0
8928,29287.0,76149.0
8929,29277.0,76019.0
8930,29223.0,75992.0
8931,29249.0,75991.0
8932,29232.0,75970.0
8933,29203.0,75932.0
8934,29210.0,75939.0
8935,29254.0,75942.0
8936,29256.0,75926.0
8937,29271.0,75934.0
8938,29298.0,75905.0
8939,29313.0,75882.0
8940,29409.0,75929.0
8941,29486.0,75915.0
8942,29421.0,75830.0
8943,29440.0,75952.0
8944,29426.0,76024.0
8945,29483.0,76002.0
8946,29495.0,75947.0
8947,29551.0,75920.0
8948,29535.0,75961.0
8949,29472.0,76084.0
8950,30695.0,74748.0
8951,29585.0,75833.0
8952,29464.0,75805.0
8953,29571.0,75795.0
8954,29479.0,75672.0
8955,29441.0,75710.0
8956,29429.0,75628.0
8957,29423.0,75687.0
8958,29495.0,75633.0
8959,29407.0,75606.0
8960,29360.0,75612.0
8961,29373.0,75588.0
8962,29914.0,75152.0
8963,29850.0,75142.0
8964,29862.0,75203.0
8965,29832.0,75217.0
8966,29824.0,75184.0
8967,29740.0,75147.0
8968,29736.0,75094.0
8969,29799.0,75125.0
8970,29734.0,75268.0
8971,29686.0,75259.0
8972,29697.0,75244.0
8973,29780.0,75244.0
8974,29701.0,75361.0
8975,29844.0,75255.0
8976,29521.0,75467.0
8977,29661.0,75393.0
8978,29516.0,75394.0
8979,29323.0,75414.0
8980,29325.0,75365.0
8981,29439.0,75420.0
8982,29466.0,75368.0
8983,29445.0,75330.0
8984,29372.0,75311.0
8985,29436.0,75271.0
8986,29423.0,75262.0
8987,29408.0,75286.0
8988,29521.0,75358.0
8989,29543.0,75234.0
8990,29488.0,75215.0
8991,29495.0,75167.0
8992,29492.0,75193.0
8993,29447.0,75200.0
8994,29616.0,75132.0
8995,29629.0,75186.0
8996,29562.0,75148.0
8997,29580.0,75175.0
8998,29498.0,75156.0
8999,30731.0,74789.0
9000,29498.0,75121.0
9001,29543.0,75144.0
9002,29554.0,75095.0
9003,29570.0,75058.0
9004,29630.0,75070.0
9005,29572.0,75126.0
9006,29618.0,75063.0
9007,29672.0,75057.0
9008,29667.0,75151.0
9009,29681.0,75179.0
9010,29633.0,75177.0
9011,29638.0,75208.0
9012,29308.0,75837.0
9013,29219.0,75825.0
9014,30785.0,74852.0
9015,28755.0,75810.0
9016,29083.0,75824.0
9017,28992.0,75833.0
9018,29096.0,75751.0
9019,29175.0,75787.0
9020,29212.0,75725.0
9021,29159.0,75746.0
9022,29069.0,75660.0
9023,29058.0,75607.0
9024,28978.0,75605.0
9025,29257.0,75558.0
9026,30697.0,74838.0
9027,29203.0,75500.0
9028,29130.0,75692.0
9029,29186.0,75674.0
9030,29148.0,75656.0
9031,29306.0,75668.0
9032,29313.0,75725.0
9033,29228.0,75691.0
9034,28943.0,76221.0
9035,28959.0,76165.0
9036,28603.0,76912.0
9037,29209.0,75859.0
9038,29204.0,75858.0
9039,30380.0,73030.0
9040,29122.0,75615.0
9041,30480.0,72960.0
9042,29177.0,75682.0
9043,29168.0,75647.0
9044,29726.0,74960.0
9045,29903.0,75452.0
9046,29790.0,75591.0
9047,30150.0,75556.0
9048,31150.0,75492.0
9049,31050.0,75878.0
9050,31103.0,75783.0
9051,30545.0,76200.0
9052,30653.0,76074.0
9053,30177.0,76300.0
9054,30417.0,75874.0
9055,30305.0,75644.0
9056,29279.0,75909.0
9057,29470.0,75747.0
9058,29670.0,74803.0
9059,29645.0,74829.0
9060,29593.0,74799.0
9061,29463.0,74800.0
9062,29432.0,74761.0
9063,29463.0,74522.0
9064,29432.0,74500.0
9065,29649.0,74753.0
9066,29550.0,74682.0
9067,29686.0,74587.0
9068,29642.0,74434.0
9069,29500.0,74456.0
9070,29496.0,74482.0
9071,29564.0,74548.0
9072,29505.0,74538.0
9073,29610.0,74400.0
9074,29521.0,74467.0
9075,29459.0,74364.0
9076,29357.0,74305.0
9077,29399.0,74535.0
9078,29400.0,74510.0
9079,29313.0,74418.0
9080,29348.0,74455.0
9081,29158.0,74211.0
9082,29192.0,74150.0
9083,29051.0,74256.0
9084,28980.0,74418.0
9085,29051.0,74354.0
9086,29356.0,74486.0
9087,29364.0,74534.0
9088,29436.0,74862.0
9089,29343.0,74912.0
9090,29297.0,75285.0
9091,31840.0,75805.0
9092,32200.0,76748.0
9093,32885.0,76731.0
9094,30637.0,74836.0
9095,30701.0,74741.0
9096,30769.0,74571.0
9097,30682.0,74301.0
9098,30844.0,74461.0
9099,30706.0,74100.0
9100,30845.0,74096.0
9101,30980.0,73928.0
9102,30936.0,73989.0
9103,30996.0,74014.0
9104,31097.0,73175.0
9105,31100.0,73171.0
9106,31443.0,73005.0
9107,31449.0,73000.0
9108,31700.0,72755.0
9109,31703.0,72751.0
9110,29478.0,75222.0
9111,29545.0,75306.0
9112,29459.0,75338.0
9113,29419.0,75347.0
9114,29395.0,75335.0
9115,29360.0,75298.0
9116,29347.0,75286.0
9117,29453.0,75391.0
9118,29441.0,75413.0
9119,29364.0,75388.0
9120,29325.0,75370.0
9121,29842.0,75822.0
9122,29928.0,75898.0
9123,29927.0,75908.0
9124,29965.0,75922.0
9125,30044.0,75982.0
9126,30055.0,75997.0
9127,30210.0,75683.0
9128,30262.0,75718.0
9129,30342.0,75753.0
9130,30087.0,76048.0
9131,30133.0,76124.0
9132,30187.0,76053.0
9133,30338.0,76568.0
9134,31137.0,76399.0
9135,30892.0,76142.0
9136,30818.0,76098.0
9137,30738.0,76002.0
9138,30629.0,76043.0
9139,30951.0,75415.0
9140,30558.0,75250.0
9141,30570.0,75270.0
9142,30623.0,75235.0
9143,30657.0,75466.0
9144,30568.0,75165.0
9145,30571.0,75157.0
9146,30575.0,75150.0
9147,31232.0,75541.0
9148,31162.0,75500.0
9149,31215.0,75168.0
9150,31148.0,75291.0
9151,30151.0,74505.0
9152,30237.0,74842.0
9153,30238.0,74853.0
9154,30242.0,74875.0
9155,30247.0,74902.0
9156,30248.0,74914.0
9157,30607.0,74742.0
9158,30682.0,74744.0
9159,30693.0,74729.0
9160,30903.0,74786.0
9161,30778.0,74319.0
9162,30697.0,74279.0
9163,30998.0,74918.0
9164,31000.0,74958.0
9165,31041.0,74988.0
9166,31058.0,74807.0
9167,31102.0,74715.0
9168,31114.0,74343.0
9169,31554.0,74940.0
9170,31562.0,74954.0
9171,31595.0,74993.0
9172,31807.0,74920.0
9173,31478.0,74520.0
9174,29780.0,74335.0
9175,32822.0,76825.0
9176,30386.0,73190.0
9177,32468.0,75231.0
9178,31937.0,77058.0
9179,32064.0,77122.0
9180,32157.0,76942.0
9181,30498.0,72575.0
9182,29772.0,74326.0
9183,29800.0,74358.0
9184,29802.0,74350.0
9185,29798.0,74360.0
9186,29797.0,74362.0
9187,30551.0,72605.0
9188,29740.0,74265.0
9189,30608.0,72615.0
9190,30600.0,72490.0
9191,30540.0,72530.0
9192,30736.0,72595.0
9193,30642.0,72330.0
9194,30718.0,72350.0
9195,30770.0,72200.0
9196,30840.0,72146.0
9197,30810.0,72200.0
9198,30880.0,72263.0
9199,30685.0,72220.0
9200,31118.0,71888.0
9201,31214.0,72081.0
9202,31169.0,72228.0
9203,31315.0,72251.0
9204,31453.0,72274.0
9205,31482.0,72355.0
9206,29752.0,74348.0
9207,29684.0,74238.0
9208,31048.0,72395.0
9209,31228.0,72490.0
9210,29670.0,74245.0
9211,29658.0,74253.0
9212,29623.0,74240.0
9213,30525.0,74187.0
9214,30530.0,74172.0
9215,30539.0,74187.0
9216,30534.0,74172.0
9217,30710.0,73962.0
9218,30649.0,73822.0
9219,30847.0,73705.0
9220,30725.0,72188.0
9221,30759.0,73657.0
9222,30693.0,73634.0
9223,30782.0,73603.0
9224,30884.0,73679.0
9225,30941.0,73761.0
9226,31033.0,73769.0
9227,31109.0,73628.0
9228,31136.0,73587.0
9229,31213.0,73784.0
9230,31035.0,73546.0
9231,31048.0,73500.0
9232,31042.0,73971.0
9233,31182.0,73879.0
9234,31335.0,73735.0
9235,31332.0,73757.0
9236,31339.0,73789.0
9237,31368.0,73814.0
9238,31437.0,73816.0
9239,30632.0,74701.0
9240,31480.0,74118.0
9241,31378.0,74040.0
9242,31252.0,73998.0
9243,31077.0,74007.0
9244,31030.0,74083.0
9245,31030.0,74147.0
9246,31033.0,74272.0
9247,31094.0,73348.0
9248,31123.0,73247.0
9249,31194.0,73115.0
9250,30667.0,73762.0
9251,31138.0,73770.0
9252,30670.0,72430.0
9253,30973.0,73070.0
9254,31025.0,73074.0
9255,30955.0,73020.0
9256,29805.0,74405.0
9257,29780.0,74330.0
9258,29855.0,74388.0
9259,31581.0,73662.0
9260,30970.0,72908.0
9261,31130.0,72730.0
9262,31333.0,72582.0
9263,31303.0,72488.0
9264,31387.0,72648.0
9265,31044.0,72959.0
9266,31163.0,72959.0
9267,31069.0,72920.0
9268,31114.0,72869.0
9269,27764.0,77620.0
9270,26068.0,73250.0
9271,27579.0,76934.0
9272,30100.0,74516.0
9273,31542.0,76708.0
9274,31633.0,76718.0
9275,31403.0,76663.0
9276,31400.0,76688.0
9277,31391.0,76687.0
9278,31393.0,76698.0
9279,31402.0,76698.0
9280,31429.0,76696.0
9281,31395.0,76722.0
9282,31398.0,76743.0
9283,31448.0,76818.0
9284,31291.0,76751.0
9285,31337.0,76700.0
9286,28992.0,75479.0
9287,31313.0,76538.0
9288,31174.0,76628.0
9289,31161.0,76543.0
9290,31084.0,76622.0
9291,31010.0,76570.0
9292,30973.0,76610.0
9293,31012.0,76599.0
9294,30910.0,76630.0
9295,30821.0,76698.0
9296,30763.0,76623.0
9297,30717.0,76572.0
9298,30657.0,76619.0
9299,30623.0,76582.0
9300,30540.0,76623.0
9301,30571.0,76684.0
9302,30586.0,76810.0
9303,30670.0,76814.0
9304,30479.0,76585.0
9305,30410.0,76638.0
9306,30334.0,76698.0
9307,30344.0,76747.0
9308,30254.0,76759.0
9309,31620.0,76945.0
9310,31598.0,76942.0
9311,31519.0,77055.0
9312,31548.0,76930.0
9313,31708.0,77107.0
9314,31753.0,77143.0
9315,31566.0,77264.0
9316,31556.0,77261.0
9317,31493.0,77305.0
9318,31388.0,77175.0
9319,31388.0,77154.0
9320,31335.0,76948.0
9321,31293.0,76864.0
9322,31228.0,76926.0
9323,31155.0,76954.0
9324,31086.0,76864.0
9325,31087.0,76981.0
9326,31100.0,77052.0
9327,31113.0,77161.0
9328,31335.0,77578.0
9329,31328.0,77603.0
9330,31322.0,77628.0
9331,31258.0,77662.0
9332,31189.0,77478.0
9333,31102.0,77562.0
9334,31281.0,77709.0
9335,31254.0,77623.0
9336,31215.0,77603.0
9337,31025.0,77741.0
9338,31014.0,77722.0
9339,31052.0,77538.0
9340,30982.0,77593.0
9341,30950.0,77619.0
9342,30843.0,77700.0
9343,30838.0,77703.0
9344,30495.0,77684.0
9345,30649.0,77524.0
9346,30668.0,77489.0
9347,30874.0,77498.0
9348,30788.0,77394.0
9349,30763.0,77365.0
9350,30553.0,74818.0
9351,30742.0,77360.0
9352,30747.0,77344.0
9353,30548.0,74823.0
9354,30690.0,77350.0
9355,30612.0,77414.0
9356,30546.0,77300.0
9357,30509.0,77278.0
9358,30504.0,77277.0
9359,30448.0,77328.0
9360,30438.0,77268.0
9361,30416.0,77266.0
9362,30478.0,77162.0
9363,30630.0,77176.0
9364,30633.0,77158.0
9365,30898.0,77321.0
9366,30848.0,77241.0
9367,30949.0,77202.0
9368,31038.0,77152.0
9369,30978.0,77073.0
9370,31032.0,76873.0
9371,30938.0,76902.0
9372,30741.0,77036.0
9373,30702.0,77064.0
9374,30620.0,77044.0
9375,30820.0,77000.0
9376,30700.0,76869.0
9377,30595.0,76872.0
9378,30469.0,76870.0
9379,30363.0,76849.0
9380,30315.0,76886.0
9381,30384.0,76983.0
9382,30403.0,77066.0
9383,30393.0,77107.0
9384,30390.0,77172.0
9385,30238.0,77103.0
9386,30198.0,76979.0
9387,30169.0,77003.0
9388,30123.0,76898.0
9389,30027.0,76893.0
9390,29898.0,76998.0
9391,29834.0,77079.0
9392,29928.0,77106.0
9393,29938.0,77126.0
9394,29958.0,77105.0
9395,29960.0,77102.0
9396,29958.0,77075.0
9397,29943.0,77057.0
9398,29969.0,77086.0
9399,29991.0,77104.0
9400,30029.0,77112.0
9401,30019.0,77120.0
9402,30119.0,77185.0
9403,30138.0,77192.0
9404,30281.0,77202.0
9405,30248.0,77315.0
9406,30264.0,77303.0
9407,30335.0,77246.0
9408,30354.0,77231.0
9409,30365.0,77243.0
9410,30385.0,77240.0
9411,30381.0,77248.0
9412,30373.0,77253.0
9413,30380.0,77253.0
9414,30378.0,77259.0
9415,30378.0,77269.0
9416,30378.0,77315.0
9417,30378.0,77337.0
9418,30358.0,77352.0
9419,30385.0,77379.0
9420,30306.0,77441.0
9421,30330.0,77372.0
9422,30270.0,77469.0
9423,30189.0,77531.0
9424,30101.0,77373.0
9425,29903.0,77224.0
9426,29800.0,77345.0
9427,29812.0,77395.0
9428,29735.0,77263.0
9429,29721.0,77467.0
9430,29904.0,77561.0
9431,29804.0,77628.0
9432,29985.0,77665.0
9433,29996.0,77679.0
9434,29973.0,77699.0
9435,29908.0,77753.0
9436,30560.0,74840.0
9437,30344.0,77536.0
9438,30309.0,77642.0
9439,30460.0,77801.0
9440,31170.0,77880.0
9441,30551.0,77913.0
9442,30908.0,77892.0
9443,30700.0,78367.0
9444,30701.0,78435.0
9445,30587.0,77897.0
9446,30718.0,78032.0
9447,30428.0,78558.0
9448,30423.0,78393.0
9449,30561.0,78302.0
9450,30358.0,78057.0
9451,30333.0,78050.0
9452,30325.0,78086.0
9453,29995.0,77693.0
9454,29968.0,77845.0
9455,30044.0,78138.0
9456,29890.0,78248.0
9457,29989.0,78426.0
9458,29636.0,78372.0
9459,29644.0,78300.0
9460,29725.0,78214.0
9461,29485.0,78253.0
9462,29419.0,78134.0
9463,29438.0,78122.0
9464,29611.0,78017.0
9465,29632.0,77995.0
9466,29695.0,77930.0
9467,29729.0,77901.0
9468,29698.0,77866.0
9469,29566.0,77786.0
9470,29548.0,77714.0
9471,29559.0,77631.0
9472,29519.0,77652.0
9473,30346.0,77238.0
9474,29624.0,77529.0
9475,29636.0,77515.0
9476,29643.0,77524.0
9477,29668.0,77506.0
9478,29618.0,77491.0
9479,29596.0,77463.0
9480,29662.0,77341.0
9481,29466.0,77337.0
9482,29438.0,77307.0
9483,29543.0,77501.0
9484,29390.0,77483.0
9485,29467.0,77528.0
9486,29449.0,77580.0
9487,29469.0,77603.0
9488,29444.0,77610.0
9489,29433.0,77596.0
9490,29429.0,77598.0
9491,29418.0,77590.0
9492,29398.0,77613.0
9493,29420.0,77614.0
9494,29418.0,77631.0
9495,29413.0,77702.0
9496,29520.0,77693.0
9497,29468.0,77725.0
9498,29488.0,77739.0
9499,29318.0,77650.0
9500,29308.0,77658.0
9501,29302.0,77645.0
9502,29298.0,77631.0
9503,29292.0,77481.0
9504,29193.0,77694.0
9505,29080.0,77712.0
9506,29078.0,77721.0
9507,28857.0,77772.0
9508,28858.0,77844.0
9509,29073.0,77953.0
9510,29055.0,77967.0
9511,29090.0,77964.0
9512,29107.0,77977.0
9513,29359.0,77800.0
9514,29293.0,77903.0
9515,29253.0,77996.0
9516,29238.0,78040.0
9517,29280.0,78043.0
9518,29286.0,78052.0
9519,29323.0,78128.0
9520,29358.0,78141.0
9521,29338.0,78163.0
9522,29313.0,78163.0
9523,29317.0,78135.0
9524,29313.0,78140.0
9525,29259.0,78134.0
9526,29212.0,78132.0
9527,29212.0,78139.0
9528,29211.0,78150.0
9529,29203.0,78126.0
9530,29196.0,78140.0
9531,29177.0,78180.0
9532,29210.0,78182.0
9533,29211.0,78171.0
9534,29228.0,78170.0
9535,29261.0,78166.0
9536,29260.0,78185.0
9537,29318.0,78207.0
9538,29301.0,78163.0
9539,29307.0,78194.0
9540,29353.0,78268.0
9541,29373.0,78350.0
9542,29380.0,78360.0
9543,29380.0,78367.0
9544,29379.0,78382.0
9545,29376.0,78402.0
9546,29238.0,78399.0
9547,29213.0,78370.0
9548,29122.0,78300.0
9549,29056.0,78172.0
9550,29021.0,77980.0
9551,28963.0,78147.0
9552,28822.0,78140.0
9553,28804.0,78114.0
9554,28700.0,78024.0
9555,28764.0,78149.0
9556,28893.0,78286.0
9557,28848.0,78339.0
9558,30361.0,77242.0
9559,29012.0,78358.0
9560,29093.0,78438.0
9561,29323.0,78662.0
9562,29499.0,78648.0
9563,29548.0,78634.0
9564,29526.0,78709.0
9565,29497.0,78797.0
9566,29476.0,78836.0
9567,29453.0,78878.0
9568,29508.0,78894.0
9569,29657.0,78954.0
9570,29901.0,79100.0
9571,30043.0,79211.0
9572,30028.0,79112.0
9573,30054.0,79065.0
9574,30128.0,78972.0
9575,30124.0,78797.0
9576,30020.0,78692.0
9577,30030.0,78670.0
9578,30199.0,78657.0
9579,30217.0,78669.0
9580,30105.0,78563.0
9581,30433.0,78979.0
9582,30414.0,79040.0
9583,30527.0,79025.0
9584,30542.0,79014.0
9585,30575.0,78972.0
9586,30714.0,78742.0
9587,30299.0,78739.0
9588,30712.0,78569.0
9589,30704.0,78469.0
9590,30112.0,76878.0
9591,30610.0,74809.0
9592,29513.0,77697.0
9593,29326.0,77404.0
9594,29186.0,78161.0
9595,30140.0,78524.0
9596,30213.0,78370.0
9597,30272.0,78222.0
9598,30277.0,78202.0
9599,30396.0,77095.0
9600,30330.0,77140.0
9601,30280.0,77210.0
9602,30318.0,77325.0
9603,30319.0,77336.0
9604,30355.0,77393.0
9605,30362.0,77398.0
9606,30369.0,77468.0
9607,30363.0,77466.0
9608,30355.0,77402.0
9609,30351.0,77395.0
9610,30316.0,77339.0
9611,30309.0,77334.0
9612,30213.0,77180.0
9613,30379.0,77273.0
9614,30304.0,77340.0
9615,30393.0,77091.0
9616,30385.0,77386.0
9617,31358.0,76747.0
9618,31332.0,76717.0
9619,31345.0,76677.0
9620,31365.0,76627.0
9621,30245.0,78330.0
9622,31617.0,76792.0
9623,31274.0,77720.0
9624,27471.0,76892.0
9625,31672.0,77234.0
9626,30192.0,77366.0
9627,30270.0,77299.0
9628,28994.0,78436.0
9629,30337.0,77318.0
9630,29662.0,78098.0
9631,30122.0,78053.0
9632,30113.0,78249.0
9633,30152.0,77927.0
9634,30250.0,77992.0
9635,30293.0,77794.0
9636,30294.0,77786.0
9637,30302.0,78028.0
9638,30195.0,78414.0
9639,30220.0,78377.0
9640,30342.0,78357.0
9641,30462.0,78194.0
9642,30545.0,78107.0
9643,30462.0,77980.0
9644,30735.0,77777.0
9645,30740.0,77780.0
9646,30848.0,77927.0
9647,30717.0,78028.0
9648,30110.0,77595.0
9649,30342.0,77541.0
9650,30418.0,77902.0
9651,28662.0,75898.0
9652,30578.0,77617.0
9653,31251.0,77750.0
9654,31699.0,77087.0
9655,31348.0,77014.0
9656,31174.0,76942.0
9657,31127.0,76840.0
9658,31427.0,77367.0
9659,31190.0,77298.0
9660,28541.0,76431.0
9661,31041.0,77146.0
9662,30892.0,76906.0
9663,30701.0,76788.0
9664,30965.0,77058.0
9665,30755.0,77130.0
9666,30657.0,77163.0
9667,30629.0,77188.0
9668,30644.0,77154.0
9669,30535.0,77113.0
9670,30401.0,77051.0
9671,30412.0,77356.0
9672,30602.0,77597.0
9673,29998.0,76768.0
9674,30052.0,76750.0
9675,30075.0,76668.0
9676,30085.0,76578.0
9677,30010.0,76635.0
9678,29982.0,76658.0
9679,30178.0,76504.0
9680,30093.0,76474.0
9681,30095.0,76453.0
9682,30098.0,76415.0
9683,30098.0,76364.0
9684,30112.0,76352.0
9685,30098.0,76352.0
9686,30046.0,76347.0
9687,30073.0,76383.0
9688,30033.0,76414.0
9689,29982.0,76348.0
9690,29944.0,76358.0
9691,29923.0,76368.0
9692,29870.0,76357.0
9693,29821.0,76342.0
9694,29786.0,76298.0
9695,29861.0,76396.0
9696,29880.0,76432.0
9697,29882.0,76483.0
9698,29840.0,76533.0
9699,29888.0,76530.0
9700,29878.0,76537.0
9701,29821.0,76426.0
9702,29717.0,76510.0
9703,29715.0,76434.0
9704,29754.0,76633.0
9705,29751.0,76678.0
9706,29808.0,76707.0
9707,29798.0,76738.0
9708,29879.0,76738.0
9709,29837.0,76773.0
9710,29781.0,76780.0
9711,29779.0,76818.0
9712,29820.0,76897.0
9713,29729.0,76860.0
9714,29725.0,76958.0
9715,29699.0,77012.0
9716,29668.0,76902.0
9717,29625.0,76935.0
9718,29602.0,76828.0
9719,29559.0,76848.0
9720,29538.0,76876.0
9721,29531.0,76881.0
9722,29524.0,76886.0
9723,29506.0,76863.0
9724,29490.0,76844.0
9725,29506.0,76831.0
9726,29494.0,76813.0
9727,29448.0,76830.0
9728,29469.0,76782.0
9729,29474.0,76788.0
9730,29502.0,76767.0
9731,29528.0,76814.0
9732,29535.0,76822.0
9733,29576.0,76835.0
9734,29595.0,76820.0
9735,29583.0,76804.0
9736,29568.0,76783.0
9737,29561.0,76790.0
9738,29548.0,76799.0
9739,29560.0,76735.0
9740,29542.0,76750.0
9741,29534.0,76736.0
9742,29518.0,76717.0
9743,29501.0,76695.0
9744,29438.0,76742.0
9745,29406.0,76700.0
9746,29468.0,76647.0
9747,29513.0,76618.0
9748,29508.0,76657.0
9749,29521.0,76610.0
9750,29527.0,76605.0
9751,29555.0,76668.0
9752,29589.0,76711.0
9753,29600.0,76730.0
9754,29613.0,76748.0
9755,29618.0,76744.0
9756,29638.0,76771.0
9757,29646.0,76779.0
9758,29668.0,76778.0
9759,29736.0,76740.0
9760,29680.0,76696.0
9761,29650.0,76720.0
9762,29653.0,76662.0
9763,29637.0,76645.0
9764,29613.0,76613.0
9765,29598.0,76571.0
9766,29618.0,76562.0
9767,29549.0,76502.0
9768,29513.0,76452.0
9769,29510.0,76442.0
9770,29545.0,76398.0
9771,29598.0,76356.0
9772,29704.0,76239.0
9773,29658.0,76171.0
9774,29561.0,76242.0
9775,29531.0,76268.0
9776,29570.0,76315.0
9777,29484.0,76207.0
9778,29688.0,76622.0
9779,29738.0,76584.0
9780,29337.0,76220.0
9781,29391.0,76288.0
9782,29437.0,76345.0
9783,28875.0,76013.0
9784,29460.0,76378.0
9785,29499.0,76558.0
9786,29453.0,76495.0
9787,29462.0,76488.0
9788,29382.0,76388.0
9789,29386.0,76384.0
9790,29338.0,76318.0
9791,29290.0,76255.0
9792,29258.0,76216.0
9793,29220.0,76170.0
9794,29163.0,76188.0
9795,29142.0,76192.0
9796,29088.0,76212.0
9797,29058.0,76235.0
9798,29072.0,76253.0
9799,29148.0,76362.0
9800,29228.0,76300.0
9801,29195.0,76424.0
9802,29166.0,76559.0
9803,29234.0,76505.0
9804,28939.0,76308.0
9805,29264.0,76484.0
9806,29387.0,76545.0
9807,29422.0,76588.0
9808,29321.0,76592.0
9809,29368.0,76652.0
9810,29342.0,76751.0
9811,29273.0,76805.0
9812,29260.0,76815.0
9813,29240.0,76828.0
9814,29223.0,76840.0
9815,29146.0,76794.0
9816,29352.0,76906.0
9817,29381.0,76931.0
9818,29412.0,76973.0
9819,29433.0,76998.0
9820,29458.0,76871.0
9821,29507.0,76934.0
9822,29553.0,76993.0
9823,29557.0,76990.0
9824,29598.0,77038.0
9825,29510.0,77026.0
9826,29486.0,77046.0
9827,29465.0,77023.0
9828,29420.0,77098.0
9829,29448.0,77122.0
9830,29378.0,77237.0
9831,29368.0,77248.0
9832,29374.0,77253.0
9833,29397.0,77271.0
9834,29367.0,77287.0
9835,29360.0,77262.0
9836,29350.0,77271.0
9837,29333.0,77284.0
9838,29334.0,77318.0
9839,29317.0,77295.0
9840,29298.0,77347.0
9841,29272.0,77289.0
9842,29256.0,77286.0
9843,29229.0,77283.0
9844,29307.0,77170.0
9845,29313.0,77167.0
9846,29339.0,77221.0
9847,29108.0,76940.0
9848,29181.0,77078.0
9849,29281.0,77187.0
9850,29253.0,77153.0
9851,29119.0,77198.0
9852,29178.0,77242.0
9853,29121.0,77287.0
9854,29100.0,77333.0
9855,29054.0,77468.0
9856,29055.0,77533.0
9857,28923.0,77430.0
9858,28841.0,77349.0
9859,28945.0,77334.0
9860,28994.0,77292.0
9861,28724.0,77578.0
9862,28654.0,77597.0
9863,28768.0,77763.0
9864,28702.0,77800.0
9865,28614.0,77783.0
9866,28534.0,77740.0
9867,28506.0,77749.0
9868,28518.0,77724.0
9869,28525.0,77698.0
9870,28462.0,77451.0
9871,28568.0,77475.0
9872,28574.0,77471.0
9873,28578.0,77462.0
9874,28551.0,77439.0
9875,28604.0,77448.0
9876,28629.0,77436.0
9877,28613.0,77412.0
9878,28540.0,77359.0
9879,28529.0,77286.0
9880,28722.0,77331.0
9881,28855.0,77210.0
9882,28737.0,77186.0
9883,28813.0,77122.0
9884,28880.0,77192.0
9885,28905.0,77172.0
9886,28958.0,77113.0
9887,28998.0,77068.0
9888,29051.0,77088.0
9889,29020.0,77046.0
9890,28969.0,76985.0
9891,28940.0,76956.0
9892,28920.0,76921.0
9893,28773.0,76911.0
9894,28758.0,77023.0
9895,28525.0,77098.0
9896,28473.0,77040.0
9897,28531.0,77032.0
9898,28541.0,76898.0
9899,28610.0,76914.0
9900,28616.0,76876.0
9901,28618.0,76860.0
9902,28600.0,76850.0
9903,28568.0,76792.0
9904,28475.0,76670.0
9905,28425.0,76604.0
9906,28562.0,76661.0
9907,28630.0,76850.0
9908,28608.0,76752.0
9909,28655.0,76779.0
9910,28678.0,76790.0
9911,28753.0,76793.0
9912,28938.0,76824.0
9913,29020.0,76533.0
9914,29068.0,76618.0
9915,29020.0,76646.0
9916,28958.0,76657.0
9917,28923.0,76696.0
9918,29034.0,76520.0
9919,28780.0,76553.0
9920,28670.0,76566.0
9921,28668.0,76622.0
9922,28704.0,76677.0
9923,28671.0,76671.0
9924,28523.0,76506.0
9925,28495.0,76472.0
9926,28547.0,76493.0
9927,28575.0,76477.0
9928,28545.0,76439.0
9929,28628.0,76448.0
9930,28682.0,76466.0
9931,28690.0,76393.0
9932,28684.0,76398.0
9933,28603.0,76393.0
9934,28648.0,76355.0
9935,28683.0,76368.0
9936,28708.0,76388.0
9937,28759.0,76382.0
9938,28798.0,76368.0
9939,28781.0,76350.0
9940,28760.0,76333.0
9941,28808.0,76287.0
9942,28889.0,76233.0
9943,28907.0,76220.0
9944,28871.0,76182.0
9945,28817.0,76158.0
9946,28797.0,76074.0
9947,28812.0,76044.0
9948,28781.0,76005.0
9949,28787.0,75950.0
9950,28753.0,75970.0
9951,28745.0,76027.0
9952,28691.0,76043.0
9953,28620.0,76110.0
9954,28549.0,76069.0
9955,28406.0,76081.0
9956,28463.0,76150.0
9957,28498.0,76195.0
9958,28576.0,76273.0
9959,28476.0,76350.0
9960,28427.0,76278.0
9961,28345.0,76238.0
9962,28250.0,76327.0
9963,28269.0,76351.0
9964,28302.0,76393.0
9965,28366.0,76418.0
9966,28256.0,76432.0
9967,28242.0,76419.0
9968,28221.0,76397.0
9969,28216.0,76392.0
9970,28205.0,76391.0
9971,28198.0,76387.0
9972,28209.0,76368.0
9973,28211.0,76398.0
9974,28215.0,76400.0
9975,28228.0,76437.0
9976,28236.0,76423.0
9977,28253.0,76440.0
9978,28245.0,76456.0
9979,28055.0,76576.0
9980,28188.0,76615.0
9981,28204.0,76650.0
9982,28293.0,76723.0
9983,28195.0,76783.0
9984,28275.0,76782.0
9985,28243.0,76829.0
9986,28170.0,76838.0
9987,28364.0,76876.0
9988,28062.0,76803.0
9989,27960.0,76814.0
9990,27909.0,76814.0
9991,27964.0,76900.0
9992,27822.0,76809.0
9993,27811.0,76743.0
9994,27796.0,76733.0
9995,27803.0,76743.0
9996,27794.0,76744.0
9997,27738.0,76750.0
9998,27718.0,76755.0
9999,29952.0,76880.0
10000,27749.0,76810.0
10001,27673.0,76813.0
10002,27763.0,76825.0
10003,27648.0,76845.0
10004,27765.0,76833.0
10005,27771.0,76838.0
10006,27740.0,76864.0
10007,27720.0,76833.0
10008,27714.0,76864.0
10009,27731.0,76880.0
10010,27703.0,76905.0
10011,27604.0,76859.0
10012,27644.0,76819.0
10013,27626.0,76802.0
10014,27628.0,76811.0
10015,27630.0,76821.0
10016,27630.0,76828.0
10017,27640.0,76848.0
10018,27634.0,76848.0
10019,27609.0,76824.0
10020,27602.0,76826.0
10021,29810.0,76700.0
10022,27604.0,76833.0
10023,27607.0,76854.0
10024,27573.0,76835.0
10025,27571.0,76845.0
10026,27307.0,75367.0
10027,27605.0,76873.0
10028,27658.0,77045.0
10029,27635.0,76918.0
10030,27653.0,76876.0
10031,27656.0,76903.0
10032,27668.0,76927.0
10033,27680.0,76892.0
10034,27690.0,76914.0
10035,27745.0,76948.0
10036,27789.0,76983.0
10037,27788.0,76934.0
10038,27824.0,76916.0
10039,27858.0,76956.0
10040,27853.0,77028.0
10041,27532.0,76848.0
10042,27525.0,76879.0
10043,27505.0,76897.0
10044,27484.0,76908.0
10045,27458.0,76870.0
10046,27464.0,76822.0
10047,27429.0,76768.0
10048,27265.0,76870.0
10049,27430.0,76826.0
10050,27345.0,76855.0
10051,27821.0,76992.0
10052,27558.0,76984.0
10053,27636.0,76956.0
10054,27678.0,77014.0
10055,27728.0,77058.0
10056,27684.0,77093.0
10057,27672.0,77122.0
10058,27720.0,77126.0
10059,27813.0,77237.0
10060,27880.0,77265.0
10061,27977.0,77192.0
10062,28058.0,77065.0
10063,28083.0,77030.0
10064,28323.0,77167.0
10065,28126.0,77319.0
10066,28079.0,77328.0
10067,28058.0,77315.0
10068,28042.0,77287.0
10069,27863.0,77303.0
10070,27845.0,77332.0
10071,27829.0,77344.0
10072,27783.0,77382.0
10073,27690.0,76838.0
10074,28122.0,77385.0
10075,27985.0,77543.0
10076,28030.0,77507.0
10077,28094.0,77642.0
10078,28123.0,77670.0
10079,28261.0,77582.0
10080,28346.0,77717.0
10081,28335.0,77773.0
10082,28258.0,77795.0
10083,28255.0,77827.0
10084,28423.0,77837.0
10085,28435.0,77852.0
10086,28464.0,77832.0
10087,28447.0,77868.0
10088,28477.0,77907.0
10089,28416.0,77931.0
10090,28393.0,77902.0
10091,28321.0,77932.0
10092,28307.0,78038.0
10093,28206.0,78095.0
10094,28115.0,77950.0
10095,27345.0,74919.0
10096,27439.0,74681.0
10097,27210.0,74873.0
10098,27769.0,77515.0
10099,29776.0,76822.0
10100,29677.0,74884.0
10101,29791.0,74700.0
10102,28636.0,75808.0
10103,28279.0,76728.0
10104,28229.0,76758.0
10105,27732.0,76932.0
10106,27739.0,77408.0
10107,29861.0,76394.0
10108,27675.0,77060.0
10109,27647.0,76998.0
10110,29614.0,76204.0
10111,28596.0,77790.0
10112,28700.0,76046.0
10113,28530.0,76236.0
10114,28294.0,76470.0
10115,28190.0,76625.0
10116,30221.0,77080.0
10117,28913.0,76538.0
10118,28851.0,76468.0
10119,30218.0,77095.0
10120,30102.0,77176.0
10121,30049.0,77253.0
10122,29977.0,76860.0
10123,29828.0,76667.0
10124,29755.0,76900.0
10125,29779.0,76613.0
10126,29557.0,76860.0
10127,29422.0,76850.0
10128,29570.0,77175.0
10129,29560.0,77182.0
10130,29724.0,77244.0
10131,29499.0,77082.0
10132,29255.0,77212.0
10133,29286.0,77253.0
10134,29198.0,77266.0
10135,29118.0,77337.0
10136,29258.0,77317.0
10137,29236.0,77344.0
10138,29201.0,77373.0
10139,29229.0,77444.0
10140,29503.0,77680.0
10141,29078.0,77143.0
10142,28751.0,77168.0
10143,28527.0,77073.0
10144,28682.0,77385.0
10145,28663.0,77488.0
10146,28525.0,77563.0
10147,28019.0,76790.0
10148,28330.0,77160.0
10149,28318.0,77171.0
10150,28222.0,77265.0
10151,27958.0,76877.0
10152,27795.0,76930.0
10153,27738.0,77051.0
10154,27683.0,76920.0
10155,27668.0,76898.0
10156,27709.0,76760.0
10157,27647.0,76825.0
10158,27225.0,76317.0
10159,27812.0,76807.0
10160,27795.0,76332.0
10161,27847.0,76362.0
10162,28147.0,76185.0
10163,26935.0,75747.0
10164,26904.0,75462.0
10165,26682.0,75033.0
10166,27088.0,74680.0
10167,27162.0,74685.0
10168,27232.0,74383.0
10169,27446.0,74290.0
10170,30001.0,73500.0
10171,26158.0,75295.0
10172,27470.0,74788.0
10173,28486.0,74153.0
10174,28451.0,74134.0
10175,28464.0,74108.0
10176,28889.0,74431.0
10177,28318.0,74188.0
10178,28302.0,74048.0
10179,28243.0,74068.0
10180,28207.0,74084.0
10181,28204.0,74092.0
10182,28196.0,74125.0
10183,28190.0,74123.0
10184,28175.0,74188.0
10185,28175.0,74199.0
10186,28172.0,74254.0
10187,28048.0,74134.0
10188,27899.0,74123.0
10189,27923.0,74240.0
10190,27930.0,74242.0
10191,27995.0,74254.0
10192,28216.0,74320.0
10193,28160.0,74302.0
10194,28259.0,74332.0
10195,28308.0,74301.0
10196,28333.0,74286.0
10197,28348.0,74277.0
10198,28370.0,74219.0
10199,28414.0,74247.0
10200,28372.0,74288.0
10201,28338.0,74302.0
10202,28302.0,74332.0
10203,28288.0,74338.0
10204,28345.0,74358.0
10205,28378.0,74372.0
10206,28476.0,74270.0
10207,28370.0,74414.0
10208,28311.0,74670.0
10209,28318.0,74516.0
10210,28302.0,74543.0
10211,28242.0,74485.0
10212,28175.0,74451.0
10213,28302.0,74348.0
10214,28371.0,74086.0
10215,27484.0,74912.0
10216,27455.0,75372.0
10217,27922.0,75188.0
10218,27885.0,75221.0
10219,27971.0,75138.0
10220,27992.0,75152.0
10221,28160.0,75234.0
10222,27726.0,74544.0
10223,27763.0,74258.0
10224,27851.0,74338.0
10225,27761.0,74443.0
10226,27773.0,74440.0
10227,27831.0,74474.0
10228,27887.0,74504.0
10229,28048.0,74482.0
10230,28023.0,74540.0
10231,28003.0,74572.0
10232,27969.0,74623.0
10233,28108.0,74549.0
10234,28080.0,74615.0
10235,28135.0,74648.0
10236,28204.0,74742.0
10237,28265.0,74723.0
10238,28195.0,74682.0
10239,28158.0,74791.0
10240,28319.0,74843.0
10241,28293.0,74892.0
10242,28223.0,74959.0
10243,28185.0,75030.0
10244,28180.0,75089.0
10245,28163.0,75144.0
10246,28142.0,75050.0
10247,28097.0,75022.0
10248,28204.0,74888.0
10249,28180.0,74887.0
10250,28106.0,74905.0
10251,28075.0,74915.0
10252,28009.0,74905.0
10253,27980.0,74900.0
10254,27973.0,74924.0
10255,27998.0,74955.0
10256,27985.0,74823.0
10257,28063.0,74818.0
10258,27959.0,74750.0
10259,27930.0,74714.0
10260,27920.0,74751.0
10261,27902.0,74794.0
10262,27917.0,74801.0
10263,27880.0,74821.0
10264,27871.0,74830.0
10265,27862.0,74842.0
10266,27853.0,74803.0
10267,27818.0,74785.0
10268,27813.0,74683.0
10269,27787.0,74638.0
10270,27750.0,74741.0
10271,27808.0,74802.0
10272,27813.0,74813.0
10273,30164.0,76639.0
10274,30054.0,76798.0
10275,30049.0,76802.0
10276,29859.0,76948.0
10277,29765.0,77020.0
10278,29896.0,77108.0
10279,29677.0,77092.0
10280,29654.0,77109.0
10281,29622.0,77291.0
10282,29544.0,77195.0
10283,29468.0,77255.0
10284,29424.0,77291.0
10285,29393.0,77315.0
10286,29355.0,77345.0
10287,29340.0,77357.0
10288,29325.0,77369.0
10289,29308.0,77381.0
10290,29234.0,77440.0
10291,29100.0,77544.0
10292,29046.0,77590.0
10293,28954.0,77666.0
10294,28822.0,77771.0
10295,29509.0,77221.0
10296,28570.0,77952.0
10297,27118.0,74920.0
10298,29935.0,76890.0
10299,27194.0,74980.0
10300,27269.0,75054.0
10301,27634.0,74365.0
10302,27598.0,74340.0
10303,28574.0,75913.0
10304,30660.0,74708.0
10305,28372.0,76052.0
10306,28355.0,76048.0
10307,28359.0,76217.0
10308,27650.0,74318.0
10309,28181.0,76381.0
10310,27865.0,74786.0
10311,27993.0,76540.0
10312,27891.0,74787.0
10313,28158.0,74932.0
10314,27760.0,76722.0
10315,28208.0,74990.0
10316,27715.0,76747.0
10317,28103.0,75075.0
10318,27624.0,76794.0
10319,27430.0,75410.0
10320,27580.0,76798.0
10321,27500.0,76803.0
10322,30225.0,76395.0
10323,27648.0,74248.0
10324,27411.0,74161.0
10325,27883.0,74156.0
10326,28358.0,74780.0
10327,28281.0,74650.0
10328,28152.0,74493.0
10329,28072.0,74442.0
10330,27908.0,74272.0
10331,27898.0,74240.0
10332,27898.0,74115.0
10333,27780.0,74980.0
10334,32931.0,76188.0
10335,31587.0,73672.0
10336,31655.0,73611.0
10337,31810.0,73637.0
10338,32131.0,73583.0
10339,32492.0,73237.0
10340,27830.0,75077.0
10341,27758.0,75048.0
10342,31167.0,73078.0
10343,31389.0,73022.0
10344,31530.0,72835.0
10345,31639.0,72500.0
10346,29409.0,73273.0
10347,29412.0,73275.0
10348,28052.0,74997.0
10349,27890.0,74810.0
10350,27920.0,75110.0
10351,27910.0,75106.0
10352,27795.0,75063.0
10353,27837.0,74796.0
10354,27836.0,74834.0
10355,27840.0,74827.0
10356,27837.0,74755.0
10357,27870.0,74773.0
10358,27923.0,74525.0
10359,28057.0,74432.0
10360,28725.0,76043.0
10361,29117.0,76583.0
10362,29197.0,76695.0
10363,29268.0,76806.0
10364,29495.0,76769.0
10365,29188.0,76247.0
10366,30197.0,76678.0
10367,30102.0,76562.0
10368,30397.0,76645.0
10369,30479.0,76755.0
10370,30492.0,76577.0
10371,30757.0,76752.0
10372,31680.0,74427.0
10373,31695.0,74425.0
10374,31682.0,74383.0
10375,31560.0,74465.0
10376,33239.0,74762.0
10377,33042.0,74831.0
10378,33070.0,76839.0
10379,32657.0,77337.0
10380,32913.0,77596.0
10381,32960.0,77592.0
10382,32038.0,77354.0
10383,28360.0,74030.0
10384,32486.0,74217.0
10385,32428.0,74078.0
10386,32357.0,73897.0
10387,29585.0,76895.0
10388,31690.0,73440.0
10389,31687.0,73378.0
10390,29598.0,76958.0
10391,29522.0,76955.0
10392,29521.0,76915.0
10393,29548.0,76594.0
10394,27880.0,75095.0
10395,27805.0,75122.0
10396,27915.0,75150.0
10397,28246.0,74893.0
10398,28020.0,74712.0
10399,27872.0,74647.0
10400,28388.0,74649.0
10401,28230.0,74650.0
10402,28048.0,75178.0
10403,28110.0,75210.0
10404,28161.0,75280.0
10405,28710.0,74118.0
10406,28800.0,74093.0
10407,28704.0,74050.0
10408,28650.0,74025.0
10409,28634.0,73952.0
10410,29714.0,74758.0
10411,29695.0,74708.0
10412,29653.0,74718.0
10413,29273.0,75385.0
10414,29235.0,75380.0
10415,29237.0,75360.0
10416,28621.0,75809.0
10417,28726.0,75655.0
10418,29518.0,77110.0
10419,29488.0,76722.0
10420,29941.0,76109.0
10421,30324.0,77144.0
10422,30621.0,74862.0
10423,29743.0,76039.0
10424,28702.0,75590.0
10425,28588.0,75541.0
10426,29994.0,76070.0
10427,30140.0,76188.0
10428,30049.0,76250.0
10429,30574.0,75861.0
10430,30509.0,75835.0
10431,28172.0,76014.0
10432,28566.0,75597.0
10433,28527.0,75660.0
10434,28553.0,75670.0
10435,28391.0,75531.0
10436,28474.0,76565.0
10437,28135.0,75961.0
10438,28257.0,76123.0
10439,28495.0,76377.0
10440,28360.0,76322.0
10441,28170.0,76009.0
10442,28200.0,76052.0
10443,30517.0,75877.0
10444,29215.0,75954.0
10445,29650.0,75904.0
10446,29555.0,75910.0
10447,29475.0,76026.0
10448,30725.0,74797.0
10449,29141.0,75838.0
10450,28895.0,76330.0
10451,28360.0,76518.0
10452,29240.0,76774.0
10453,29312.0,76940.0
10454,29306.0,76850.0
10455,30572.0,74758.0
10456,31315.0,76097.0
10457,31289.0,76069.0
10458,31385.0,75826.0
10459,30582.0,74850.0
10460,29668.0,76268.0
10461,29675.0,76200.0
10462,28320.0,76240.0
10463,29983.0,77028.0
10464,29903.0,77230.0
10465,30647.0,74693.0
10466,27956.0,75338.0
10467,33448.0,76698.0
10468,33451.0,76700.0
10469,33669.0,77002.0
10470,33670.0,77005.0
10471,29749.0,76669.0
10472,27783.0,74843.0
10473,27799.0,74843.0
10474,27818.0,74843.0
10475,27833.0,74842.0
10476,27858.0,74848.0
10477,27853.0,74853.0
10478,27868.0,74862.0
10479,27889.0,74867.0
10480,27925.0,74886.0
10481,27939.0,74894.0
10482,27925.0,74895.0
10483,27922.0,74893.0
10484,27904.0,74883.0
10485,30618.0,74694.0
10486,27883.0,74944.0
10487,27878.0,74933.0
10488,27860.0,74895.0
10489,27841.0,74873.0
10490,27836.0,74882.0
10491,27826.0,74902.0
10492,27803.0,74940.0
10493,28352.0,75822.0
10494,27880.0,74983.0
10495,27912.0,75002.0
10496,27945.0,74990.0
10497,27939.0,75054.0
10498,27913.0,75062.0
10499,27914.0,75100.0
10500,27977.0,75163.0
10501,27932.0,75184.0
10502,29406.0,77581.0
10503,27788.0,75018.0
10504,27800.0,75192.0
10505,27753.0,75183.0
10506,27813.0,75190.0
10507,27883.0,75194.0
10508,27958.0,75256.0
10509,27797.0,75212.0
10510,27784.0,75232.0
10511,27833.0,75330.0
10512,27964.0,75352.0
10513,28040.0,75368.0
10514,28070.0,75374.0
10515,28098.0,75380.0
10516,28116.0,75347.0
10517,28146.0,75305.0
10518,28198.0,75333.0
10519,28160.0,75394.0
10520,28207.0,75404.0
10521,28213.0,75444.0
10522,28198.0,75443.0
10523,28278.0,75477.0
10524,28273.0,75484.0
10525,28243.0,75538.0
10526,28123.0,75435.0
10527,28085.0,75477.0
10528,28065.0,75486.0
10529,28039.0,75495.0
10530,28010.0,75416.0
10531,30626.0,74702.0
10532,30630.0,74704.0
10533,27774.0,75616.0
10534,27796.0,75780.0
10535,27865.0,75856.0
10536,28001.0,75760.0
10537,28135.0,75730.0
10538,28170.0,75682.0
10539,28210.0,75658.0
10540,28272.0,75707.0
10541,28218.0,75653.0
10542,28229.0,75634.0
10543,28430.0,75643.0
10544,28565.0,75808.0
10545,28493.0,75829.0
10546,28516.0,75894.0
10547,28552.0,75925.0
10548,28485.0,75933.0
10549,28455.0,75952.0
10550,31207.0,75977.0
10551,28403.0,75948.0
10552,28357.0,75878.0
10553,28356.0,75870.0
10554,28429.0,75843.0
10555,28324.0,75889.0
10556,28303.0,75906.0
10557,30642.0,74722.0
10558,28345.0,75962.0
10559,28353.0,75973.0
10560,28368.0,75965.0
10561,30670.0,74737.0
10562,28190.0,75800.0
10563,28170.0,75910.0
10564,28185.0,75928.0
10565,28221.0,75970.0
10566,28253.0,75995.0
10567,28262.0,76001.0
10568,28276.0,76012.0
10569,28301.0,76023.0
10570,28321.0,76043.0
10571,28359.0,76025.0
10572,28333.0,76046.0
10573,28340.0,76074.0
10574,28342.0,76093.0
10575,28321.0,76067.0
10576,28317.0,76084.0
10577,28309.0,76108.0
10578,28255.0,76023.0
10579,28236.0,76033.0
10580,28212.0,76019.0
10581,28164.0,76017.0
10582,28142.0,75930.0
10583,28040.0,75990.0
10584,28077.0,75961.0
10585,28121.0,76020.0
10586,28066.0,76028.0
10587,28018.0,76020.0
10588,28005.0,76022.0
10589,27939.0,76053.0
10590,27816.0,76153.0
10591,27786.0,76173.0
10592,27864.0,76290.0
10593,27890.0,76272.0
10594,27949.0,76351.0
10595,27945.0,76245.0
10596,28124.0,76157.0
10597,28083.0,76100.0
10598,28163.0,76114.0
10599,28172.0,76090.0
10600,28122.0,76278.0
10601,28180.0,76296.0
10602,28184.0,76341.0
10603,28171.0,76362.0
10604,28165.0,76374.0
10605,28145.0,76378.0
10606,28136.0,76345.0
10607,28112.0,76323.0
10608,28109.0,76330.0
10609,28063.0,76383.0
10610,28023.0,76434.0
10611,27979.0,76504.0
10612,27893.0,76595.0
10613,27888.0,76527.0
10614,27779.0,76573.0
10615,27747.0,76712.0
10616,27745.0,76721.0
10617,27709.0,76731.0
10618,27706.0,76725.0
10619,27623.0,76784.0
10620,27621.0,76768.0
10621,27610.0,76737.0
10622,27659.0,76734.0
10623,27585.0,76778.0
10624,27595.0,76738.0
10625,27578.0,76737.0
10626,27534.0,76738.0
10627,27538.0,76714.0
10628,27602.0,76699.0
10629,27687.0,76697.0
10630,27576.0,76585.0
10631,27430.0,76751.0
10632,27381.0,76794.0
10633,27362.0,76623.0
10634,27176.0,76526.0
10635,27220.0,76314.0
10636,27461.0,76327.0
10637,27483.0,76328.0
10638,27562.0,76334.0
10639,27560.0,76428.0
10640,27735.0,76352.0
10641,27543.0,76278.0
10642,27449.0,76137.0
10643,27511.0,76083.0
10644,27335.0,76106.0
10645,27288.0,75979.0
10646,27390.0,75927.0
10647,27765.0,75998.0
10648,27420.0,75667.0
10649,27438.0,75900.0
10650,27531.0,75854.0
10651,27669.0,75690.0
10652,27707.0,75668.0
10653,27613.0,75558.0
10654,27535.0,75596.0
10655,27468.0,75613.0
10656,27508.0,75572.0
10657,30732.0,74731.0
10658,30871.0,74769.0
10659,27584.0,75518.0
10660,27623.0,75511.0
10661,27638.0,75512.0
10662,27698.0,75470.0
10663,27570.0,75498.0
10664,27556.0,75445.0
10665,27355.0,75638.0
10666,27145.0,75863.0
10667,27323.0,75693.0
10668,27190.0,75466.0
10669,27118.0,75539.0
10670,27118.0,75531.0
10671,27113.0,75186.0
10672,27105.0,75145.0
10673,27110.0,75105.0
10674,27113.0,75088.0
10675,27173.0,75117.0
10676,27278.0,75138.0
10677,27219.0,75218.0
10678,27315.0,75249.0
10679,27331.0,75230.0
10680,27335.0,75255.0
10681,27388.0,75264.0
10682,27428.0,75322.0
10683,27474.0,75353.0
10684,27626.0,75342.0
10685,27718.0,75353.0
10686,27737.0,75320.0
10687,27693.0,75309.0
10688,27646.0,75299.0
10689,27702.0,75159.0
10690,27526.0,75173.0
10691,27531.0,75273.0
10692,27508.0,75265.0
10693,27483.0,75258.0
10694,27458.0,75250.0
10695,27378.0,75207.0
10696,27363.0,75188.0
10697,27337.0,75175.0
10698,27321.0,75166.0
10699,27341.0,75155.0
10700,27295.0,75180.0
10701,27246.0,75204.0
10702,27343.0,75136.0
10703,27403.0,75143.0
10704,27442.0,74963.0
10705,27643.0,74910.0
10706,27681.0,74857.0
10707,27619.0,74836.0
10708,27698.0,74708.0
10709,27628.0,74612.0
10710,27718.0,74567.0
10711,27712.0,74895.0
10712,27595.0,74453.0
10713,27461.0,74536.0
10714,27435.0,74528.0
10715,27505.0,74798.0
10716,27457.0,74785.0
10717,27398.0,74784.0
10718,27363.0,74780.0
10719,27303.0,74898.0
10720,27208.0,74771.0
10721,27160.0,74788.0
10722,27110.0,74813.0
10723,27210.0,74712.0
10724,27154.0,74603.0
10725,27141.0,74415.0
10726,27164.0,74410.0
10727,27173.0,74408.0
10728,27196.0,74400.0
10729,27292.0,74482.0
10730,27253.0,74263.0
10731,27257.0,74204.0
10732,27562.0,74220.0
10733,27530.0,74307.0
10734,27585.0,74218.0
10735,27713.0,74052.0
10736,27388.0,74217.0
10737,27396.0,74145.0
10738,27377.0,74131.0
10739,27360.0,74115.0
10740,27318.0,74090.0
10741,27323.0,74073.0
10742,27327.0,74053.0
10743,27330.0,74030.0
10744,27302.0,74081.0
10745,27298.0,74068.0
10746,27264.0,74140.0
10747,27273.0,74089.0
10748,27283.0,74073.0
10749,27284.0,74065.0
10750,27288.0,74050.0
10751,27291.0,74026.0
10752,27295.0,74013.0
10753,27538.0,74079.0
10754,27304.0,73975.0
10755,27312.0,73890.0
10756,27390.0,73936.0
10757,27393.0,73863.0
10758,27317.0,73822.0
10759,27126.0,74029.0
10760,27339.0,74048.0
10761,27039.0,73978.0
10762,27069.0,73638.0
10763,27072.0,73815.0
10764,27027.0,73840.0
10765,26984.0,73865.0
10766,26913.0,73504.0
10767,26887.0,73492.0
10768,26807.0,73428.0
10769,26844.0,73300.0
10770,26735.0,73393.0
10771,26662.0,73435.0
10772,26405.0,73223.0
10773,26538.0,73410.0
10774,26620.0,73471.0
10775,26705.0,73547.0
10776,26751.0,73608.0
10777,26473.0,73588.0
10778,26673.0,73849.0
10779,26671.0,73876.0
10780,26646.0,73908.0
10781,26490.0,73904.0
10782,26439.0,73923.0
10783,26420.0,74031.0
10784,26439.0,73945.0
10785,26688.0,73963.0
10786,26688.0,73930.0
10787,26681.0,73921.0
10788,26667.0,73914.0
10789,26762.0,73971.0
10790,26798.0,74033.0
10791,26692.0,73732.0
10792,26849.0,73989.0
10793,26894.0,73943.0
10794,26902.0,73924.0
10795,26908.0,73917.0
10796,26914.0,73912.0
10797,26978.0,73943.0
10798,26993.0,74072.0
10799,26962.0,74231.0
10800,27138.0,74248.0
10801,26955.0,74351.0
10802,26696.0,74042.0
10803,26717.0,74117.0
10804,26701.0,74128.0
10805,26663.0,74228.0
10806,26623.0,74291.0
10807,26800.0,74333.0
10808,26427.0,74245.0
10809,26406.0,74254.0
10810,26459.0,74230.0
10811,26401.0,74172.0
10812,26638.0,74435.0
10813,26642.0,74495.0
10814,26633.0,74557.0
10815,26518.0,74562.0
10816,26450.0,74553.0
10817,26567.0,74628.0
10818,26698.0,74598.0
10819,26724.0,74558.0
10820,26833.0,74488.0
10821,26940.0,74765.0
10822,26963.0,74774.0
10823,26777.0,74794.0
10824,26813.0,74868.0
10825,26815.0,74880.0
10826,26803.0,74895.0
10827,26717.0,74792.0
10828,26700.0,74841.0
10829,26646.0,74813.0
10830,26612.0,74767.0
10831,26591.0,74739.0
10832,26598.0,74823.0
10833,26596.0,74863.0
10834,26670.0,74950.0
10835,26713.0,74898.0
10836,26718.0,74916.0
10837,26716.0,74958.0
10838,26743.0,74953.0
10839,26768.0,74969.0
10840,26825.0,74997.0
10841,26878.0,75000.0
10842,27082.0,75003.0
10843,26968.0,75075.0
10844,26891.0,75059.0
10845,26873.0,75046.0
10846,26854.0,75052.0
10847,26794.0,75040.0
10848,26815.0,75035.0
10849,26779.0,75035.0
10850,26781.0,75029.0
10851,26782.0,75022.0
10852,26787.0,75007.0
10853,26743.0,74993.0
10854,26713.0,74989.0
10855,26707.0,75004.0
10856,26696.0,75018.0
10857,26682.0,75053.0
10858,26705.0,75020.0
10859,26715.0,75023.0
10860,26730.0,75024.0
10861,26741.0,75058.0
10862,26671.0,75011.0
10863,26657.0,75005.0
10864,26664.0,74984.0
10865,26559.0,74951.0
10866,26543.0,75028.0
10867,26468.0,75023.0
10868,26449.0,75042.0
10869,26437.0,75062.0
10870,26711.0,75143.0
10871,26712.0,75160.0
10872,26878.0,75175.0
10873,26825.0,75128.0
10874,26882.0,75120.0
10875,26869.0,75141.0
10876,26874.0,75145.0
10877,26880.0,75150.0
10878,26956.0,75173.0
10879,27084.0,75219.0
10880,27019.0,75278.0
10881,27015.0,75342.0
10882,27018.0,75361.0
10883,27050.0,75343.0
10884,27090.0,75311.0
10885,27093.0,75387.0
10886,26848.0,75325.0
10887,26830.0,75331.0
10888,26763.0,75340.0
10889,26758.0,75400.0
10890,26806.0,75535.0
10891,26750.0,75573.0
10892,26520.0,75387.0
10893,26507.0,75427.0
10894,26505.0,75678.0
10895,26753.0,75725.0
10896,26757.0,75780.0
10897,26880.0,75753.0
10898,26960.0,75767.0
10899,26988.0,75712.0
10900,27069.0,75660.0
10901,26777.0,75893.0
10902,26765.0,75948.0
10903,26763.0,76023.0
10904,26717.0,76053.0
10905,27034.0,76003.0
10906,26868.0,76149.0
10907,27004.0,76258.0
10908,26886.0,76244.0
10909,26691.0,76221.0
10910,26658.0,76217.0
10911,26638.0,76214.0
10912,26578.0,76211.0
10913,26642.0,76176.0
10914,26684.0,76164.0
10915,26675.0,76082.0
10916,26561.0,75941.0
10917,26361.0,75790.0
10918,26228.0,75800.0
10919,26215.0,75781.0
10920,26254.0,75780.0
10921,26271.0,75764.0
10922,26394.0,75705.0
10923,26214.0,75656.0
10924,26168.0,75408.0
10925,26070.0,75298.0
10926,26080.0,75288.0
10927,26598.0,75207.0
10928,26268.0,75033.0
10929,26372.0,75223.0
10930,26175.0,75019.0
10931,26180.0,74960.0
10932,26303.0,75011.0
10933,26339.0,75013.0
10934,26388.0,74891.0
10935,26355.0,74860.0
10936,26331.0,74863.0
10937,26298.0,74865.0
10938,26220.0,74863.0
10939,26218.0,74877.0
10940,26170.0,74864.0
10941,26229.0,74832.0
10942,26120.0,75027.0
10943,26143.0,74830.0
10944,26000.0,75043.0
10945,25915.0,75056.0
10946,25923.0,74972.0
10947,25926.0,74923.0
10948,28320.0,76400.0
10949,31507.0,77349.0
10950,25904.0,74822.0
10951,25913.0,74804.0
10952,25900.0,74794.0
10953,25884.0,74790.0
10954,31600.0,77428.0
10955,25905.0,74778.0
10956,25925.0,74779.0
10957,26015.0,74800.0
10958,26005.0,74626.0
10959,25934.0,74762.0
10960,26031.0,74644.0
10961,26092.0,74532.0
10962,26146.0,74687.0
10963,26231.0,74718.0
10964,26218.0,74571.0
10965,26203.0,74418.0
10966,26100.0,74515.0
10967,26163.0,74385.0
10968,26181.0,74400.0
10969,25978.0,74362.0
10970,25824.0,74183.0
10971,25964.0,74109.0
10972,26172.0,74288.0
10973,26312.0,74305.0
10974,26390.0,74212.0
10975,26108.0,74151.0
10976,26093.0,74091.0
10977,27133.0,74659.0
10978,26065.0,74049.0
10979,27270.0,74102.0
10980,27160.0,74546.0
10981,26017.0,73998.0
10982,25938.0,73903.0
10983,25917.0,73862.0
10984,25923.0,73814.0
10985,27300.0,73999.0
10986,26199.0,73903.0
10987,26220.0,73878.0
10988,26349.0,73918.0
10989,26398.0,73824.0
10990,26350.0,73734.0
10991,26376.0,73676.0
10992,26291.0,73679.0
10993,26381.0,73666.0
10994,26407.0,73605.0
10995,26301.0,73350.0
10996,26163.0,73405.0
10997,26158.0,73422.0
10998,27503.0,74217.0
10999,26078.0,73543.0
11000,25949.0,73641.0
11001,25876.0,73655.0
11002,25869.0,73658.0
11003,25860.0,73660.0
11004,26029.0,73788.0
11005,25863.0,73699.0
11006,25857.0,73660.0
11007,25858.0,73664.0
11008,25790.0,73678.0
11009,25911.0,73792.0
11010,25672.0,73772.0
11011,25850.0,73631.0
11012,25809.0,73547.0
11013,25680.0,73624.0
11014,25948.0,73480.0
11015,25979.0,73411.0
11016,25832.0,73312.0
11017,25835.0,73303.0
11018,25753.0,73499.0
11019,25767.0,73683.0
11020,25578.0,73455.0
11021,25528.0,73490.0
11022,25388.0,73393.0
11023,25410.0,73290.0
11024,25616.0,73428.0
11025,25645.0,73413.0
11026,25608.0,73304.0
11027,25605.0,73291.0
11028,25613.0,73319.0
11029,27954.0,74847.0
11030,27586.0,75464.0
11031,27398.0,75747.0
11032,27805.0,75385.0
11033,26650.0,74980.0
11034,28380.0,75960.0
11035,28367.0,75990.0
11036,26570.0,75844.0
11037,26978.0,75665.0
11038,27302.0,75489.0
11039,28285.0,76370.0
11040,31320.0,75862.0
11041,31378.0,75750.0
11042,30615.0,76653.0
11043,30553.0,76658.0
11044,30540.0,76707.0
11045,30440.0,76622.0
11046,30534.0,76502.0
11047,30712.0,76409.0
11048,30445.0,76708.0
11049,30365.0,76668.0
11050,30419.0,76800.0
11051,29969.0,76936.0
11052,29928.0,77034.0
11053,30520.0,76933.0
11054,30619.0,76971.0
11055,31015.0,76685.0
11056,32143.0,76128.0
11057,33701.0,76929.0
11058,33488.0,76918.0
11059,30905.0,75105.0
11060,31220.0,75122.0
11061,31095.0,74736.0
11062,31318.0,75160.0
11063,31695.0,75574.0
11064,31714.0,75546.0
11065,33281.0,75400.0
11066,33255.0,75460.0
11067,32998.0,75112.0
11068,32721.0,75075.0
11069,31532.0,74573.0
11070,28270.0,76308.0
11071,29091.0,76728.0
11072,29145.0,76700.0
11073,31440.0,77432.0
11074,31772.0,77162.0
11075,31912.0,77128.0
11076,31866.0,77247.0
11077,31893.0,77248.0
11078,31862.0,77426.0
11079,31820.0,77420.0
11080,32140.0,77508.0
11081,31842.0,77511.0
11082,31867.0,77680.0
11083,29088.0,76662.0
11084,32020.0,77757.0
11085,32355.0,77810.0
11086,32341.0,77804.0
11087,32323.0,77798.0
11088,32302.0,77784.0
11089,32231.0,77728.0
11090,32282.0,77701.0
11091,32378.0,77626.0
11092,32405.0,77674.0
11093,32441.0,77664.0
11094,32493.0,77502.0
11095,32450.0,77478.0
11096,32590.0,76495.0
11097,32288.0,77455.0
11098,32226.0,77385.0
11099,32190.0,77381.0
11100,32171.0,77378.0
11101,32142.0,77458.0
11102,32133.0,77562.0
11103,32143.0,77609.0
11104,32128.0,77619.0
11105,32132.0,77405.0
11106,32034.0,77390.0
11107,32279.0,76912.0
11108,31985.0,77237.0
11109,32057.0,77247.0
11110,32129.0,77373.0
11111,32151.0,77376.0
11112,32140.0,77309.0
11113,32163.0,77284.0
11114,32141.0,77239.0
11115,32195.0,77240.0
11116,32195.0,77284.0
11117,32178.0,77302.0
11118,32174.0,77333.0
11119,32248.0,77250.0
11120,32333.0,77343.0
11121,32383.0,77208.0
11122,32472.0,77116.0
11123,32561.0,77050.0
11124,32610.0,77135.0
11125,32662.0,77220.0
11126,32678.0,77250.0
11127,32594.0,77257.0
11128,32586.0,77255.0
11129,32513.0,77197.0
11130,32567.0,77345.0
11131,32552.0,77418.0
11132,32533.0,77448.0
11133,32708.0,77502.0
11134,32720.0,77612.0
11135,32659.0,77743.0
11136,32881.0,77803.0
11137,32985.0,77724.0
11138,32862.0,77678.0
11139,32847.0,77685.0
11140,32830.0,77608.0
11141,32838.0,77610.0
11142,32860.0,77617.0
11143,32890.0,77640.0
11144,32896.0,77629.0
11145,32925.0,77580.0
11146,32933.0,77570.0
11147,32969.0,77578.0
11148,32938.0,77560.0
11149,32893.0,77540.0
11150,32884.0,77560.0
11151,32878.0,77577.0
11152,32876.0,77583.0
11153,32848.0,77573.0
11154,32852.0,77562.0
11155,32856.0,77550.0
11156,32870.0,77553.0
11157,32856.0,77546.0
11158,32828.0,77539.0
11159,32780.0,77511.0
11160,32774.0,77521.0
11161,32798.0,77482.0
11162,32748.0,77417.0
11163,32716.0,77405.0
11164,32760.0,77380.0
11165,32789.0,77428.0
11166,32816.0,77474.0
11167,32820.0,77507.0
11168,32837.0,77520.0
11169,32841.0,77521.0
11170,32845.0,77523.0
11171,32863.0,77529.0
11172,32878.0,77534.0
11173,32889.0,77518.0
11174,32859.0,77498.0
11175,33015.0,77445.0
11176,32978.0,77404.0
11177,33000.0,77382.0
11178,32949.0,77372.0
11179,32898.0,77316.0
11180,32854.0,77272.0
11181,32911.0,77228.0
11182,32755.0,77163.0
11183,32730.0,77222.0
11184,32702.0,77103.0
11185,32776.0,77118.0
11186,32810.0,77033.0
11187,32915.0,77164.0
11188,33010.0,77216.0
11189,33030.0,77269.0
11190,33002.0,77312.0
11191,33072.0,77308.0
11192,33085.0,77244.0
11193,33122.0,77212.0
11194,33235.0,77145.0
11195,33107.0,77068.0
11196,32984.0,77072.0
11197,32998.0,77131.0
11198,33136.0,77046.0
11199,33112.0,76980.0
11200,33098.0,76900.0
11201,33075.0,76893.0
11202,33218.0,76983.0
11203,33243.0,77001.0
11204,33379.0,77086.0
11205,33428.0,77115.0
11206,33443.0,77042.0
11207,33508.0,77003.0
11208,33544.0,76990.0
11209,33588.0,76980.0
11210,33592.0,76988.0
11211,33596.0,77002.0
11212,33702.0,76979.0
11213,33710.0,76978.0
11214,33738.0,76970.0
11215,33703.0,76862.0
11216,33674.0,76866.0
11217,33652.0,76945.0
11218,33637.0,76973.0
11219,33614.0,76973.0
11220,33583.0,76974.0
11221,33575.0,76940.0
11222,33571.0,76921.0
11223,33537.0,76947.0
11224,33450.0,76894.0
11225,33487.0,76974.0
11226,33381.0,76853.0
11227,33345.0,76893.0
11228,33292.0,76777.0
11229,33303.0,76763.0
11230,33328.0,76737.0
11231,33554.0,76828.0
11232,33546.0,76730.0
11233,32948.0,76421.0
11234,33240.0,76594.0
11235,33205.0,76713.0
11236,33080.0,76613.0
11237,33074.0,76606.0
11238,33043.0,76621.0
11239,33048.0,76618.0
11240,33066.0,76598.0
11241,33010.0,76532.0
11242,33123.0,76542.0
11243,33219.0,76400.0
11244,33034.0,76298.0
11245,32993.0,76299.0
11246,33038.0,76248.0
11247,32930.0,76212.0
11248,32193.0,77244.0
11249,32887.0,77810.0
11250,29380.0,76724.0
11251,32521.0,77089.0
11252,33396.0,76618.0
11253,33540.0,76971.0
11254,29250.0,76650.0
11255,29197.0,76706.0
11256,31488.0,74598.0
11257,31218.0,74624.0
11258,32157.0,74800.0
11259,31935.0,74799.0
11260,32640.0,74469.0
11261,32040.0,74525.0
11262,32122.0,74493.0
11263,31950.0,74410.0
11264,31982.0,74080.0
11265,31910.0,74240.0
11266,31433.0,74412.0
11267,31398.0,74471.0
11268,31327.0,74468.0
11269,32027.0,74431.0
11270,31903.0,74695.0
11271,32936.0,76053.0
11272,32858.0,76016.0
11273,32722.0,75975.0
11274,32916.0,75973.0
11275,32976.0,75913.0
11276,33043.0,75890.0
11277,33090.0,75875.0
11278,33213.0,75852.0
11279,33206.0,75791.0
11280,33243.0,75662.0
11281,33274.0,75645.0
11282,33313.0,75659.0
11283,33372.0,75642.0
11284,33288.0,75618.0
11285,33205.0,75594.0
11286,33397.0,75635.0
11287,30235.0,77423.0
11288,33386.0,75470.0
11289,33385.0,75462.0
11290,33383.0,75444.0
11291,33395.0,75242.0
11292,33267.0,75311.0
11293,33248.0,75385.0
11294,33104.0,75365.0
11295,33093.0,75369.0
11296,32884.0,75016.0
11297,33088.0,75324.0
11298,33174.0,75143.0
11299,33186.0,75120.0
11300,33060.0,75069.0
11301,32933.0,75160.0
11302,33003.0,75232.0
11303,33070.0,75303.0
11304,32979.0,75288.0
11305,32969.0,75329.0
11306,33052.0,75362.0
11307,32948.0,75412.0
11308,33035.0,75504.0
11309,33018.0,75535.0
11310,32964.0,75580.0
11311,32923.0,75506.0
11312,32906.0,75563.0
11313,32884.0,75616.0
11314,32889.0,75619.0
11315,32896.0,75645.0
11316,32901.0,75657.0
11317,32943.0,75793.0
11318,32866.0,75637.0
11319,32828.0,75570.0
11320,32803.0,75451.0
11321,32702.0,75378.0
11322,32694.0,75372.0
11323,32644.0,75336.0
11324,32817.0,75331.0
11325,32823.0,75210.0
11326,32677.0,75185.0
11327,32595.0,75300.0
11328,32578.0,75208.0
11329,32375.0,75135.0
11330,32412.0,75121.0
11331,32478.0,75098.0
11332,32476.0,75063.0
11333,32473.0,75038.0
11334,32402.0,75056.0
11335,32356.0,75060.0
11336,32385.0,74940.0
11337,32470.0,74908.0
11338,32718.0,74897.0
11339,32738.0,74896.0
11340,32757.0,74878.0
11341,32749.0,74927.0
11342,32753.0,74939.0
11343,32763.0,74966.0
11344,32774.0,74998.0
11345,32748.0,75005.0
11346,32675.0,75030.0
11347,32788.0,75033.0
11348,32800.0,75066.0
11349,32867.0,75092.0
11350,32985.0,75039.0
11351,32992.0,74888.0
11352,32902.0,74890.0
11353,33263.0,74925.0
11354,33278.0,74934.0
11355,33288.0,74908.0
11356,33303.0,74893.0
11357,33312.0,74956.0
11358,33314.0,74943.0
11359,33542.0,74958.0
11360,33579.0,74825.0
11361,33465.0,74806.0
11362,33790.0,74773.0
11363,33572.0,74648.0
11364,33478.0,74695.0
11365,33436.0,74512.0
11366,33210.0,74421.0
11367,33205.0,74424.0
11368,33168.0,74651.0
11369,33045.0,74813.0
11370,32958.0,74805.0
11371,32868.0,74773.0
11372,32822.0,74744.0
11373,32898.0,74720.0
11374,32998.0,74544.0
11375,32828.0,74623.0
11376,31018.0,74737.0
11377,32640.0,74683.0
11378,32648.0,74738.0
11379,32571.0,74732.0
11380,32719.0,74822.0
11381,30890.0,74900.0
11382,32544.0,74563.0
11383,32433.0,74640.0
11384,30859.0,74773.0
11385,32427.0,74700.0
11386,32422.0,74786.0
11387,32391.0,74700.0
11388,32389.0,74683.0
11389,32373.0,74681.0
11390,32360.0,74680.0
11391,32180.0,74770.0
11392,32234.0,74862.0
11393,32168.0,74738.0
11394,32110.0,74754.0
11395,32045.0,74742.0
11396,32080.0,74809.0
11397,32093.0,74863.0
11398,32100.0,74883.0
11399,32014.0,74735.0
11400,31788.0,74652.0
11401,31667.0,74630.0
11402,31710.0,74568.0
11403,31853.0,74558.0
11404,31992.0,74533.0
11405,32143.0,74562.0
11406,32135.0,74437.0
11407,32092.0,74448.0
11408,32079.0,74433.0
11409,32003.0,74433.0
11410,31998.0,74458.0
11411,32003.0,74390.0
11412,32003.0,74421.0
11413,31899.0,74409.0
11414,31895.0,74426.0
11415,31859.0,74420.0
11416,31849.0,74418.0
11417,31856.0,74417.0
11418,31705.0,74312.0
11419,31671.0,74320.0
11420,31628.0,74198.0
11421,31601.0,74059.0
11422,31605.0,74022.0
11423,31745.0,74143.0
11424,31820.0,74109.0
11425,31833.0,74100.0
11426,31749.0,73947.0
11427,31638.0,73758.0
11428,31602.0,73699.0
11429,31890.0,74218.0
11430,31954.0,74322.0
11431,31962.0,74323.0
11432,31968.0,74322.0
11433,32022.0,74311.0
11434,32043.0,74260.0
11435,32088.0,74183.0
11436,32121.0,74175.0
11437,32149.0,74166.0
11438,32118.0,74145.0
11439,32129.0,74125.0
11440,32091.0,74180.0
11441,32029.0,74108.0
11442,31998.0,74131.0
11443,31959.0,74161.0
11444,32051.0,74090.0
11445,32209.0,73970.0
11446,32213.0,73965.0
11447,32441.0,74337.0
11448,32445.0,74468.0
11449,32432.0,74455.0
11450,32190.0,74415.0
11451,32568.0,74330.0
11452,32756.0,74331.0
11453,32915.0,74205.0
11454,32857.0,73998.0
11455,32603.0,74042.0
11456,32483.0,74230.0
11457,29710.0,76489.0
11458,32478.0,74063.0
11459,30810.0,74700.0
11460,30517.0,74786.0
11461,30859.0,74702.0
11462,32475.0,73858.0
11463,30858.0,74739.0
11464,32338.0,73853.0
11465,32310.0,73783.0
11466,32266.0,73675.0
11467,32365.0,73680.0
11468,32400.0,73617.0
11469,32456.0,73527.0
11470,32459.0,73602.0
11471,32462.0,73660.0
11472,32427.0,73695.0
11473,32443.0,73702.0
11474,30529.0,74801.0
11475,32462.0,73709.0
11476,32573.0,73713.0
11477,32681.0,73830.0
11478,32885.0,73639.0
11479,33508.0,74232.0
11480,33474.0,74166.0
11481,33627.0,74156.0
11482,33913.0,73989.0
11483,33684.0,73953.0
11484,33503.0,74007.0
11485,33537.0,73870.0
11486,33538.0,73860.0
11487,33498.0,73497.0
11488,33586.0,73080.0
11489,33588.0,73041.0
11490,33555.0,72949.0
11491,33485.0,72838.0
11492,33323.0,72939.0
11493,32945.0,72645.0
11494,33105.0,72557.0
11495,33314.0,72471.0
11496,33658.0,72723.0
11497,33862.0,72578.0
11498,34041.0,72777.0
11499,34015.0,72535.0
11500,34055.0,72523.0
11501,33931.0,72522.0
11502,34003.0,72461.0
11503,33995.0,72312.0
11504,34030.0,72316.0
11505,34072.0,72321.0
11506,34088.0,72408.0
11507,33962.0,72230.0
11508,33950.0,72303.0
11509,30315.0,77386.0
11510,33293.0,74903.0
11511,32579.0,75365.0
11512,32398.0,74343.0
11513,33275.0,73402.0
11514,34010.0,73075.0
11515,33765.0,73288.0
11516,33757.0,72477.0
11517,30946.0,74918.0
11518,32782.0,74915.0
11519,30942.0,74919.0
11520,30425.0,77345.0
11521,30152.0,77191.0
11522,30925.0,76410.0
11523,30940.0,76498.0
11524,30805.0,76501.0
11525,33192.0,74894.0
11526,30843.0,76550.0
11527,31017.0,76752.0
11528,31445.0,73524.0
11529,31497.0,73518.0
11530,31020.0,76760.0
11531,30804.0,76875.0
11532,31571.0,74318.0
11533,31620.0,74260.0
11534,31408.0,74381.0
11535,31431.0,76928.0
11536,31359.0,76835.0
11537,31270.0,76665.0
11538,31496.0,76700.0
11539,31804.0,76715.0
11540,31846.0,76670.0
11541,31881.0,76563.0
11542,31900.0,76618.0
11543,31942.0,76718.0
11544,31980.0,76725.0
11545,32105.0,76590.0
11546,31927.0,73552.0
11547,31909.0,73474.0
11548,31720.0,73503.0
11549,31798.0,73572.0
11550,31670.0,73600.0
11551,31699.0,73546.0
11552,31653.0,73603.0
11553,31607.0,73619.0
11554,31637.0,73564.0
11555,31576.0,73557.0
11556,31617.0,73521.0
11557,31630.0,73508.0
11558,31651.0,73520.0
11559,31666.0,73527.0
11560,31679.0,73513.0
11561,31673.0,73510.0
11562,31649.0,73493.0
11563,30581.0,74225.0
11564,30479.0,74259.0
11565,30433.0,74229.0
11566,31542.0,73488.0
11567,31535.0,73558.0
11568,31523.0,73562.0
11569,31513.0,73548.0
11570,31498.0,73519.0
11571,31458.0,73451.0
11572,31452.0,73442.0
11573,31511.0,73467.0
11574,31554.0,73434.0
11575,31544.0,73358.0
11576,31553.0,73331.0
11577,31572.0,73258.0
11578,31682.0,73297.0
11579,31684.0,73338.0
11580,31707.0,73386.0
11581,31742.0,73325.0
11582,31708.0,73290.0
11583,31521.0,73766.0
11584,31694.0,73240.0
11585,31778.0,73268.0
11586,31792.0,73328.0
11587,31868.0,73207.0
11588,31991.0,73164.0
11589,32302.0,73063.0
11590,32063.0,72796.0
11591,31976.0,72902.0
11592,31895.0,73030.0
11593,31897.0,73015.0
11594,31836.0,72903.0
11595,31796.0,72828.0
11596,31826.0,72806.0
11597,31902.0,72752.0
11598,31800.0,72751.0
11599,31750.0,72656.0
11600,31744.0,72697.0
11601,31793.0,72785.0
11602,31703.0,72800.0
11603,31688.0,72850.0
11604,31658.0,72808.0
11605,31660.0,72931.0
11606,31685.0,72963.0
11607,31795.0,72989.0
11608,31837.0,73160.0
11609,31828.0,73179.0
11610,31818.0,73193.0
11611,31815.0,73201.0
11612,31675.0,73180.0
11613,31598.0,73163.0
11614,31070.0,73687.0
11615,31614.0,73102.0
11616,31620.0,73082.0
11617,31646.0,72983.0
11618,31655.0,72956.0
11619,31304.0,73103.0
11620,31603.0,73138.0
11621,31505.0,73107.0
11622,31419.0,73064.0
11623,31412.0,73060.0
11624,31383.0,73050.0
11625,31373.0,73050.0
11626,31430.0,73205.0
11627,31277.0,73224.0
11628,31229.0,73164.0
11629,31183.0,73104.0
11630,31965.0,76546.0
11631,30273.0,74125.0
11632,30222.0,74060.0
11633,30155.0,73918.0
11634,30214.0,73730.0
11635,30182.0,73809.0
11636,30888.0,73333.0
11637,28005.0,74018.0
11638,28006.0,74075.0
11639,28060.0,75605.0
11640,33075.0,77283.0
11641,32580.0,76549.0
11642,33190.0,77275.0
11643,33115.0,77150.0
11644,32933.0,77070.0
11645,29004.0,73514.0
11646,31570.0,72434.0
11647,31503.0,72474.0
11648,31460.0,72503.0
11649,31462.0,72529.0
11650,31348.0,72688.0
11651,31255.0,72784.0
11652,31208.0,72695.0
11653,31236.0,72802.0
11654,31215.0,72825.0
11655,31276.0,72818.0
11656,31307.0,72880.0
11657,31450.0,72852.0
11658,31372.0,72998.0
11659,31230.0,72897.0
11660,31180.0,72860.0
11661,31140.0,72925.0
11662,31140.0,72954.0
11663,31121.0,72950.0
11664,31103.0,72973.0
11665,31140.0,73032.0
11666,31087.0,72996.0
11667,31091.0,72950.0
11668,31091.0,72947.0
11669,31100.0,72940.0
11670,31109.0,72931.0
11671,31120.0,72835.0
11672,31151.0,72590.0
11673,31098.0,72493.0
11674,31058.0,72493.0
11675,31022.0,72587.0
11676,30969.0,72802.0
11677,31001.0,72840.0
11678,30969.0,72824.0
11679,30973.0,72974.0
11680,30868.0,72495.0
11681,30720.0,72474.0
11682,30640.0,72476.0
11683,30635.0,72480.0
11684,30580.0,72488.0
11685,30385.0,72519.0
11686,30416.0,72658.0
11687,30404.0,72663.0
11688,30406.0,72680.0
11689,30414.0,72743.0
11690,30378.0,72753.0
11691,30358.0,72803.0
11692,30274.0,72718.0
11693,30138.0,72773.0
11694,30136.0,72791.0
11695,30809.0,75891.0
11696,30781.0,75864.0
11697,30005.0,72877.0
11698,29949.0,72831.0
11699,29963.0,72910.0
11700,29968.0,73102.0
11701,29873.0,73244.0
11702,29872.0,73264.0
11703,29740.0,73150.0
11704,29807.0,73085.0
11705,29836.0,73072.0
11706,29834.0,73061.0
11707,29788.0,72868.0
11708,29733.0,72944.0
11709,29638.0,73061.0
11710,29611.0,73038.0
11711,29581.0,73012.0
11712,29551.0,73294.0
11713,29468.0,73347.0
11714,30699.0,75767.0
11715,29453.0,73407.0
11716,29438.0,73398.0
11717,29426.0,73389.0
11718,29411.0,73375.0
11719,29391.0,73342.0
11720,29388.0,73357.0
11721,29380.0,73351.0
11722,28016.0,75130.0
11723,29333.0,73312.0
11724,29369.0,73302.0
11725,29374.0,73214.0
11726,29373.0,73106.0
11727,29316.0,73120.0
11728,29210.0,73213.0
11729,29303.0,73288.0
11730,29144.0,73474.0
11731,30211.0,73784.0
11732,30148.0,73771.0
11733,29070.0,73545.0
11734,29028.0,73587.0
11735,28959.0,73658.0
11736,29752.0,74030.0
11737,29145.0,73729.0
11738,31075.0,72451.0
11739,31018.0,72344.0
11740,31025.0,72207.0
11741,31076.0,72040.0
11742,31197.0,71990.0
11743,31306.0,71939.0
11744,31093.0,71977.0
11745,30974.0,71992.0
11746,30933.0,71987.0
11747,30918.0,72024.0
11748,30990.0,72076.0
11749,30778.0,72160.0
11750,30770.0,72163.0
11751,30823.0,72176.0
11752,30820.0,72187.0
11753,30767.0,72262.0
11754,30728.0,72331.0
11755,30608.0,72263.0
11756,30685.0,72407.0
11757,30848.0,72133.0
11758,31478.0,76626.0
11759,31640.0,76105.0
11760,31482.0,76259.0
11761,31357.0,76608.0
11762,31299.0,76670.0
11763,31514.0,76205.0
11764,32911.0,76538.0
11765,32950.0,76550.0
11766,32350.0,76619.0
11767,33030.0,76558.0
11768,32858.0,76638.0
11769,32670.0,76731.0
11770,32741.0,76720.0
11771,32788.0,76617.0
11772,32805.0,76515.0
11773,30300.0,74178.0
11774,30200.0,74155.0
11775,30277.0,74072.0
11776,30296.0,74108.0
11777,30322.0,74042.0
11778,30269.0,74028.0
11779,30258.0,74010.0
11780,30273.0,73934.0
11781,30208.0,73950.0
11782,30202.0,74015.0
11783,30071.0,74100.0
11784,29975.0,74010.0
11785,30038.0,74014.0
11786,30088.0,73958.0
11787,29954.0,73892.0
11788,30133.0,73904.0
11789,30095.0,73835.0
11790,30127.0,73857.0
11791,30140.0,73866.0
11792,30102.0,73767.0
11793,30166.0,73781.0
11794,27810.0,76772.0
11795,27668.0,76670.0
11796,27934.0,76441.0
11797,28382.0,76551.0
11798,28607.0,76308.0
11799,28700.0,76300.0
11800,28957.0,76239.0
11801,28992.0,76283.0
11802,28650.0,77652.0
11803,28980.0,77000.0
11804,28962.0,77251.0
11805,29150.0,77308.0
11806,29321.0,77191.0
11807,29375.0,77328.0
11808,29372.0,77040.0
11809,29490.0,76912.0
11810,29606.0,77049.0
11811,29649.0,76917.0
11812,29954.0,77290.0
11813,29933.0,77320.0
11814,29946.0,77392.0
11815,29484.0,77667.0
11816,29943.0,77722.0
11817,30021.0,77491.0
11818,29354.0,77847.0
11819,29436.0,78180.0
11820,30190.0,77665.0
11821,30470.0,77431.0
11822,30190.0,77182.0
11823,30148.0,77140.0
11824,30086.0,77068.0
11825,30002.0,76977.0
11826,30534.0,77258.0
11827,30391.0,77119.0
11828,30404.0,77223.0
11829,30340.0,77218.0
11830,30252.0,76938.0
11831,30400.0,77040.0
11832,30091.0,77195.0
11833,29905.0,76913.0
11834,30037.0,77019.0
11835,30348.0,76806.0
11836,30488.0,76747.0
11837,30585.0,76746.0
11838,30719.0,76702.0
11839,30429.0,76689.0
11840,30454.0,76480.0
11841,30806.0,76442.0
11842,30822.0,76328.0
11843,31025.0,76268.0
11844,30988.0,76204.0
11845,31109.0,76852.0
11846,31144.0,76441.0
11847,31325.0,76413.0
11848,31267.0,76332.0
11849,31234.0,76648.0
11850,31520.0,76077.0
11851,31422.0,76107.0
11852,31439.0,76078.0
11853,31653.0,76117.0
11854,31689.0,76008.0
11855,31648.0,76208.0
11856,31802.0,76820.0
11857,31615.0,76862.0
11858,31735.0,76639.0
11859,31780.0,76559.0
11860,31878.0,76529.0
11861,32163.0,76614.0
11862,31771.0,76348.0
11863,32192.0,76506.0
11864,32201.0,76608.0
11865,32226.0,76591.0
11866,32172.0,76326.0
11867,32088.0,76201.0
11868,31858.0,76208.0
11869,32052.0,76141.0
11870,31968.0,76030.0
11871,31452.0,75965.0
11872,31307.0,75810.0
11873,31461.0,75735.0
11874,31391.0,75838.0
11875,31440.0,75863.0
11876,31611.0,75771.0
11877,30500.0,75528.0
11878,30440.0,75541.0
11879,30335.0,75627.0
11880,30300.0,75600.0
11881,30542.0,75705.0
11882,30418.0,75696.0
11883,30435.0,75797.0
11884,30721.0,75797.0
11885,30292.0,75790.0
11886,30228.0,75747.0
11887,30154.0,75822.0
11888,30363.0,75802.0
11889,30229.0,75840.0
11890,30080.0,75634.0
11891,30005.0,75665.0
11892,29981.0,75911.0
11893,30122.0,75837.0
11894,30052.0,75832.0
11895,29987.0,75948.0
11896,30238.0,75884.0
11897,30735.0,75990.0
11898,30852.0,76171.0
11899,30767.0,76037.0
11900,30618.0,76019.0
11901,30644.0,76065.0
11902,30468.0,76058.0
11903,30704.0,76286.0
11904,30621.0,76347.0
11905,30567.0,76291.0
11906,30324.0,76108.0
11907,30350.0,76250.0
11908,30430.0,76348.0
11909,30159.0,76269.0
11910,30250.0,76242.0
11911,30096.0,76156.0
11912,30098.0,76399.0
11913,30149.0,76484.0
11914,29878.0,76192.0
11915,29950.0,76471.0
11916,29979.0,76457.0
11917,29807.0,76319.0
11918,30249.0,75906.0
11919,30218.0,75976.0
11920,29900.0,76848.0
11921,29927.0,76701.0
11922,29712.0,76835.0
11923,29579.0,76775.0
11924,29448.0,76667.0
11925,29524.0,76852.0
11926,29563.0,76871.0
11927,29611.0,76792.0
11928,29190.0,76869.0
11929,29602.0,75294.0
11930,29256.0,75417.0
11931,29521.0,75639.0
11932,29506.0,75745.0
11933,29529.0,75771.0
11934,29636.0,75995.0
11935,29566.0,75992.0
11936,29480.0,75938.0
11937,29201.0,75619.0
11938,29778.0,75173.0
11939,30680.0,74825.0
11940,29706.0,75397.0
11941,29627.0,75320.0
11942,29749.0,75192.0
11943,29695.0,75130.0
11944,29513.0,75312.0
11945,29482.0,75327.0
11946,29366.0,75274.0
11947,29522.0,76079.0
11948,29464.0,76074.0
11949,28969.0,75619.0
11950,29220.0,75668.0
11951,29112.0,75759.0
11952,28632.0,75901.0
11953,28800.0,76120.0
11954,29257.0,75983.0
11955,29326.0,75972.0
11956,29252.0,75898.0
11957,29170.0,75950.0
11958,28988.0,75492.0
11959,28778.0,75551.0
11960,28611.0,75339.0
11961,28623.0,75240.0
11962,28398.0,75397.0
11963,28521.0,75295.0
11964,28051.0,75309.0
11965,27851.0,75249.0
11966,28033.0,74865.0
11967,27926.0,74459.0
11968,27902.0,74352.0
11969,27874.0,74825.0
11970,27910.0,74821.0
11971,27887.0,74871.0
11972,27902.0,74873.0
11973,27423.0,74401.0
11974,27358.0,74008.0
11975,28099.0,74088.0
11976,26970.0,73680.0
11977,26318.0,73538.0
11978,26018.0,74633.0
11979,26658.0,75081.0
11980,26933.0,75330.0
11981,27366.0,75310.0
11982,27819.0,75361.0
11983,27600.0,75540.0
11984,27668.0,75503.0
11985,26230.0,75162.0
11986,27051.0,75790.0
11987,27280.0,76130.0
11988,28361.0,76010.0
11989,28324.0,75988.0
11990,27710.0,76203.0
11991,30776.0,72788.0
11992,30442.0,72908.0
11993,29548.0,73478.0
11994,32211.0,76850.0
11995,32679.0,76765.0
11996,32908.0,76745.0
11997,32510.0,76804.0
11998,32625.0,76806.0
11999,32252.0,76793.0
12000,32791.0,75857.0
12001,33389.0,75519.0
12002,33292.0,75532.0
12003,33382.0,75451.0
12004,32595.0,76108.0
12005,31646.0,75236.0
12006,31571.0,75299.0
12007,31607.0,75357.0
12008,31680.0,75258.0
12009,31729.0,75314.0
12010,31774.0,75352.0
12011,31711.0,75307.0
12012,31730.0,75270.0
12013,31738.0,75252.0
12014,31032.0,75168.0
12015,31268.0,75197.0
12016,31165.0,75140.0
12017,31166.0,75034.0
12018,31067.0,74960.0
12019,30978.0,74901.0
12020,31018.0,74872.0
12021,31041.0,74843.0
12022,31089.0,74836.0
12023,31261.0,74951.0
12024,31389.0,74971.0
12025,31232.0,74789.0
12026,31174.0,74638.0
12027,31068.0,74770.0
12028,31356.0,74551.0
12029,31477.0,74696.0
12030,31360.0,74396.0
12031,31422.0,74497.0
12032,31690.0,74461.0
12033,31870.0,74501.0
12034,31992.0,74490.0
12035,32119.0,75121.0
12036,32135.0,75050.0
12037,32175.0,75184.0
12038,32252.0,75078.0
12039,32294.0,74667.0
12040,32394.0,74660.0
12041,32389.0,74519.0
12042,32530.0,74903.0
12043,32573.0,74598.0
12044,32888.0,74354.0
12045,32469.0,74489.0
12046,32851.0,74900.0
12047,33322.0,74978.0
12048,33476.0,74977.0
12049,33039.0,74888.0
12050,33034.0,75269.0
12051,31922.0,74193.0
12052,32281.0,74122.0
12053,31619.0,74232.0
12054,31792.0,74280.0
12055,31736.0,74351.0
12056,31480.0,74350.0
12057,31482.0,74293.0
12058,31460.0,74247.0
12059,31386.0,73777.0
12060,31463.0,73992.0
12061,31178.0,73982.0
12062,31249.0,74025.0
12063,31062.0,73991.0
12064,31123.0,73914.0
12065,31100.0,73860.0
12066,31240.0,73779.0
12067,31079.0,73772.0
12068,31173.0,73803.0
12069,30891.0,73761.0
12070,30673.0,73812.0
12071,30995.0,73767.0
12072,31027.0,73843.0
12073,30957.0,74059.0
12074,31022.0,73989.0
12075,30771.0,74072.0
12076,31410.0,74228.0
12077,31318.0,74409.0
12078,31288.0,74465.0
12079,31166.0,74409.0
12080,31031.0,74208.0
12081,30870.0,74300.0
12082,30976.0,74698.0
12083,30880.0,74853.0
12084,30792.0,74883.0
12085,30679.0,74866.0
12086,30625.0,74248.0
12087,30559.0,74190.0
12088,30459.0,74199.0
12089,30564.0,74321.0
12090,28799.0,74634.0
12091,28811.0,74590.0
12092,28455.0,74814.0
12093,28622.0,74702.0
12094,28958.0,74969.0
12095,29027.0,74529.0
12096,29146.0,74970.0
12097,29180.0,74941.0
12098,29161.0,74887.0
12099,29152.0,74639.0
12100,29229.0,74368.0
12101,29380.0,74874.0
12102,29609.0,74518.0
12103,29621.0,74574.0
12104,29512.0,74529.0
12105,29516.0,74367.0
12106,29730.0,74612.0
12107,28893.0,75217.0
12108,29092.0,74020.0
12109,27453.0,74183.0
12110,28934.0,76910.0
12111,28930.0,76887.0
12112,28951.0,76899.0
12113,33560.0,77080.0
12114,31727.0,75082.0
12115,31748.0,75001.0
12116,31747.0,74938.0
12117,31621.0,73801.0
12118,31212.0,74207.0
12119,31298.0,74210.0
12120,31238.0,74383.0
12121,31069.0,74150.0
12122,31028.0,74121.0
12123,31079.0,73989.0
12124,31337.0,73877.0
12125,31401.0,73870.0
12126,31439.0,73926.0
12127,30823.0,73897.0
12128,30820.0,73806.0
12129,30917.0,73762.0
12130,30744.0,73751.0
12131,30735.0,73699.0
12132,30782.0,73671.0
12133,31433.0,73253.0
12134,31262.0,73204.0
12135,31311.0,73159.0
12136,31815.0,72996.0
12137,31775.0,73074.0
12138,31630.0,73046.0
12139,31568.0,73488.0
12140,31615.0,73436.0
12141,31558.0,73310.0
12142,30860.0,76668.0
12143,29971.0,76197.0
12144,26957.0,73605.0
12145,26960.0,73599.0
12146,27089.0,73680.0
12147,27131.0,73768.0
12148,26927.0,73949.0
12149,26969.0,74128.0
12150,27636.0,74156.0
12151,27328.0,74045.0
12152,27382.0,74280.0
12153,25913.0,74813.0
12154,26148.0,74861.0
12155,26037.0,74918.0
12156,26798.0,74381.0
12157,26752.0,74532.0
12158,26562.0,74830.0
12159,26549.0,74947.0
12160,26965.0,75118.0
12161,26893.0,75146.0
12162,27030.0,75088.0
12163,27017.0,75188.0
12164,27438.0,74290.0
12165,27710.0,74712.0
12166,27359.0,75095.0
12167,27161.0,74843.0
12168,27221.0,74958.0
12169,27168.0,75001.0
12170,27228.0,75126.0
12171,27292.0,75107.0
12172,27307.0,75154.0
12173,28021.0,74408.0
12174,28138.0,74822.0
12175,28258.0,74803.0
12176,28250.0,74716.0
12177,28241.0,74639.0
12178,28066.0,75001.0
12179,28113.0,74918.0
12180,28124.0,74900.0
12181,28013.0,74973.0
12182,27800.0,74775.0
12183,27921.0,74977.0
12184,27804.0,74887.0
12185,27781.0,74923.0
12186,28182.0,75069.0
12187,26589.0,75232.0
12188,26680.0,75353.0
12189,26701.0,75460.0
12190,26744.0,75543.0
12191,26650.0,75640.0
12192,26588.0,75818.0
12193,26549.0,75799.0
12194,26530.0,75830.0
12195,26676.0,75820.0
12196,26962.0,75915.0
12197,26931.0,75665.0
12198,27119.0,75204.0
12199,27161.0,75204.0
12200,27199.0,75220.0
12201,27304.0,75176.0
12202,27223.0,75179.0
12203,27190.0,75398.0
12204,27169.0,75472.0
12205,27125.0,75703.0
12206,27382.0,75940.0
12207,27378.0,75545.0
12208,27382.0,75534.0
12209,27450.0,75501.0
12210,27548.0,75498.0
12211,27562.0,75473.0
12212,27579.0,75479.0
12213,27729.0,75457.0
12214,27708.0,75403.0
12215,27662.0,75372.0
12216,27612.0,75361.0
12217,27605.0,75371.0
12218,27435.0,75400.0
12219,27545.0,75421.0
12220,27346.0,75541.0
12221,27404.0,75673.0
12222,28052.0,75931.0
12223,27950.0,75690.0
12224,27890.0,75510.0
12225,27822.0,75555.0
12226,28741.0,75630.0
12227,28634.0,75628.0
12228,28623.0,75590.0
12229,28568.0,75576.0
12230,28620.0,75571.0
12231,28616.0,75566.0
12232,26911.0,76400.0
12233,27065.0,76402.0
12234,27189.0,76448.0
12235,27390.0,76407.0
12236,27243.0,76435.0
12237,27679.0,76028.0
12238,27835.0,76030.0
12239,27776.0,76692.0
12240,27641.0,75307.0
12241,27852.0,76542.0
12242,27919.0,76569.0
12243,28116.0,75932.0
12244,28242.0,74261.0
12245,28255.0,74268.0
12246,28268.0,74275.0
12247,28320.0,74191.0
12248,29007.0,74004.0
12249,29107.0,74064.0
12250,29149.0,74089.0
12251,29166.0,74097.0
12252,29185.0,74103.0
12253,28208.0,74548.0
12254,29172.0,74188.0
12255,29190.0,74148.0
12256,28196.0,74517.0
12257,28219.0,74474.0
12258,28281.0,74590.0
12259,28265.0,74498.0
12260,28273.0,74428.0
12261,28210.0,74391.0
12262,28385.0,74321.0
12263,28922.0,74547.0
12264,29109.0,74448.0
12265,29140.0,74423.0
12266,29164.0,74391.0
12267,29290.0,74663.0
12268,29297.0,74619.0
12269,29311.0,74665.0
12270,28114.0,74047.0
12271,28173.0,74210.0
12272,28139.0,74341.0
12273,27998.0,74450.0
12274,27661.0,74770.0
12275,27721.0,74849.0
12276,27358.0,74871.0
12277,27290.0,74890.0
12278,27120.0,74948.0
12279,26832.0,74994.0
12280,26855.0,74877.0
12281,26799.0,74839.0
12282,26702.0,74856.0
12283,26699.0,74922.0
12284,26670.0,74958.0
12285,26558.0,74922.0
12286,26352.0,74881.0
12287,26365.0,74941.0
12288,26408.0,75018.0
12289,26408.0,75054.0
12290,26620.0,75120.0
12291,26678.0,75172.0
12292,26891.0,75330.0
12293,27012.0,75238.0
12294,27069.0,75240.0
12295,27169.0,75249.0
12296,27240.0,75324.0
12297,27303.0,75388.0
12298,27244.0,75477.0
12299,27322.0,75689.0
12300,27414.0,75686.0
12301,27641.0,75720.0
12302,27969.0,75573.0
12303,28120.0,75842.0
12304,28008.0,75869.0
12305,27973.0,75955.0
12306,28013.0,76015.0
12307,28093.0,76176.0
12308,28218.0,76661.0
12309,28193.0,76630.0
12310,28228.0,76588.0
12311,28214.0,76569.0
12312,28470.0,76518.0
12313,28498.0,76534.0
12314,28579.0,76836.0
12315,28555.0,76873.0
12316,28582.0,76907.0
12317,28574.0,76937.0
12318,28580.0,76978.0
12319,28540.0,77025.0
12320,28662.0,77015.0
12321,28665.0,76930.0
12322,28721.0,76889.0
12323,29167.0,77032.0
12324,28867.0,76638.0
12325,28809.0,76401.0
12326,29188.0,76330.0
12327,29408.0,76420.0
12328,29373.0,76529.0
12329,29290.0,76550.0
12330,29172.0,76703.0
12331,29168.0,76886.0
12332,29121.0,76927.0
12333,28949.0,76965.0
12334,28935.0,77140.0
12335,29086.0,77153.0
12336,29135.0,77112.0
12337,29109.0,77077.0
12338,29182.0,76988.0
12339,29249.0,76957.0
12340,29280.0,76999.0
12341,29301.0,77016.0
12342,29279.0,77404.0
12343,29354.0,77439.0
12344,29422.0,77432.0
12345,29430.0,77331.0
12346,29529.0,77203.0
12347,29688.0,77112.0
12348,29698.0,77125.0
12349,29796.0,77110.0
12350,29980.0,77255.0
12351,30036.0,77291.0
12352,30162.0,77332.0
12353,30388.0,77375.0
12354,30700.0,77431.0
12355,30663.0,76819.0
12356,31695.0,76871.0
12357,31721.0,76875.0
12358,31644.0,77285.0
12359,32104.0,77370.0
12360,32121.0,77403.0
12361,32137.0,77440.0
12362,32148.0,77440.0
12363,32241.0,77402.0
12364,32736.0,77583.0
12365,33637.0,76900.0
12366,33569.0,76901.0
12367,33295.0,76965.0
12368,33110.0,76645.0
12369,33216.0,76597.0
12370,33171.0,76499.0
12371,33089.0,76489.0
12372,33071.0,76461.0
12373,33100.0,76394.0
12374,32764.0,76090.0
12375,32691.0,76010.0
12376,32599.0,75911.0
12377,32594.0,75908.0
12378,32532.0,75896.0
12379,32522.0,75916.0
12380,32520.0,75919.0
12381,32503.0,75923.0
12382,32168.0,75824.0
12383,32101.0,75669.0
12384,32132.0,75612.0
12385,32133.0,75557.0
12386,32063.0,75521.0
12387,32124.0,75430.0
12388,32092.0,75400.0
12389,31797.0,74654.0
12390,31797.0,74640.0
12391,31796.0,74562.0
12392,32490.0,74214.0
12393,31933.0,73943.0
12394,31993.0,73560.0
12395,31422.0,73405.0
12396,31364.0,73328.0
12397,31439.0,73297.0
12398,31551.0,73130.0
12399,31387.0,73035.0
12400,31345.0,72634.0
12401,30604.0,73050.0
12402,30781.0,72890.0
12403,30898.0,72788.0
12404,30809.0,72594.0
12405,30710.0,72452.0
12406,30838.0,72227.0
12407,30853.0,72180.0
12408,31046.0,71984.0
12409,31109.0,71918.0
12410,31121.0,71869.0
12411,30621.0,72317.0
12412,30588.0,72493.0
12413,30522.0,72656.0
12414,30411.0,72729.0
12415,30451.0,73007.0
12416,30321.0,72995.0
12417,30278.0,72991.0
12418,30216.0,73007.0
12419,30253.0,73056.0
12420,30260.0,73064.0
12421,30323.0,73149.0
12422,30264.0,73261.0
12423,30301.0,73365.0
12424,30003.0,73720.0
12425,29900.0,73702.0
12426,29500.0,73842.0
12427,29478.0,73902.0
12428,27388.0,76800.0
12429,27407.0,76833.0
12430,27504.0,76987.0
12431,27593.0,77041.0
12432,27622.0,77013.0
12433,27653.0,77002.0
12434,27760.0,77149.0
12435,27798.0,77200.0
12436,27715.0,77269.0
12437,27711.0,77265.0
12438,27622.0,77346.0
12439,27610.0,77355.0
12440,27571.0,77548.0
12441,27820.0,77485.0
12442,27902.0,77410.0
12443,27987.0,77372.0
12444,27942.0,77303.0
12445,27980.0,76921.0
12446,28036.0,76805.0
12447,27640.0,76638.0
12448,27590.0,76637.0
12449,27571.0,76525.0
12450,27542.0,76551.0
12451,27190.0,76563.0
12452,27370.0,76505.0
12453,27488.0,76516.0
12454,27562.0,76471.0
12455,27718.0,76350.0
12456,27848.0,76300.0
12457,27864.0,76303.0
12458,27988.0,76491.0
12459,28158.0,76960.0
12460,28189.0,77096.0
12461,28250.0,77238.0
12462,28351.0,77379.0
12463,28430.0,77480.0
12464,28287.0,77610.0
12465,28209.0,77778.0
12466,28117.0,77835.0
12467,32183.0,75836.0
12468,30525.0,74025.0
12469,30500.0,73950.0
12470,29332.0,74709.0
12471,29179.0,74262.0
12472,29185.0,74236.0
12473,29261.0,74392.0
12474,29240.0,74418.0
12475,29204.0,74444.0
12476,29323.0,74589.0
12477,29715.0,74571.0
12478,29705.0,74587.0
12479,29700.0,74599.0
12480,29730.0,74600.0
12481,29760.0,74608.0
12482,29650.0,74747.0
12483,29642.0,74716.0
12484,29316.0,74831.0
12485,29360.0,74860.0
12486,29451.0,74970.0
12487,29480.0,74986.0
12488,29508.0,75001.0
12489,29329.0,75207.0
12490,29344.0,75147.0
12491,29330.0,75139.0
12492,29341.0,75090.0
12493,28330.0,77960.0
12494,28361.0,77873.0
12495,28324.0,77728.0
12496,28406.0,77808.0
12497,28128.0,77835.0
12498,28179.0,77915.0
12499,28246.0,77849.0
12500,28017.0,77754.0
12501,28493.0,77774.0
12502,28482.0,77945.0
12503,28472.0,77766.0
12504,27420.0,76962.0
12505,27450.0,77040.0
12506,27621.0,77250.0
12507,27580.0,77286.0
12508,27608.0,77452.0
12509,27652.0,77391.0
12510,27621.0,77265.0
12511,27536.0,76977.0
12512,27602.0,76989.0
12513,27577.0,76951.0
12514,27535.0,76916.0
12515,27497.0,76901.0
12516,27518.0,76890.0
12517,27502.0,76868.0
12518,27715.0,76972.0
12519,27715.0,76916.0
12520,27731.0,76903.0
12521,27748.0,76893.0
12522,27621.0,76900.0
12523,27652.0,76882.0
12524,27655.0,76880.0
12525,27666.0,76872.0
12526,27718.0,77547.0
12527,27760.0,77498.0
12528,27974.0,77671.0
12529,27940.0,77641.0
12530,28063.0,77317.0
12531,27759.0,77229.0
12532,27928.0,77129.0
12533,27903.0,77101.0
12534,27874.0,77057.0
12535,27919.0,77011.0
12536,27791.0,76861.0
12537,28136.0,77163.0
12538,28237.0,77249.0
12539,28307.0,77316.0
12540,28213.0,76889.0
12541,28292.0,76871.0
12542,28313.0,76951.0
12543,28350.0,76997.0
12544,28340.0,77142.0
12545,28530.0,77418.0
12546,28500.0,77400.0
12547,28520.0,77359.0
12548,28520.0,77332.0
12549,28542.0,77358.0
12550,28720.0,77312.0
12551,28695.0,77269.0
12552,28738.0,77265.0
12553,28792.0,77224.0
12554,28660.0,77163.0
12555,28619.0,77069.0
12556,28728.0,76999.0
12557,28514.0,77034.0
12558,28481.0,76982.0
12559,28480.0,76885.0
12560,28865.0,77019.0
12561,28811.0,76970.0
12562,28588.0,76926.0
12563,29033.0,76876.0
12564,29058.0,76873.0
12565,29079.0,76859.0
12566,28920.0,77203.0
12567,28945.0,77186.0
12568,28931.0,77144.0
12569,29048.0,77024.0
12570,29305.0,76970.0
12571,29162.0,77092.0
12572,29194.0,77209.0
12573,29486.0,77240.0
12574,29437.0,77181.0
12575,29431.0,77090.0
12576,29459.0,77112.0
12577,29703.0,76999.0
12578,29668.0,76941.0
12579,29731.0,76944.0
12580,29689.0,76888.0
12581,27447.0,76819.0
12582,27500.0,76839.0
12583,27740.0,76800.0
12584,27775.0,76770.0
12585,27764.0,76752.0
12586,27848.0,76810.0
12587,28163.0,76794.0
12588,28069.0,76645.0
12589,28113.0,76681.0
12590,28180.0,76690.0
12591,28278.0,76579.0
12592,28306.0,76714.0
12593,28383.0,76818.0
12594,28987.0,76005.0
12595,29051.0,75981.0
12596,28979.0,76444.0
12597,28868.0,76300.0
12598,28550.0,76825.0
12599,28541.0,76758.0
12600,28662.0,76677.0
12601,28899.0,76717.0
12602,28942.0,76771.0
12603,29348.0,76746.0
12604,29309.0,76699.0
12605,29438.0,76672.0
12606,29388.0,76614.0
12607,29364.0,76584.0
12608,29362.0,76563.0
12609,29445.0,76617.0
12610,29488.0,76541.0
12611,29720.0,76404.0
12612,29635.0,76228.0
12613,29608.0,76207.0
12614,29535.0,76210.0
12615,29508.0,76177.0
12616,29370.0,76260.0
12617,29427.0,76219.0
12618,29427.0,76150.0
12619,29617.0,76110.0
12620,29632.0,76072.0
12621,29660.0,76023.0
12622,29701.0,76032.0
12623,29162.0,75989.0
12624,29299.0,76049.0
12625,29438.0,75990.0
12626,29722.0,76567.0
12627,29690.0,76525.0
12628,29580.0,76578.0
12629,29595.0,76598.0
12630,29681.0,76759.0
12631,29722.0,76725.0
12632,29619.0,76800.0
12633,29591.0,76766.0
12634,29941.0,76137.0
12635,29934.0,76201.0
12636,30019.0,76159.0
12637,30026.0,76107.0
12638,30048.0,76092.0
12639,30065.0,76114.0
12640,30091.0,76060.0
12641,29768.0,76466.0
12642,29860.0,76552.0
12643,29878.0,76568.0
12644,29881.0,76519.0
12645,29764.0,76694.0
12646,29799.0,76802.0
12647,29857.0,76614.0
12648,29886.0,76650.0
12649,29940.0,76691.0
12650,30031.0,76814.0
12651,30075.0,76779.0
12652,30130.0,76735.0
12653,30101.0,76701.0
12654,30035.0,76616.0
12655,30363.0,76457.0
12656,30378.0,76472.0
12657,30409.0,76513.0
12658,30349.0,76422.0
12659,30344.0,76432.0
12660,30300.0,76141.0
12661,30222.0,76059.0
12662,30299.0,76075.0
12663,30183.0,76001.0
12664,30321.0,76039.0
12665,30337.0,76026.0
12666,30377.0,75996.0
12667,30220.0,76001.0
12668,30448.0,76391.0
12669,30508.0,76351.0
12670,30522.0,76347.0
12671,30534.0,76342.0
12672,32757.0,77762.0
12673,30533.0,76334.0
12674,30559.0,76331.0
12675,30640.0,76333.0
12676,30599.0,76293.0
12677,30504.0,76291.0
12678,28850.0,75981.0
12679,28834.0,75963.0
12680,28873.0,75962.0
12681,29440.0,75931.0
12682,29428.0,75887.0
12683,29410.0,75838.0
12684,29507.0,75807.0
12685,29468.0,75855.0
12686,29431.0,75698.0
12687,29452.0,75701.0
12688,29445.0,75671.0
12689,29466.0,75656.0
12690,29483.0,75679.0
12691,29465.0,75626.0
12692,29539.0,75637.0
12693,29532.0,75668.0
12694,29540.0,75752.0
12695,29561.0,75705.0
12696,29701.0,75655.0
12697,29743.0,75656.0
12698,29638.0,75888.0
12699,29750.0,75928.0
12700,29939.0,75821.0
12701,30217.0,75690.0
12702,30232.0,75712.0
12703,30275.0,75770.0
12704,30113.0,75895.0
12705,30067.0,75852.0
12706,30084.0,75931.0
12707,30049.0,75940.0
12708,30010.0,75970.0
12709,30333.0,75822.0
12710,30407.0,75919.0
12711,30194.0,75880.0
12712,30229.0,75923.0
12713,30288.0,76003.0
12714,30685.0,75902.0
12715,30758.0,75846.0
12716,30716.0,75752.0
12717,30619.0,75846.0
12718,30551.0,75528.0
12719,30511.0,75548.0
12720,30454.0,75491.0
12721,30480.0,75541.0
12722,30455.0,75523.0
12723,30405.0,75494.0
12724,30431.0,75601.0
12725,30471.0,75655.0
12726,30598.0,75668.0
12727,30570.0,75738.0
12728,30475.0,75660.0
12729,30402.0,75703.0
12730,30398.0,75694.0
12731,30478.0,75863.0
12732,30404.0,75808.0
12733,30575.0,75868.0
12734,30597.0,75899.0
12735,30562.0,75883.0
12736,30568.0,75944.0
12737,30529.0,75947.0
12738,30496.0,75975.0
12739,30461.0,75930.0
12740,30436.0,75896.0
12741,29664.0,78868.0
12742,29741.0,78864.0
12743,29746.0,78896.0
12744,29865.0,79054.0
12745,29879.0,78954.0
12746,29958.0,79012.0
12747,29891.0,78779.0
12748,30078.0,79012.0
12749,30309.0,79052.0
12750,30185.0,78858.0
12751,30459.0,78982.0
12752,30541.0,78889.0
12753,30644.0,78597.0
12754,28554.0,77979.0
12755,28561.0,77988.0
12756,28583.0,77957.0
12757,28643.0,78007.0
12758,28668.0,78000.0
12759,28740.0,78110.0
12760,28791.0,78002.0
12761,28861.0,78010.0
12762,28567.0,77969.0
12763,28931.0,77981.0
12764,29026.0,77937.0
12765,28990.0,78351.0
12766,29367.0,78489.0
12767,29434.0,78531.0
12768,29623.0,78475.0
12769,29698.0,78483.0
12770,29710.0,78487.0
12771,29748.0,78552.0
12772,29731.0,78421.0
12773,29650.0,78098.0
12774,29527.0,78081.0
12775,29155.0,78044.0
12776,29418.0,78084.0
12777,29291.0,77948.0
12778,29422.0,77751.0
12779,29371.0,77815.0
12780,29329.0,77779.0
12781,29655.0,77969.0
12782,29539.0,77843.0
12783,29451.0,77718.0
12784,29511.0,77746.0
12785,29497.0,77710.0
12786,29611.0,77766.0
12787,29640.0,77742.0
12788,29709.0,77707.0
12789,29735.0,77990.0
12790,29748.0,77923.0
12791,29840.0,78373.0
12792,29791.0,78047.0
12793,29867.0,78149.0
12794,29902.0,77929.0
12795,29946.0,77881.0
12796,29773.0,77862.0
12797,29799.0,77841.0
12798,29830.0,77815.0
12799,29812.0,77804.0
12800,29811.0,77699.0
12801,30511.0,78043.0
12802,30540.0,78030.0
12803,30644.0,78069.0
12804,30870.0,77840.0
12805,30889.0,77750.0
12806,29255.0,77698.0
12807,29227.0,77673.0
12808,29437.0,77654.0
12809,29418.0,77643.0
12810,29594.0,77676.0
12811,29572.0,77651.0
12812,29638.0,77639.0
12813,29581.0,77608.0
12814,29711.0,77702.0
12815,29758.0,77665.0
12816,29693.0,77593.0
12817,29701.0,77441.0
12818,29638.0,77392.0
12819,29583.0,77322.0
12820,29532.0,77390.0
12821,29641.0,77253.0
12822,29832.0,77602.0
12823,29871.0,77521.0
12824,29861.0,77460.0
12825,30070.0,77393.0
12826,30009.0,77230.0
12827,29858.0,77176.0
12828,30200.0,77524.0
12829,30302.0,77659.0
12830,30365.0,77561.0
12831,30858.0,76976.0
12832,30908.0,76893.0
12833,30855.0,77076.0
12834,30920.0,77062.0
12835,30885.0,77109.0
12836,31081.0,77514.0
12837,30925.0,77639.0
12838,30922.0,77587.0
12839,30899.0,77520.0
12840,30840.0,77565.0
12841,30771.0,77616.0
12842,30514.0,77489.0
12843,30656.0,77379.0
12844,31328.0,77261.0
12845,31321.0,77312.0
12846,31270.0,77481.0
12847,31381.0,77410.0
12848,31129.0,77478.0
12849,31242.0,77616.0
12850,30637.0,76386.0
12851,30664.0,76419.0
12852,30685.0,76432.0
12853,30830.0,76296.0
12854,30937.0,76343.0
12855,30880.0,76286.0
12856,30846.0,76391.0
12857,30759.0,76378.0
12858,30960.0,76187.0
12859,30911.0,76124.0
12860,31063.0,76487.0
12861,31007.0,76555.0
12862,31050.0,76558.0
12863,30945.0,76812.0
12864,31080.0,76741.0
12865,31375.0,76745.0
12866,31480.0,76749.0
12867,31609.0,76821.0
12868,31681.0,76604.0
12869,31713.0,76509.0
12870,31625.0,76465.0
12871,31553.0,76590.0
12872,31461.0,76622.0
12873,31166.0,76564.0
12874,31204.0,76547.0
12875,31325.0,76552.0
12876,31165.0,76462.0
12877,31539.0,76213.0
12878,31578.0,76208.0
12879,31613.0,76179.0
12880,31661.0,76026.0
12881,31491.0,76167.0
12882,31340.0,76296.0
12883,31335.0,76320.0
12884,31122.0,76218.0
12885,31161.0,76185.0
12886,31571.0,76031.0
12887,31111.0,76041.0
12888,31196.0,76004.0
12889,32012.0,76378.0
12890,32169.0,76408.0
12891,32271.0,76357.0
12892,32380.0,76280.0
12893,32285.0,76166.0
12894,31760.0,76814.0
12895,31213.0,75571.0
12896,31277.0,75831.0
12897,31286.0,75825.0
12898,31521.0,75689.0
12899,31517.0,75759.0
12900,31551.0,75762.0
12901,31585.0,75916.0
12902,31644.0,75938.0
12903,31579.0,75969.0
12904,31715.0,75980.0
12905,31903.0,75831.0
12906,31870.0,75798.0
12907,31835.0,75878.0
12908,31831.0,75839.0
12909,31829.0,75796.0
12910,27341.0,74030.0
12911,27231.0,74063.0
12912,27233.0,74057.0
12913,27329.0,74096.0
12914,27331.0,74080.0
12915,32834.0,77619.0
12916,32859.0,77668.0
12917,32850.0,77648.0
12918,33005.0,77602.0
12919,32950.0,77549.0
12920,32926.0,77530.0
12921,32968.0,77504.0
12922,32914.0,77470.0
12923,32600.0,76900.0
12924,33043.0,77072.0
12925,32482.0,76923.0
12926,32505.0,76911.0
12927,32521.0,76907.0
12928,33068.0,77237.0
12929,33200.0,77000.0
12930,33369.0,76973.0
12931,33528.0,76991.0
12932,33568.0,76990.0
12933,33613.0,76998.0
12934,33611.0,76959.0
12935,33596.0,76962.0
12936,33579.0,76967.0
12937,33627.0,76903.0
12938,33599.0,77017.0
12939,33738.0,77002.0
12940,33771.0,77012.0
12941,33790.0,76968.0
12942,33783.0,76919.0
12943,33736.0,76951.0
12944,33732.0,76923.0
12945,32216.0,76800.0
12946,32204.0,76785.0
12947,32198.0,76775.0
12948,32189.0,76764.0
12949,32192.0,76740.0
12950,32251.0,76693.0
12951,32276.0,76674.0
12952,32247.0,76760.0
12953,32253.0,76769.0
12954,32251.0,76735.0
12955,32318.0,76728.0
12956,32368.0,76660.0
12957,32365.0,76655.0
12958,32359.0,76640.0
12959,32389.0,76649.0
12960,32376.0,76644.0
12961,32395.0,76639.0
12962,32385.0,76632.0
12963,32389.0,76627.0
12964,32391.0,76620.0
12965,32374.0,76614.0
12966,32398.0,76602.0
12967,32380.0,76597.0
12968,32379.0,76549.0
12969,32382.0,76558.0
12970,32399.0,76569.0
12971,32403.0,76583.0
12972,32407.0,76570.0
12973,32411.0,76544.0
12974,32425.0,76576.0
12975,32442.0,76583.0
12976,32432.0,76644.0
12977,32449.0,76620.0
12978,32510.0,76641.0
12979,32519.0,76628.0
12980,32535.0,76605.0
12981,32566.0,76633.0
12982,32552.0,76563.0
12983,32519.0,76459.0
12984,32511.0,76446.0
12985,32591.0,76401.0
12986,32440.0,76528.0
12987,32474.0,76508.0
12988,32493.0,76499.0
12989,32530.0,76479.0
12990,32631.0,76428.0
12991,32545.0,76747.0
12992,32534.0,76717.0
12993,32532.0,76707.0
12994,32559.0,76661.0
12995,32589.0,76680.0
12996,32709.0,76611.0
12997,32807.0,76812.0
12998,32819.0,76744.0
12999,32719.0,76750.0
13000,32821.0,76695.0
13001,32821.0,76717.0
13002,32748.0,76513.0
13003,32692.0,76453.0
13004,32688.0,76431.0
13005,32683.0,76410.0
13006,32762.0,76391.0
13007,32788.0,76428.0
13008,32835.0,76430.0
13009,32800.0,76354.0
13010,32798.0,76340.0
13011,32797.0,76331.0
13012,32801.0,76289.0
13013,32911.0,76310.0
13014,32576.0,76138.0
13015,31302.0,75322.0
13016,31341.0,75279.0
13017,31398.0,75209.0
13018,31350.0,75150.0
13019,31455.0,74370.0
13020,31590.0,74323.0
13021,31600.0,74270.0
13022,29189.0,78341.0
13023,29151.0,78234.0
13024,29109.0,78179.0
13025,29283.0,78013.0
13026,29387.0,78143.0
13027,29335.0,78209.0
13028,30764.0,74741.0
13029,30760.0,74671.0
13030,30737.0,74638.0
13031,30621.0,74619.0
13032,30682.0,74613.0
13033,30675.0,74640.0
13034,30681.0,74650.0
13035,30708.0,74643.0
13036,30707.0,74614.0
13037,30775.0,74600.0
13038,30883.0,74544.0
13039,30921.0,74518.0
13040,30953.0,74451.0
13041,30811.0,74522.0
13042,30801.0,74574.0
13043,30743.0,74589.0
13044,30738.0,74572.0
13045,30719.0,74530.0
13046,30712.0,74532.0
13047,30551.0,74591.0
13048,30570.0,74601.0
13049,30597.0,74555.0
13050,30571.0,74500.0
13051,30581.0,74484.0
13052,30629.0,74486.0
13053,30612.0,74518.0
13054,30600.0,74561.0
13055,30631.0,74549.0
13056,30632.0,74538.0
13057,30635.0,74527.0
13058,30689.0,74530.0
13059,30671.0,74523.0
13060,30686.0,74525.0
13061,30681.0,74510.0
13062,30680.0,74508.0
13063,30684.0,74500.0
13064,30679.0,74481.0
13065,30646.0,74459.0
13066,30711.0,74499.0
13067,30756.0,74497.0
13068,30800.0,74467.0
13069,30809.0,74441.0
13070,30827.0,74416.0
13071,30852.0,74386.0
13072,30819.0,74400.0
13073,30735.0,74405.0
13074,30728.0,74419.0
13075,30720.0,74428.0
13076,30716.0,74431.0
13077,30710.0,74405.0
13078,30695.0,74394.0
13079,30704.0,74381.0
13080,30753.0,74380.0
13081,30778.0,74366.0
13082,30793.0,74356.0
13083,30673.0,74354.0
13084,30651.0,74337.0
13085,30638.0,74324.0
13086,30631.0,74320.0
13087,30641.0,74298.0
13088,30622.0,74331.0
13089,30599.0,74328.0
13090,30630.0,74379.0
13091,30672.0,74273.0
13092,30731.0,74284.0
13093,30735.0,74286.0
13094,30744.0,74275.0
13095,30773.0,74299.0
13096,30741.0,74291.0
13097,30728.0,74322.0
13098,30786.0,74309.0
13099,30811.0,74279.0
13100,30821.0,74305.0
13101,30836.0,74343.0
13102,30821.0,74349.0
13103,30813.0,74366.0
13104,30812.0,74345.0
13105,30846.0,74300.0
13106,30901.0,74310.0
13107,30906.0,74356.0
13108,30895.0,74409.0
13109,30981.0,74671.0
13110,31032.0,74547.0
13111,31000.0,74550.0
13112,30992.0,74527.0
13113,30981.0,74450.0
13114,30983.0,74428.0
13115,30985.0,74406.0
13116,31005.0,74392.0
13117,31037.0,74366.0
13118,31024.0,74448.0
13119,31081.0,74675.0
13120,31128.0,74696.0
13121,31141.0,74677.0
13122,31111.0,74588.0
13123,31159.0,74581.0
13124,31100.0,74547.0
13125,31091.0,74557.0
13126,31118.0,74461.0
13127,31100.0,74400.0
13128,31083.0,74384.0
13129,31250.0,74510.0
13130,31279.0,74505.0
13131,31292.0,74467.0
13132,31289.0,74422.0
13133,31307.0,74380.0
13134,31335.0,74348.0
13135,31343.0,74331.0
13136,31321.0,74290.0
13137,31409.0,74260.0
13138,31440.0,74294.0
13139,31381.0,74338.0
13140,31391.0,74344.0
13141,31400.0,74359.0
13142,31148.0,74299.0
13143,31088.0,74351.0
13144,31089.0,74299.0
13145,31085.0,74271.0
13146,31170.0,74209.0
13147,31155.0,74216.0
13148,31073.0,74222.0
13149,31098.0,74190.0
13150,31052.0,74182.0
13151,31079.0,74081.0
13152,31090.0,74071.0
13153,31121.0,74061.0
13154,31100.0,73985.0
13155,31179.0,73953.0
13156,31182.0,73939.0
13157,31139.0,73910.0
13158,31322.0,73903.0
13159,31412.0,73971.0
13160,31290.0,73734.0
13161,31353.0,73808.0
13162,31380.0,73790.0
13163,31383.0,73789.0
13164,31499.0,73808.0
13165,31501.0,73742.0
13166,31431.0,73766.0
13167,31183.0,73799.0
13168,31123.0,73784.0
13169,31441.0,73678.0
13170,31405.0,73675.0
13171,31378.0,73599.0
13172,30562.0,74200.0
13173,30573.0,74208.0
13174,30663.0,74190.0
13175,30701.0,74210.0
13176,30722.0,74220.0
13177,30744.0,74232.0
13178,30767.0,74247.0
13179,30780.0,74227.0
13180,30788.0,74218.0
13181,30668.0,74118.0
13182,30645.0,74107.0
13183,30649.0,74086.0
13184,30611.0,74050.0
13185,30631.0,74024.0
13186,30663.0,74050.0
13187,30721.0,74111.0
13188,30722.0,74097.0
13189,30728.0,74056.0
13190,30762.0,74108.0
13191,30820.0,74150.0
13192,30802.0,74168.0
13193,30780.0,74195.0
13194,30800.0,74248.0
13195,30833.0,74198.0
13196,30850.0,74166.0
13197,30860.0,74144.0
13198,30880.0,74170.0
13199,30878.0,74108.0
13200,30930.0,74038.0
13201,30889.0,74181.0
13202,30888.0,74191.0
13203,30953.0,74207.0
13204,30969.0,74221.0
13205,31030.0,74240.0
13206,30957.0,74181.0
13207,30966.0,74158.0
13208,31000.0,74147.0
13209,31010.0,74070.0
13210,30951.0,74027.0
13211,30967.0,73990.0
13212,30968.0,73946.0
13213,30984.0,73959.0
13214,31001.0,73972.0
13215,31012.0,73919.0
13216,30992.0,73877.0
13217,31038.0,73889.0
13218,31077.0,73879.0
13219,31069.0,73850.0
13220,31062.0,73838.0
13221,31031.0,73791.0
13222,30843.0,73883.0
13223,30921.0,73803.0
13224,30928.0,73763.0
13225,30702.0,73809.0
13226,30765.0,73752.0
13227,30891.0,73745.0
13228,30871.0,73672.0
13229,30878.0,73648.0
13230,30895.0,73561.0
13231,31611.0,73295.0
13232,31700.0,73268.0
13233,31795.0,73234.0
13234,30593.0,74256.0
13235,30611.0,74288.0
13236,30525.0,74311.0
13237,30480.0,74359.0
13238,30526.0,74330.0
13239,30468.0,74368.0
13240,30458.0,74381.0
13241,30458.0,74412.0
13242,30440.0,74430.0
13243,30428.0,74440.0
13244,30409.0,74410.0
13245,30429.0,74400.0
13246,30678.0,74397.0
13247,30631.0,74438.0
13248,30620.0,74429.0
13249,30585.0,74441.0
13250,30567.0,74432.0
13251,30502.0,74470.0
13252,30499.0,74448.0
13253,30480.0,74550.0
13254,30461.0,74550.0
13255,30421.0,74551.0
13256,30421.0,74587.0
13257,30425.0,74586.0
13258,30480.0,74586.0
13259,30510.0,74588.0
13260,30420.0,74621.0
13261,30565.0,74638.0
13262,30471.0,74793.0
13263,30456.0,74797.0
13264,30421.0,74686.0
13265,30418.0,74646.0
13266,30419.0,74636.0
13267,30250.0,73750.0
13268,30272.0,73717.0
13269,30259.0,73859.0
13270,30352.0,74111.0
13271,30392.0,74077.0
13272,30289.0,74093.0
13273,30259.0,74040.0
13274,30148.0,74238.0
13275,30164.0,74182.0
13276,30145.0,74191.0
13277,30119.0,74201.0
13278,30080.0,74202.0
13279,29977.0,75167.0
13280,30181.0,75121.0
13281,30799.0,75769.0
13282,30806.0,75748.0
13283,31091.0,75799.0
13284,31050.0,76018.0
13285,30467.0,75058.0
13286,30413.0,75055.0
13287,29808.0,74590.0
13288,29836.0,74558.0
13289,30213.0,74512.0
13290,30228.0,74510.0
13291,30223.0,74660.0
13292,30219.0,74652.0
13293,30190.0,74620.0
13294,30193.0,74623.0
13295,30209.0,74909.0
13296,30190.0,74912.0
13297,30384.0,74981.0
13298,30371.0,75064.0
13299,30350.0,75067.0
13300,30323.0,75071.0
13301,30311.0,75072.0
13302,32551.0,76389.0
13303,32624.0,76390.0
13304,32630.0,76394.0
13305,32630.0,76400.0
13306,32624.0,76400.0
13307,32618.0,76395.0
13308,32618.0,76398.0
13309,32655.0,76307.0
13310,32679.0,76404.0
13311,32700.0,76402.0
13312,32721.0,76419.0
13313,32700.0,76418.0
13314,32718.0,76411.0
13315,32700.0,76411.0
13316,32695.0,76405.0
13317,32710.0,76402.0
13318,30268.0,74488.0
13319,30280.0,74796.0
13320,30282.0,74797.0
13321,30282.0,74812.0
13322,31590.0,76711.0
13323,29276.0,75843.0
13324,29290.0,75819.0
13325,31239.0,73812.0
13326,30528.0,74340.0
13327,30831.0,74978.0
13328,28200.0,74406.0
13329,28841.0,76262.0
13330,30018.0,74374.0
13331,32628.0,76370.0
13332,32631.0,76373.0
13333,30964.0,74891.0
13334,31067.0,74701.0
13335,31165.0,74703.0
13336,31257.0,74567.0
13337,31359.0,74390.0
13338,30597.0,73838.0
13339,30722.0,73645.0
13340,30986.0,73228.0
13341,28858.0,74546.0
13342,28841.0,74545.0
13343,28850.0,74548.0
13344,28852.0,74559.0
13345,30539.0,74160.0
13346,30534.0,74150.0
13347,30575.0,74256.0
13348,30519.0,74281.0
13349,30524.0,74235.0
13350,30525.0,74224.0
13351,30533.0,74189.0
13352,30532.0,74193.0
13353,30522.0,74288.0
13354,30536.0,74263.0
13355,30513.0,74252.0
13356,30558.0,74225.0
13357,30574.0,74249.0
13358,30475.0,74100.0
13359,30540.0,73832.0
13360,30569.0,73850.0
13361,30402.0,73968.0
13362,30459.0,73961.0
13363,30403.0,73953.0
13364,30457.0,73928.0
13365,30521.0,74031.0
13366,30495.0,73947.0
13367,30500.0,74061.0
13368,30608.0,74003.0
13369,30476.0,73937.0
13370,30470.0,73902.0
13371,30465.0,73885.0
13372,30531.0,73940.0
13373,30562.0,73980.0
13374,30558.0,73930.0
13375,30530.0,73949.0
13376,30588.0,73900.0
13377,30575.0,73930.0
13378,30590.0,73910.0
13379,30535.0,73913.0
13380,30505.0,73825.0
13381,30540.0,73855.0
13382,30551.0,73730.0
13383,30485.0,73670.0
13384,30600.0,73982.0
13385,30590.0,73995.0
13386,30525.0,74003.0
13387,30485.0,74000.0
13388,30452.0,74157.0
13389,30440.0,74151.0
